timestamp,actual,seasonal_naive,ridge,random_forest,hist_gradient_boosting,xgboost,lstm
2025-05-26 19:00:00,1407.0,1490.0,1462.110439909125,1376.781357142856,1363.0323273046722,1340.0734,1443.958
2025-05-26 20:00:00,1224.0,1202.0,1251.0570746547455,1102.8411785714288,1141.4321121074315,1151.9727,1054.9722
2025-05-26 21:00:00,781.0,953.0,907.7733350095925,738.7301230158728,748.0881017998347,762.5744,704.4153
2025-05-26 22:00:00,546.0,711.0,640.3873361351499,526.5277023809523,554.4339110309356,551.1847,474.10516
2025-05-26 23:00:00,287.0,516.0,297.6461959433325,256.0820952380951,262.51963585396686,275.47086,323.34174
2025-05-27 00:00:00,165.0,321.0,301.30369892880606,138.0343194444444,154.83246604120234,162.55714,175.94315
2025-05-27 01:00:00,73.0,199.0,103.30980532148055,58.87917261904764,59.979806197503635,64.64384,70.86005
2025-05-27 02:00:00,50.0,114.0,30.95389480247684,36.928396825396824,36.03900922374944,38.430622,27.561157
2025-05-27 03:00:00,24.0,70.0,0.0,23.777734848484847,22.081071685994274,28.35195,29.283936
2025-05-27 04:00:00,41.0,56.0,0.0,43.01195346320347,41.158115198123696,44.769962,47.38983
2025-05-27 05:00:00,164.0,82.0,105.55084778623325,162.548246031746,162.74862145092487,160.61763,199.82077
2025-05-27 06:00:00,474.0,141.0,451.6916731852102,448.1354583333333,436.2167792604397,440.3381,503.8529
2025-05-27 07:00:00,1106.0,309.0,913.6928883071238,1083.0089583333338,1036.8119780265624,1059.011,1127.3762
2025-05-27 08:00:00,1660.0,402.0,1274.4241878522716,1704.2220912698415,1716.142120444843,1724.0497,1720.968
2025-05-27 09:00:00,979.0,765.0,1196.4022849646262,932.2258869047622,914.963695502185,942.4716,979.8462
2025-05-27 10:00:00,668.0,952.0,869.3439708045797,653.0253988095238,635.625879019136,624.10004,640.1803
2025-05-27 11:00:00,734.0,1183.0,885.3496581606755,778.7908181818182,744.4771444550329,768.7412,735.44775
2025-05-27 12:00:00,847.0,1480.0,994.0501464423553,808.8554166666668,829.7927589905929,843.02045,902.24365
2025-05-27 13:00:00,731.0,1679.0,965.8706301309944,733.9952043650799,722.4784887620119,742.88055,908.55865
2025-05-27 14:00:00,720.0,1705.0,966.8896496132694,769.1822698412699,740.9681828375336,749.5789,946.072
2025-05-27 15:00:00,1221.0,1888.0,1230.6107457467958,1087.7052420634925,1110.2015484937083,1121.884,1222.3514
2025-05-27 16:00:00,1655.0,1812.0,1493.167063637643,1646.3143214285715,1640.35973203659,1629.6581,1580.0315
2025-05-27 17:00:00,2055.0,1875.0,1706.037701849074,1970.5486607142866,2092.633474582943,2018.9332,2398.6494
2025-05-27 18:00:00,1815.0,1668.0,1752.3856246847988,1903.7747837301586,1898.8012808124604,1897.4718,2008.2114
2025-05-27 19:00:00,1401.0,1407.0,1464.1489025571,1400.1347173520917,1375.6277725278217,1419.0964,1252.9866
2025-05-27 20:00:00,956.0,1224.0,1068.374295809573,886.0723174603177,854.1261709492762,879.2301,969.5735
2025-05-27 21:00:00,589.0,781.0,701.4027348664897,585.7908333333331,555.9450438845108,602.4391,651.68225
2025-05-27 22:00:00,431.0,546.0,448.79510476920814,397.11869642857147,397.1912073074409,401.383,392.11926
2025-05-27 23:00:00,213.0,287.0,173.50477389316848,210.60394246031757,213.47670127354553,227.02373,229.46204
2025-05-28 00:00:00,69.0,165.0,122.1645058933151,78.7899769119769,81.88893023582027,79.19916,111.86398
2025-05-28 01:00:00,43.0,73.0,14.0924339754838,36.2027361111111,38.64384876627687,37.744366,31.637817
2025-05-28 02:00:00,20.0,50.0,0.0,13.923684523809525,17.747793616632983,19.610315,23.37378
2025-05-28 03:00:00,11.0,24.0,0.0,9.785672619047617,12.761879860876663,14.76875,16.08319
2025-05-28 04:00:00,17.0,41.0,0.0,22.995605699855695,25.27011325486858,27.25147,17.817505
2025-05-28 05:00:00,62.0,164.0,0.0,57.90045238095242,61.38044297250371,58.4176,90.796265
2025-05-28 06:00:00,168.0,474.0,165.7362881505971,161.94587698412693,164.37067377428897,157.52196,207.21484
2025-05-28 07:00:00,288.0,1106.0,464.0347949580513,287.13846915584406,287.70094776434576,297.76892,463.08997
2025-05-28 08:00:00,475.0,1660.0,749.7327725633992,444.2501904761904,482.7175592290921,463.1526,682.4985
2025-05-28 09:00:00,193.0,979.0,321.4396870290526,208.85927976190476,209.90595973005586,209.39232,296.06738
2025-05-28 10:00:00,141.0,668.0,59.254744481134026,136.83763492063488,117.06776261235626,127.359825,164.81061
2025-05-28 11:00:00,210.0,734.0,174.47288862924376,212.51579166666662,210.52114132774085,210.66452,271.25458
2025-05-28 12:00:00,255.0,847.0,208.45159316400634,229.0337738095238,237.82883761843473,235.56352,360.1175
2025-05-28 13:00:00,355.0,731.0,257.69223300472515,301.5443452380953,312.74738379238056,299.11743,290.10855
2025-05-28 14:00:00,369.0,720.0,334.47488478040725,401.77716071428586,373.03241410098184,364.6221,377.0031
2025-05-28 15:00:00,571.0,1221.0,607.1207938184303,538.5839107142857,547.1392848658277,534.5145,491.8329
2025-05-28 16:00:00,687.0,1655.0,904.0173242488215,701.7249087301585,724.250047240853,707.8806,735.9691
2025-05-28 17:00:00,971.0,2055.0,1183.1233025650288,1047.8012301587305,1110.1642050292487,1122.8237,1122.8384
2025-05-28 18:00:00,878.0,1815.0,1187.5762879560898,945.1571845238097,949.0877257654919,979.9512,902.5211
2025-05-28 19:00:00,894.0,1401.0,1032.3162310725497,807.0346785714282,814.9006393460786,848.1234,612.9848
2025-05-28 20:00:00,765.0,956.0,857.6482621209647,702.7443928571428,695.4558488457194,707.45856,569.7998
2025-05-28 21:00:00,631.0,589.0,678.3703093703133,551.1680019841269,566.9835917411706,577.57837,545.2834
2025-05-28 22:00:00,589.0,431.0,599.311602990592,518.2353849206347,523.7605202866271,514.09906,446.1391
2025-05-28 23:00:00,357.0,213.0,394.4755698509895,332.191003968254,364.5757207862219,367.9998,309.23004
2025-05-29 00:00:00,160.0,69.0,295.8166713866068,134.64701190476188,155.72092519895648,160.4104,167.6438
2025-05-29 01:00:00,71.0,43.0,95.40217581830734,52.62538690476191,57.31903458691736,52.7364,80.17041
2025-05-29 02:00:00,48.0,20.0,45.13796287450566,35.57353571428572,39.02598216765992,34.86419,32.26526
2025-05-29 03:00:00,28.0,11.0,4.265188442361136,30.948130952380954,34.30306313384343,29.20473,19.48993
2025-05-29 04:00:00,51.0,17.0,0.0,42.10948809523809,43.31972346900664,43.12829,35.73175
2025-05-29 05:00:00,169.0,62.0,147.5780014452759,149.35558928571427,155.9066282617711,151.0689,126.904755
2025-05-29 06:00:00,437.0,168.0,481.0994970135142,399.6861408730159,411.63453249144106,411.939,389.96362
2025-05-29 07:00:00,1093.0,288.0,911.4706017755591,983.3387023809529,969.0184558206353,976.83044,963.3993
2025-05-29 08:00:00,1705.0,475.0,1325.3975844069287,1728.6772003968247,1715.3643719885085,1652.1843,1744.2416
2025-05-29 09:00:00,1099.0,193.0,1215.6295628305402,1005.5466388888891,1066.1000431521359,1083.1809,1089.1678
2025-05-29 10:00:00,646.0,141.0,766.618099522743,655.4673591269842,660.6711694842321,640.8265,735.5828
2025-05-29 11:00:00,815.0,210.0,686.8384700512047,700.5744166666668,706.6633404324533,710.936,839.8286
2025-05-29 12:00:00,903.0,255.0,811.0651412330201,926.1684543650797,928.6981684542584,902.5342,943.64966
2025-05-29 13:00:00,1014.0,355.0,902.4623493150311,999.0924940476191,997.0605666245202,1004.29865,996.49646
2025-05-29 14:00:00,1088.0,369.0,965.9539519591216,1119.3342440476185,1114.5510651229527,1097.9337,1172.2516
2025-05-29 15:00:00,1619.0,571.0,1186.0132322190568,1515.8406073232325,1479.947132659649,1516.427,1551.1805
2025-05-29 16:00:00,2016.0,687.0,1468.3825515702288,2046.3531507936507,1992.5603307623253,1998.8864,1840.7128
2025-05-29 17:00:00,2609.0,971.0,1764.7369571235008,2576.0912738095226,2546.1975814246225,2428.3977,2683.808
2025-05-29 18:00:00,2402.0,878.0,1851.6997325545276,2353.9470753968258,2335.1467748902,2331.169,2378.583
2025-05-29 19:00:00,1967.0,894.0,1651.7050510629695,1861.183069444444,1783.217297749607,1850.9293,1742.2701
2025-05-29 20:00:00,1463.0,765.0,1428.411087754766,1492.4464285714287,1543.0171425928486,1515.8413,1407.4521
2025-05-29 21:00:00,1023.0,631.0,1022.1863884543836,1028.1041190476192,1031.5738309086398,1000.5954,1222.9355
2025-05-29 22:00:00,731.0,589.0,774.0107433663447,762.2093809523809,784.1783299974784,787.1246,857.663
2025-05-29 23:00:00,431.0,357.0,399.33938257198565,385.74301587301585,390.39365227305086,395.39203,520.6311
2025-05-30 00:00:00,206.0,160.0,282.92457018311444,197.3624424603174,202.24764399622,210.00026,207.03381
2025-05-30 01:00:00,106.0,71.0,30.61185049745427,78.90875865800868,82.60230830704936,79.883354,121.22183
2025-05-30 02:00:00,60.0,48.0,0.0,52.11408333333334,60.4079083452136,63.080647,47.353638
2025-05-30 03:00:00,29.0,28.0,0.0,29.23520833333334,33.864778357275675,31.218391,102.53729
2025-05-30 04:00:00,56.0,51.0,0.0,52.68736309523808,52.52737092427426,51.15199,16.597107
2025-05-30 05:00:00,143.0,169.0,42.94688241564904,147.3146626984127,143.13419762562475,138.03307,136.9259
2025-05-30 06:00:00,378.0,437.0,360.6536640616494,365.33749999999986,355.44117708438284,352.82684,344.01575
2025-05-30 07:00:00,897.0,1093.0,974.8817037613557,950.9420357142861,970.7188634538338,955.91327,776.46655
2025-05-30 08:00:00,1560.0,1705.0,1470.206250130739,1615.284255952381,1484.7913871365959,1608.9543,1438.9642
2025-05-30 09:00:00,1122.0,1099.0,1292.0752799657266,1056.5012619047623,1029.4482894606329,1049.6667,1131.2317
2025-05-30 10:00:00,935.0,646.0,975.0313963688179,857.7391111111112,883.0693297909884,911.0728,991.54004
2025-05-30 11:00:00,1059.0,815.0,1073.271029656416,1164.8476349206348,1156.7833126744008,1146.0117,1160.3584
2025-05-30 12:00:00,1191.0,903.0,1145.6309796678916,1306.5331845238095,1301.6458360588342,1314.2242,1332.5168
2025-05-30 13:00:00,1323.0,1014.0,1181.7712690720705,1320.8235535714284,1335.6002112264093,1337.3337,1478.1511
2025-05-30 14:00:00,1465.0,1088.0,1287.0128923280604,1443.4754305555552,1456.0697382969372,1455.3357,1755.0376
2025-05-30 15:00:00,2010.0,1619.0,1590.7080238724814,1937.4911289682536,1904.163797764287,1886.4585,1995.9802
2025-05-30 16:00:00,1853.0,2016.0,1780.9130415005063,1978.8136071428567,2059.0176813349917,1993.6522,2253.8884
2025-05-30 17:00:00,2223.0,2609.0,1954.9665751393065,2308.7781904761905,2268.741168838328,2326.502,2394.757
2025-05-30 18:00:00,1681.0,2402.0,1797.4355680056913,1665.3488630952377,1640.3993059395395,1600.9835,2028.2029
2025-05-30 19:00:00,534.0,1967.0,1049.6140314498712,568.3850595238097,583.6371182653402,583.63116,1305.4987
2025-05-30 20:00:00,413.0,1463.0,508.5718932536403,326.3107936507937,358.79076915259793,351.6484,603.585
2025-05-30 21:00:00,433.0,1023.0,485.6841586057854,416.50358892496376,421.6459459545266,431.5643,589.26697
2025-05-30 22:00:00,498.0,731.0,499.71138341231824,453.3087976190473,477.0884129082657,477.80746,513.368
2025-05-30 23:00:00,518.0,431.0,466.2020124586003,452.6624280303032,475.1013857616089,470.34622,432.90057
2025-05-31 00:00:00,373.0,206.0,527.0373544688284,356.4651547619048,357.8599586292066,354.65726,332.9441
2025-05-31 01:00:00,182.0,106.0,265.08163433261325,175.44637896825398,189.18999144694246,190.38577,216.30533
2025-05-31 02:00:00,67.0,60.0,89.36964523417043,69.90958333333333,76.20626803258996,90.40554,128.10352
2025-05-31 03:00:00,62.0,29.0,2.7262382131401637,58.51816666666667,59.86719621316334,60.31261,67.37573
2025-05-31 04:00:00,30.0,56.0,0.0,35.34719047619048,39.65744115247915,39.5904,55.2854
2025-05-31 05:00:00,72.0,143.0,3.4360695036175457,72.88841269841271,71.62595464430773,75.840385,55.588867
2025-05-31 06:00:00,176.0,378.0,192.15839680786956,168.37184523809523,172.16462460313159,174.00685,154.00293
2025-05-31 07:00:00,388.0,897.0,571.1789263181374,406.7259999999999,410.9542511976497,415.39087,364.1194
2025-05-31 08:00:00,675.0,1560.0,1017.9077412125528,757.0440205627706,755.8705730586308,766.98975,732.28925
2025-05-31 09:00:00,1109.0,1122.0,1142.730246018618,1060.8656111111113,1062.4978432143205,1051.8071,1216.8037
2025-05-31 10:00:00,1447.0,935.0,1318.8850882886145,1423.857267316017,1447.8751751436012,1454.7834,1433.2773
2025-05-31 11:00:00,1627.0,1059.0,1486.9819848556492,1628.1689940476194,1597.0192407306643,1635.4835,1568.4637
2025-05-31 12:00:00,1359.0,1191.0,1377.1304848941795,1324.1481190476186,1376.5382336655848,1427.0154,1718.725
2025-05-31 13:00:00,978.0,1323.0,1217.550924232668,1112.2968333333333,1155.1251270958069,1158.2225,1525.4077
2025-05-31 14:00:00,1307.0,1465.0,1191.9772886311864,1172.2163511904762,1187.6964557806905,1200.2925,1335.7502
2025-05-31 15:00:00,1282.0,2010.0,1444.9620449492154,1361.334863095238,1382.0609018120138,1344.6187,1276.2391
2025-05-31 16:00:00,1543.0,1853.0,1508.5703878226204,1500.019345238095,1526.5387554148137,1501.5002,1326.3787
2025-05-31 17:00:00,1863.0,2223.0,1767.2764561954862,1802.8592837301587,1842.3239094343055,1785.9261,1447.7852
2025-05-31 18:00:00,1705.0,1681.0,1708.8215157201898,1754.803660714286,1765.2405901662603,1767.7133,1556.329
2025-05-31 19:00:00,1525.0,534.0,1341.4778761807893,1495.748107142857,1488.7968326377554,1515.6469,1391.8097
2025-05-31 20:00:00,1221.0,413.0,1185.46429735376,1214.8715119047622,1273.7186579348956,1302.9852,1113.7794
2025-05-31 21:00:00,925.0,433.0,864.8901570313386,844.1705912698407,885.9873808900084,873.5496,952.3734
2025-05-31 22:00:00,745.0,498.0,786.0986381633593,730.054410714286,763.5216971614575,771.3605,747.97174
2025-05-31 23:00:00,665.0,518.0,676.7540298864324,613.9081607142857,654.8433916838778,654.32043,654.55273
2025-06-01 00:00:00,459.0,373.0,705.1417718213445,458.1760892857143,475.8379668096801,459.1326,480.3597
2025-06-01 01:00:00,263.0,182.0,385.6746516055771,253.16478571428573,261.79069804496635,259.05347,318.51077
2025-06-01 02:00:00,197.0,67.0,188.01775054538018,157.38929761904762,154.25573675993198,146.58192,148.68927
2025-06-01 03:00:00,97.0,62.0,63.49279502684419,87.86147619047621,83.7088687236422,87.54962,77.3031
2025-06-01 04:00:00,58.0,30.0,0.0,52.53671428571429,53.0777363190897,56.227684,58.115295
2025-06-01 05:00:00,73.0,72.0,0.0,61.719416666666696,61.10817891148969,63.81777,59.398804
2025-06-01 06:00:00,138.0,176.0,69.55462283996735,143.107003968254,132.01475964387186,135.86783,143.41583
2025-06-01 07:00:00,260.0,388.0,251.49159639300063,261.05144444444437,250.3738699879824,253.1511,292.481
2025-06-01 08:00:00,526.0,675.0,602.3342820459903,502.3978472222223,495.0626611980377,507.1769,475.30566
2025-06-01 09:00:00,854.0,1109.0,942.9930273722886,858.9077180735932,836.8070395166666,842.63354,881.0651
2025-06-01 10:00:00,1292.0,1447.0,1263.41840624785,1228.9041706349205,1232.501642529345,1225.8429,1225.9482
2025-06-01 11:00:00,1447.0,1627.0,1456.3734222547178,1456.1227976190473,1466.8944028035019,1424.893,1410.3599
2025-06-01 12:00:00,1690.0,1359.0,1518.6108009292363,1640.179420634922,1619.3181744701055,1625.4789,1543.3083
2025-06-01 13:00:00,1752.0,978.0,1536.0687722994744,1847.675357142857,1776.8736191162434,1794.291,1669.4158
2025-06-01 14:00:00,1835.0,1307.0,1611.901461984799,1873.1115019841266,1794.2212151558087,1845.0531,1810.8906
2025-06-01 15:00:00,1863.0,1282.0,1621.5632283670827,1867.648256493507,1827.7753684339436,1878.3203,1859.7242
2025-06-01 16:00:00,1920.0,1543.0,1780.5080219084402,2234.2572380952383,2101.871435244026,2107.157,1857.9363
2025-06-01 17:00:00,1688.0,1863.0,1707.0588672407275,1761.9316785714284,1760.9204839007095,1786.2267,1874.697
2025-06-01 18:00:00,1602.0,1705.0,1594.3690250593768,1552.135317460318,1561.9774847733868,1569.4966,1568.2778
2025-06-01 19:00:00,1275.0,1525.0,1379.4442421794097,1309.8957222222216,1293.4474666856672,1271.0336,1227.2786
2025-06-01 20:00:00,1061.0,1221.0,1132.0341036488417,1017.3461686507935,1003.9810796170277,998.6243,934.03796
2025-06-01 21:00:00,750.0,925.0,868.0921861945648,788.7114880952379,790.0985312022722,777.33026,768.2567
2025-06-01 22:00:00,575.0,745.0,676.1076848715759,595.5185494227994,605.7987436425652,622.7382,562.6301
2025-06-01 23:00:00,424.0,665.0,456.36588724559203,376.8905000000001,396.52710877744346,407.7934,361.67975
2025-06-02 00:00:00,175.0,459.0,349.7942238761378,162.23442857142857,164.3802821834013,175.65852,185.11157
2025-06-02 01:00:00,98.0,263.0,116.84501456299193,74.16943452380956,73.18068096845049,67.06954,82.884094
2025-06-02 02:00:00,46.0,197.0,11.927026996793302,49.97530433455433,43.74221171312077,44.979065,38.59082
2025-06-02 03:00:00,28.0,97.0,0.0,30.253206349206366,27.26603503753035,27.44173,22.66742
2025-06-02 04:00:00,46.0,58.0,0.0,42.19286219336219,36.65135919702349,40.841496,34.175537
2025-06-02 05:00:00,156.0,73.0,79.8239294817331,154.520873015873,152.89878595414714,150.79721,146.77167
2025-06-02 06:00:00,450.0,138.0,463.2775328457292,461.0801666666664,461.21837658171853,460.28696,430.29858
2025-06-02 07:00:00,1008.0,260.0,827.7891697982145,977.2163750000004,963.8972828788413,964.5271,1039.9218
2025-06-02 08:00:00,1606.0,526.0,1161.5751387194177,1530.934994047619,1411.453710055368,1481.7468,1618.9487
2025-06-02 09:00:00,934.0,854.0,1260.8997946392842,1006.3144404761906,1014.6645490917705,1023.2241,922.27277
2025-06-02 10:00:00,686.0,1292.0,925.9899931815886,643.169744047619,628.7695861754123,609.86505,697.2464
2025-06-02 11:00:00,791.0,1447.0,924.1699151467803,700.9413154761902,664.3894489356757,653.6843,804.5824
2025-06-02 12:00:00,1013.0,1690.0,1108.8582563291016,889.9761150793652,878.743108092093,909.2212,962.7321
2025-06-02 13:00:00,1093.0,1752.0,1203.2850488175745,1070.7275773809522,1027.9324544239375,1050.3823,1031.4242
2025-06-02 14:00:00,1155.0,1835.0,1347.8765802209168,1260.5956944444442,1197.2973420420562,1227.1039,1120.7435
2025-06-02 15:00:00,1634.0,1863.0,1515.5055930017538,1614.6365337301593,1554.8886928022898,1572.7856,1476.6819
2025-06-02 16:00:00,1849.0,1920.0,1674.45989063352,1796.470638888889,1786.5878184299786,1756.6033,1837.9637
2025-06-02 17:00:00,2639.0,1688.0,1900.9902279624423,2644.8134920634925,2498.072287833407,2444.4958,2481.1047
2025-06-02 18:00:00,2231.0,1602.0,2057.548088906936,2506.2486011904753,2360.231733635347,2319.5576,2316.3613
2025-06-02 19:00:00,1823.0,1275.0,1745.5642390041282,1853.6261672077917,1816.9745157278828,1817.4622,1820.0942
2025-06-02 20:00:00,1375.0,1061.0,1402.535622182117,1330.7871141774892,1275.6237264027402,1321.4728,1337.3293
2025-06-02 21:00:00,999.0,750.0,1066.8653003283162,1017.463180708181,967.6646387103009,993.5139,946.8884
2025-06-02 22:00:00,603.0,575.0,694.6425978307336,661.1385952380951,631.8117580871216,639.6351,648.8657
2025-06-02 23:00:00,324.0,424.0,355.0504242609924,333.15957142857127,308.6193349742754,324.52628,350.83356
2025-06-03 00:00:00,132.0,175.0,224.3086187323902,134.69212301587305,138.85516387187027,142.42726,154.58899
2025-06-03 01:00:00,69.0,98.0,48.66568828829577,57.238218253968256,53.841768121556065,49.911575,55.32605
2025-06-03 02:00:00,32.0,46.0,0.0,25.440017857142863,25.38909115077293,28.71826,26.440735
2025-06-03 03:00:00,21.0,28.0,0.0,21.141407287157286,21.91881067634447,21.170504,15.291443
2025-06-03 04:00:00,51.0,46.0,0.0,57.78530753968254,54.30076989108849,58.16419,34.997498
2025-06-03 05:00:00,196.0,156.0,122.61799516361015,171.19263690476194,163.64966803638922,168.42049,155.18903
2025-06-03 06:00:00,541.0,450.0,581.866456936246,506.89927976190484,513.2520926407657,507.7062,484.51797
2025-06-03 07:00:00,1208.0,1008.0,1131.9050094302047,1237.359763888889,1235.2333785484134,1249.8586,1266.2571
2025-06-03 08:00:00,1959.0,1606.0,1667.9904516726335,2116.2299781746037,1999.2682088673848,2051.747,1984.4515
2025-06-03 09:00:00,1068.0,934.0,1334.2055404634766,1022.3699107142858,975.0673883684303,969.93146,1137.2527
2025-06-03 10:00:00,698.0,686.0,859.8969526379753,685.7643192640691,661.8779362951495,668.80273,685.9495
2025-06-03 11:00:00,824.0,791.0,847.8446424994388,778.487152777778,764.9069546720023,770.8459,806.0935
2025-06-03 12:00:00,1067.0,1013.0,1030.5760045936909,1003.6560238095237,996.1642842188508,1014.73376,981.853
2025-06-03 13:00:00,1074.0,1093.0,1049.6388165633914,1062.2272817460318,1004.1067382067615,997.53436,1017.0233
2025-06-03 14:00:00,1198.0,1155.0,1112.0923372433563,1101.2199761904762,1084.2237087850667,1071.3141,1105.5017
2025-06-03 15:00:00,1635.0,1634.0,1467.1028001986183,1630.9245873015868,1586.6601192051849,1619.2747,1557.5879
2025-06-03 16:00:00,2089.0,1849.0,1746.3004112999479,2037.2377678571427,2009.4992829030264,2022.9838,1967.4292
2025-06-03 17:00:00,2830.0,2639.0,2178.1883993609813,2792.1213988095233,2841.9524961956763,2780.586,2956.277
2025-06-03 18:00:00,2470.0,2231.0,2295.7310182575766,2630.057392857141,2465.6092094461483,2521.966,2546.8809
2025-06-03 19:00:00,1804.0,1823.0,1906.2411255203353,1946.677507936508,1873.5118742854438,1903.5725,1934.7762
2025-06-03 20:00:00,1565.0,1375.0,1537.940856264555,1480.0376726190477,1476.7008516011235,1520.7886,1439.2468
2025-06-03 21:00:00,1244.0,999.0,1186.2309239613803,1122.8418452380952,1127.179196532687,1068.4963,1154.1715
2025-06-03 22:00:00,823.0,603.0,897.5573933952633,840.8258928571429,854.170783018652,835.77844,801.6573
2025-06-03 23:00:00,413.0,324.0,448.39685156941164,426.3145263347765,446.92058966473576,456.81772,489.90558
2025-06-04 00:00:00,187.0,132.0,253.63800298183224,151.3109702380952,157.2522821635288,165.72563,203.86118
2025-06-04 01:00:00,87.0,69.0,67.55560357475713,71.33107142857145,75.06900790262705,72.32949,74.831116
2025-06-04 02:00:00,46.0,32.0,0.0,42.0263035714286,42.93784446395742,41.851482,40.264526
2025-06-04 03:00:00,46.0,21.0,0.0,35.88404671717172,32.57849407949115,38.016975,29.609741
2025-06-04 04:00:00,50.0,51.0,0.0,50.39982341269839,55.0249677989705,63.949146,45.203552
2025-06-04 05:00:00,189.0,196.0,96.65250289417634,161.90932142857142,156.19598193125725,166.69388,154.81729
2025-06-04 06:00:00,563.0,541.0,605.8896319716118,510.4157380952385,525.2915446902147,535.1363,489.9125
2025-06-04 07:00:00,1266.0,1208.0,1189.5181773548416,1253.7335238095243,1233.4034033186454,1261.6304,1372.3497
2025-06-04 08:00:00,2042.0,1959.0,1768.49774692862,2098.053855158731,1994.304628103966,2082.5442,2006.3081
2025-06-04 09:00:00,1056.0,1068.0,1462.3367022574903,1143.4607976190475,1162.8752959870562,1146.0137,1175.523
2025-06-04 10:00:00,795.0,698.0,946.4671931389738,797.7946091269843,810.4735762088176,829.8029,754.26105
2025-06-04 11:00:00,819.0,824.0,928.3055655504279,928.4630734126987,921.5517523195724,932.73676,875.17883
2025-06-04 12:00:00,1014.0,1067.0,1052.4678134134833,1075.2917857142854,1064.3788654060315,1073.8983,1058.4706
2025-06-04 13:00:00,1095.0,1074.0,1079.4681433641463,1102.0996845238096,1091.2333286637993,1081.7692,1084.9231
2025-06-04 14:00:00,1149.0,1198.0,1116.7087915618645,1133.4141488095242,1106.4361026601835,1122.9735,1181.9296
2025-06-04 15:00:00,1685.0,1635.0,1486.610061342048,1718.4139047619049,1672.3051480852296,1696.4404,1592.0935
2025-06-04 16:00:00,2067.0,2089.0,1762.5837351713437,2032.494240079365,1987.9861597490299,1987.8779,1963.4188
2025-06-04 17:00:00,2837.0,2830.0,2257.014711129866,2959.9091488095232,2767.8237709707346,2789.4167,2896.2954
2025-06-04 18:00:00,2568.0,2470.0,2317.385305292114,2612.4259583333337,2457.9454816231128,2505.4941,2574.171
2025-06-04 19:00:00,1942.0,1804.0,1939.2674887500712,1960.895327380953,1886.8041662279843,1932.0667,1908.4955
2025-06-04 20:00:00,1578.0,1565.0,1622.2180737264803,1593.9542361111112,1575.2612593544698,1636.2214,1466.6694
2025-06-04 21:00:00,1279.0,1244.0,1328.9748104764242,1261.256248015873,1294.6388824457345,1282.6581,1198.3893
2025-06-04 22:00:00,848.0,823.0,948.3468466001054,863.3299325396822,893.0125544666654,887.9841,881.1293
2025-06-04 23:00:00,457.0,413.0,512.6295241865894,472.189,483.4581034616561,518.4565,531.42554
2025-06-05 00:00:00,246.0,187.0,367.78065208116766,247.87009523809513,247.4924529023709,256.29242,236.98502
2025-06-05 01:00:00,96.0,87.0,111.7844339962918,93.86098214285713,100.46398946466127,98.33435,116.74451
2025-06-05 02:00:00,54.0,46.0,0.0,51.215047619047624,49.107778622786164,48.195618,52.61566
2025-06-05 03:00:00,30.0,46.0,0.0,33.12923809523809,34.76585283456765,37.80274,22.262451
2025-06-05 04:00:00,65.0,50.0,0.0,63.82675396825396,64.31757550627377,68.48715,45.82837
2025-06-05 05:00:00,183.0,189.0,131.83301294130098,178.82619780219787,173.40640897634242,176.74533,187.38501
2025-06-05 06:00:00,537.0,563.0,571.0700425102714,485.95054960317475,503.7648027584401,500.501,519.7163
2025-06-05 07:00:00,1269.0,1266.0,1282.6339458300893,1418.0780575396823,1409.2314586291243,1420.6465,1281.5995
2025-06-05 08:00:00,1959.0,2042.0,1769.3614544254183,2125.938529761904,2048.328032224029,2096.1423,2050.0698
2025-06-05 09:00:00,1104.0,1056.0,1483.2642785778426,1369.5306388888891,1357.592458422356,1321.014,1185.6633
2025-06-05 10:00:00,791.0,795.0,981.0586087697828,861.0836369047618,843.5676362055077,874.61206,834.0928
2025-06-05 11:00:00,899.0,819.0,903.703117074878,864.4051250000001,890.7174001558884,885.1592,927.6322
2025-06-05 12:00:00,1068.0,1014.0,974.8345162489084,1020.341267857143,1050.1064677117836,1010.9911,1092.1818
2025-06-05 13:00:00,1091.0,1095.0,1066.8667018490764,1104.8991228354985,1092.4802892055443,1075.562,1150.3989
2025-06-05 14:00:00,1226.0,1149.0,1140.2455448121177,1220.7388511904762,1178.4528147153328,1179.3219,1296.7081
2025-06-05 15:00:00,1684.0,1685.0,1463.0468083024996,1631.2255357142858,1624.9843608951523,1636.7009,1731.4788
2025-06-05 16:00:00,2040.0,2067.0,1776.325774161617,2080.784186507937,2027.693248040743,2093.005,2004.8857
2025-06-05 17:00:00,2849.0,2837.0,2166.2096991313983,2783.998317460319,2832.183511098227,2825.2043,2826.622
2025-06-05 18:00:00,2547.0,2568.0,2324.351564045309,2628.6337083333347,2636.93258158656,2600.6536,2548.7979
2025-06-05 19:00:00,1759.0,1942.0,1945.7102761098547,1945.258041666667,1965.8208715369497,1962.8632,2057.4802
2025-06-05 20:00:00,1682.0,1578.0,1585.7747903845952,1593.3753749999998,1574.685854478598,1614.6664,1566.4697
2025-06-05 21:00:00,1306.0,1279.0,1321.9242415815684,1226.4023750000001,1283.0776093136933,1280.8579,1279.2053
2025-06-05 22:00:00,876.0,848.0,992.506144553221,954.6154007936507,928.2499610258468,893.4598,924.3711
2025-06-05 23:00:00,615.0,457.0,619.201088520412,645.8475119047617,606.6982179424961,606.2102,599.54297
2025-06-06 00:00:00,353.0,246.0,456.3476320628142,330.3216507936507,332.5530443765255,323.47678,309.6154
2025-06-06 01:00:00,170.0,96.0,148.48346055308622,144.18744841269844,149.74753902862687,140.30782,161.30109
2025-06-06 02:00:00,100.0,54.0,11.043357068440514,93.62914682539684,91.76097035160801,94.85923,89.04895
2025-06-06 03:00:00,81.0,30.0,0.0,65.65310912698412,65.72570741105544,65.10615,54.18268
2025-06-06 04:00:00,77.0,65.0,0.0,67.21230555555555,66.94368410951064,67.699554,75.34625
2025-06-06 05:00:00,196.0,183.0,113.63501347060378,196.70436309523808,193.31969216697578,197.34227,182.25635
2025-06-06 06:00:00,465.0,537.0,468.4782973679801,445.0509206349205,431.2664787950229,437.34598,502.8917
2025-06-06 07:00:00,1002.0,1269.0,1047.6018655510577,1032.3638412698417,999.6433202958972,1012.0075,1044.8804
2025-06-06 08:00:00,1577.0,1959.0,1507.7278604783273,1613.6420416666663,1565.591292262907,1621.0056,1533.41
2025-06-06 09:00:00,1182.0,1104.0,1409.388225374081,1577.2247202380956,1474.7058820168666,1408.537,1087.7128
2025-06-06 10:00:00,963.0,791.0,1052.4982690734741,965.6130019841266,985.1339673327614,1019.356,1024.0974
2025-06-06 11:00:00,1117.0,899.0,1006.9610181074122,1039.2429880952382,1033.1646375519852,1022.1451,1163.1432
2025-06-06 12:00:00,1220.0,1068.0,1099.105879533409,1151.144851190476,1176.6649454388723,1164.2106,1310.4434
2025-06-06 13:00:00,1367.0,1091.0,1185.2922806227004,1304.9370674603178,1300.1994628279601,1256.0807,1417.5938
2025-06-06 14:00:00,1616.0,1226.0,1298.5500645222191,1468.1586011904762,1430.9398599332224,1429.2991,1700.8895
2025-06-06 15:00:00,1993.0,1684.0,1629.1417872575626,1947.7974047619043,2012.419284337988,1994.9412,1971.9803
2025-06-06 16:00:00,2085.0,2040.0,1816.1957843048929,2115.913624999999,2065.56117199296,2092.045,2326.393
2025-06-06 17:00:00,2580.0,2849.0,2077.443216663085,2354.4524543650796,2419.143150931938,2477.0579,2643.4966
2025-06-06 18:00:00,2279.0,2547.0,2155.3179258398463,2354.8020317460323,2461.179690182039,2507.376,2313.5186
2025-06-06 19:00:00,1713.0,1759.0,1754.5814473124942,1803.6102103174605,1850.0608431341516,1836.3768,1918.0375
2025-06-06 20:00:00,1428.0,1682.0,1478.6399325444936,1376.618732142857,1376.5134720170295,1364.773,1501.8224
2025-06-06 21:00:00,1130.0,1306.0,1162.8913371369895,1111.5590198412704,1116.712540839229,1088.4121,1251.3794
2025-06-06 22:00:00,1119.0,876.0,918.5836666409018,875.7817341269837,877.7974231837327,861.05,995.3059
2025-06-06 23:00:00,1135.0,615.0,834.958753885544,854.0533015873017,881.3197807103836,853.81354,811.45624
2025-06-07 00:00:00,665.0,353.0,872.1473426222317,578.0128293650791,615.832125517933,640.08105,621.3014
2025-06-07 01:00:00,435.0,170.0,499.68501321322435,416.9749623015872,403.2870119784297,390.88547,449.1631
2025-06-07 02:00:00,294.0,100.0,263.4264587606796,235.45485714285712,239.6422920735976,263.67603,261.17163
2025-06-07 03:00:00,185.0,81.0,131.796604584271,153.65294841269844,161.72092486463396,167.7492,156.93271
2025-06-07 04:00:00,82.0,77.0,0.0,84.30690873015875,88.15281617976257,98.69734,127.892456
2025-06-07 05:00:00,101.0,196.0,10.460126194986174,107.85304563492062,102.33409620138083,108.43216,149.26263
2025-06-07 06:00:00,221.0,465.0,193.70617876919965,200.23340476190478,202.41998422077887,204.09227,240.21936
2025-06-07 07:00:00,368.0,1002.0,531.6229560708855,399.2352182539682,386.1970385858173,402.33154,439.12067
2025-06-07 08:00:00,648.0,1577.0,864.9612163576973,601.653375,615.0486172715338,621.0039,729.6278
2025-06-07 09:00:00,637.0,1182.0,782.9669203085932,595.3328452380952,645.3932075629277,642.4232,1129.5071
2025-06-07 10:00:00,1147.0,963.0,960.4591691882022,1026.0522837301585,1069.767678526719,1042.4725,965.34155
2025-06-07 11:00:00,1545.0,1117.0,1309.083168972596,1501.9803291847043,1493.1563023815374,1537.7175,1279.1951
2025-06-07 12:00:00,1913.0,1220.0,1483.0758658387733,1715.866319444445,1729.1356033447962,1756.5273,1569.288
2025-06-07 13:00:00,2051.0,1367.0,1555.511414975877,1872.3050238095238,1826.2569217437317,1793.1913,1831.018
2025-06-07 14:00:00,1733.0,1616.0,1628.1828810007496,1853.5279464285713,1851.9975459645464,1808.3751,1979.9836
2025-06-07 15:00:00,1855.0,1993.0,1603.6092241966126,1633.357126984127,1689.172119348063,1702.98,2053.2515
2025-06-07 16:00:00,1910.0,2085.0,1671.9134476275194,1654.4693650793654,1718.7916181393114,1728.5138,1988.2269
2025-06-07 17:00:00,1955.0,2580.0,1825.9055904398622,1740.663529761905,1815.5352619488328,1737.6062,1973.0249
2025-06-07 18:00:00,1989.0,2279.0,1838.5396875035312,1877.5763968253962,1850.1039413598205,1785.7972,1903.4221
2025-06-07 19:00:00,1896.0,1713.0,1779.9538746692158,1901.4927857142861,1824.1296425878375,1848.1702,1803.6636
2025-06-07 20:00:00,1681.0,1428.0,1507.8672378827778,1437.3473809523812,1463.4843456783346,1469.7491,1614.085
2025-06-07 21:00:00,1435.0,1130.0,1258.7594038629504,1209.0120297619042,1248.478417516917,1212.0823,1311.077
2025-06-07 22:00:00,1181.0,1119.0,1149.4607438914952,1116.8284166666665,1129.7583488559983,1064.8912,1095.2446
2025-06-07 23:00:00,1124.0,1135.0,1029.6158116997333,874.738638888889,969.390304089885,932.76373,952.6451
2025-06-08 00:00:00,704.0,665.0,918.7161273020647,546.9781448412698,602.6440294084998,601.8074,743.82404
2025-06-08 01:00:00,419.0,435.0,503.07009988137554,333.6667281746032,364.97391523862944,346.35834,479.04803
2025-06-08 02:00:00,351.0,294.0,374.138312469216,314.9644365079367,319.9092117296985,335.14804,266.72314
2025-06-08 03:00:00,226.0,185.0,212.10426360686165,209.37190674603175,219.0880295354697,214.20749,184.30362
2025-06-08 04:00:00,120.0,82.0,36.154664557461956,113.28070833333334,130.3908932324341,135.36063,131.24371
2025-06-08 05:00:00,110.0,101.0,1.5769583995527228,105.15083333333332,111.49121552927312,108.263115,135.92572
2025-06-08 06:00:00,123.0,221.0,41.12555424847312,139.07097420634926,140.94317476786097,147.67976,200.42172
2025-06-08 07:00:00,232.0,368.0,134.97976744800832,202.86276190476192,216.01813785948733,219.83948,274.41068
2025-06-08 08:00:00,455.0,648.0,443.1838541073903,461.02353571428563,420.15799836247027,437.1237,420.39233
2025-06-08 09:00:00,706.0,637.0,637.825333769203,641.6278829365081,670.0698180468823,658.9021,797.99036
2025-06-08 10:00:00,1130.0,1147.0,985.4581200565843,996.6129565295813,1077.9479309710543,1020.0625,1119.6213
2025-06-08 11:00:00,1339.0,1545.0,1213.229553773377,1231.0520119047617,1284.262029407987,1227.4646,1325.5181
2025-06-08 12:00:00,993.0,1913.0,1170.1332592732329,833.4412142857144,959.4083086531508,949.9095,1385.4912
2025-06-08 13:00:00,670.0,2051.0,927.6209902843526,608.916,664.0438985180596,667.3687,1163.5964
2025-06-08 14:00:00,1125.0,1733.0,960.4838297656745,843.9062976190477,847.516498849014,811.286,815.00854
2025-06-08 15:00:00,1340.0,1855.0,1172.5537673615827,1023.7709404761904,1026.993391570091,1025.8433,1107.6295
2025-06-08 16:00:00,1370.0,1910.0,1311.4302968719974,1101.6810357142858,1208.0135610126435,1175.471,1249.5767
2025-06-08 17:00:00,1529.0,1955.0,1389.6484694777064,1307.6081031746032,1309.1020870088582,1283.5822,1418.2026
2025-06-08 18:00:00,1643.0,1989.0,1508.9661896507014,1363.023426948052,1373.0445729419937,1360.661,1366.3254
2025-06-08 19:00:00,1299.0,1896.0,1416.271929971398,1269.5941845238094,1214.3032828777232,1204.5785,1245.7148
2025-06-08 20:00:00,745.0,1681.0,1017.1769235065904,630.0806130952383,655.2528341096693,682.22974,953.91223
2025-06-08 21:00:00,838.0,1435.0,852.6110053150295,614.9536349206347,635.402464834523,631.6878,558.6794
2025-06-08 22:00:00,549.0,1181.0,732.4585417979599,507.75689880952393,540.2470310520227,568.38776,594.4212
2025-06-08 23:00:00,398.0,1124.0,547.3954915328311,351.35443452380963,396.4339123363422,403.53906,313.90503
2025-06-09 00:00:00,197.0,704.0,391.8183306173252,138.60792658730162,153.0199829805279,164.99704,204.33951
2025-06-09 01:00:00,112.0,419.0,170.52465957516273,79.31979166666665,89.94539415796487,91.14096,106.56268
2025-06-09 02:00:00,59.0,351.0,111.345208881019,59.49516865079365,62.8804117059223,62.54036,66.35596
2025-06-09 03:00:00,59.0,226.0,0.0,36.433694444444434,45.453385251397336,38.12747,50.11743
2025-06-09 04:00:00,65.0,120.0,0.0,54.559507936507956,51.35412386646774,55.04105,74.99878
2025-06-09 05:00:00,164.0,110.0,93.43896377614215,146.9238035714286,148.91627585857842,154.72643,189.0947
2025-06-09 06:00:00,422.0,123.0,372.2317726521055,393.9214285714286,379.3392002391864,384.62445,476.6375
2025-06-09 07:00:00,1027.0,232.0,828.0848420055622,945.7160297619047,960.0554399566557,942.10425,1023.50256
2025-06-09 08:00:00,1623.0,455.0,1234.383715832384,1604.8162478354977,1644.016686751222,1626.647,1641.3859
2025-06-09 09:00:00,909.0,706.0,1161.3177690931602,888.8362619047616,904.8816886388653,927.72266,1057.0957
2025-06-09 10:00:00,750.0,1130.0,911.4531228610356,730.3284126984128,712.4618727947053,694.56586,697.2917
2025-06-09 11:00:00,863.0,1339.0,978.60486978944,873.9919166666666,863.4341396547387,844.0279,786.13135
2025-06-09 12:00:00,1016.0,993.0,951.0841966516244,960.1944047619049,996.3515890384144,941.824,943.2925
2025-06-09 13:00:00,1182.0,670.0,950.4528495250902,1059.6699880952376,1018.0871784171145,999.1247,973.6792
2025-06-09 14:00:00,1120.0,1125.0,1089.808739841331,1074.178601190476,1057.6678296408184,1035.7543,1077.1578
2025-06-09 15:00:00,1651.0,1340.0,1274.5289337684871,1293.5705097402597,1356.5975886963963,1306.0542,1403.042
2025-06-09 16:00:00,1151.0,1370.0,1273.3807096614248,1152.0258809523812,1177.1900223887535,1222.1978,1734.2736
2025-06-09 17:00:00,2625.0,1529.0,1647.6131689772913,2530.396652777777,2338.067244230577,2337.858,2195.26
2025-06-09 18:00:00,2278.0,1643.0,1973.7196844946122,2263.095178030303,2166.538574028214,2157.1787,2372.2795
2025-06-09 19:00:00,1705.0,1299.0,1695.224323760842,1814.1968492063493,1815.079213762766,1805.1095,1765.8024
2025-06-09 20:00:00,1448.0,745.0,1224.8666912343276,1309.436492424242,1232.038664424936,1211.5475,1276.0315
2025-06-09 21:00:00,1002.0,838.0,1043.023327672677,999.0624902597395,988.0753202912241,981.0864,998.45734
2025-06-09 22:00:00,676.0,549.0,702.7192169116138,701.0490912698415,676.1477630211152,678.5473,687.48047
2025-06-09 23:00:00,348.0,398.0,339.90638404991734,318.41690277777786,314.4861861005912,319.7283,396.3844
2025-06-10 00:00:00,204.0,197.0,275.18291342426824,186.0353988095237,180.45748709862372,184.30925,196.3451
2025-06-10 01:00:00,94.0,112.0,89.99528219909246,84.09001587301589,87.79200425957943,86.802986,105.96274
2025-06-10 02:00:00,54.0,59.0,0.0,46.575791666666674,41.127051808049394,41.720234,66.82135
2025-06-10 03:00:00,33.0,59.0,0.0,33.05146031746031,36.315460187768664,35.665382,40.12268
2025-06-10 04:00:00,72.0,65.0,0.0,75.1853849206349,66.98759759177592,77.59327,76.341125
2025-06-10 05:00:00,194.0,164.0,119.6470399506947,174.2146130952381,169.7763720683977,171.13266,232.89218
2025-06-10 06:00:00,544.0,422.0,564.408892326308,489.9668015873016,510.9217881964568,513.4942,552.27594
2025-06-10 07:00:00,1254.0,1027.0,1163.2087450357076,1245.5460992063497,1276.1420040402247,1282.522,1347.9906
2025-06-10 08:00:00,1917.0,1623.0,1655.5215048945872,2010.5795178571425,2012.5051591998713,1978.693,2000.1079
2025-06-10 09:00:00,1051.0,909.0,1319.1061872727723,1031.9056071428574,1029.3516819410409,1023.5092,1099.8173
2025-06-10 10:00:00,711.0,750.0,860.5148808978943,667.7883055555556,704.1990059845263,728.5559,689.3883
2025-06-10 11:00:00,874.0,863.0,862.051975996655,827.5307440476189,827.5009564791591,816.7406,824.8038
2025-06-10 12:00:00,1002.0,1016.0,1000.9421602663706,1020.4468154761903,1028.1622058975488,1010.53485,1060.4326
2025-06-10 13:00:00,1028.0,1182.0,1040.9601977356472,1013.4238174603174,983.7774109414993,991.10535,1132.6697
2025-06-10 14:00:00,1171.0,1120.0,1060.5317806965168,1055.5987599206348,1033.7390548194244,1001.38934,1212.9609
2025-06-10 15:00:00,1646.0,1651.0,1394.499656414415,1484.9348095238092,1493.1521361685468,1453.308,1600.14
2025-06-10 16:00:00,2025.0,1151.0,1504.433045343781,1830.8917063492065,1799.0126177575587,1804.5197,1976.0554
2025-06-10 17:00:00,2824.0,2625.0,2122.223321252915,2722.0008253968263,2882.4285723145267,2852.533,2884.4492
2025-06-10 18:00:00,2471.0,2278.0,2164.147061301653,2325.605926587302,2310.9945053590454,2344.733,2769.557
2025-06-10 19:00:00,1827.0,1705.0,1888.5789179257283,1959.0417420634926,1873.588674078177,1935.439,1968.4021
2025-06-10 20:00:00,1610.0,1448.0,1535.9850827577275,1472.9747777777777,1486.985828868127,1570.7731,1491.338
2025-06-10 21:00:00,1069.0,1002.0,1242.2826218171033,1266.0717781385276,1251.4659020501688,1233.8876,1168.3629
2025-06-10 22:00:00,768.0,676.0,809.5776546628208,762.7541448412699,743.5716155308062,755.6183,857.7746
2025-06-10 23:00:00,302.0,348.0,332.98947513098045,320.78635515873015,302.1562169153947,331.38757,511.22702
2025-06-11 00:00:00,134.0,204.0,198.72905807430908,131.69207936507937,129.6669540970506,132.13788,167.15872
2025-06-11 01:00:00,79.0,94.0,78.82983383769874,79.24747619047616,81.399272218927,78.97231,74.68274
2025-06-11 02:00:00,27.0,54.0,0.0,22.18681547619048,34.3461458582543,36.914307,47.885254
2025-06-11 03:00:00,14.0,33.0,0.0,15.792597222222224,19.07292659772086,22.078276,21.152771
2025-06-11 04:00:00,56.0,72.0,0.0,49.16253571428573,49.371354472807994,54.67747,44.37433
2025-06-11 05:00:00,182.0,194.0,123.87112022827881,163.4845357142857,163.85500003821107,166.34947,192.1925
2025-06-11 06:00:00,535.0,544.0,546.8428656137331,492.1322738095238,486.1786434294142,491.80624,524.99615
2025-06-11 07:00:00,1272.0,1254.0,1206.4181702037997,1267.1274503968257,1259.209403722684,1248.3168,1282.9778
2025-06-11 08:00:00,1947.0,1917.0,1750.0732665313033,2017.9766904761905,2012.3505179043593,2084.9788,2032.9412
2025-06-11 09:00:00,1156.0,1051.0,1432.3455032111788,1119.9266250000005,1124.679208618854,1115.9479,1239.0752
2025-06-11 10:00:00,835.0,711.0,914.2938622786985,724.8897817460316,748.2832937456598,752.6751,801.7743
2025-06-11 11:00:00,882.0,874.0,887.532772400278,847.1621825396822,859.5681558086173,843.49054,871.0241
2025-06-11 12:00:00,1002.0,1002.0,962.12012235192,959.251601731602,985.971977261022,965.6622,1038.7073
2025-06-11 13:00:00,1142.0,1028.0,1003.1552859105091,1028.4698273809524,990.0047880090058,975.8762,1077.4531
2025-06-11 14:00:00,1177.0,1171.0,1158.2289129790856,1163.853982142857,1152.708493447158,1154.348,1198.2595
2025-06-11 15:00:00,1655.0,1646.0,1434.9833901689456,1649.9550238095242,1593.601019338984,1572.2856,1665.0972
2025-06-11 16:00:00,1971.0,2025.0,1809.3295324384342,2149.8791964285715,2043.986766678418,2142.5046,1966.62
2025-06-11 17:00:00,2733.0,2824.0,2158.0846931756714,2747.130103174604,2883.760902645002,2847.9944,3045.0967
2025-06-11 18:00:00,2425.0,2471.0,2204.861785726377,2351.7263510101025,2327.633280459584,2366.6982,2776.8584
2025-06-11 19:00:00,2152.0,1827.0,1967.2301592713047,2033.349756493507,1998.332432822231,2006.7806,2021.9136
2025-06-11 20:00:00,1588.0,1610.0,1655.5818888838496,1551.3442638888894,1587.1529141953934,1545.5688,1601.3163
2025-06-11 21:00:00,1329.0,1069.0,1248.3734447657112,1182.73473015873,1232.9607717902295,1181.655,1267.2104
2025-06-11 22:00:00,887.0,768.0,924.6218114308473,838.9782857142856,860.5851451256868,832.5191,916.98755
2025-06-11 23:00:00,484.0,302.0,518.8306086046596,495.60304761904763,519.1246327513053,527.8874,551.10626
2025-06-12 00:00:00,206.0,134.0,313.40683497245277,208.58411904761905,198.56692725256846,204.21217,266.0106
2025-06-12 01:00:00,110.0,79.0,76.23674298577964,77.60175865800865,82.29278233582662,86.894226,106.72058
2025-06-12 02:00:00,71.0,27.0,0.0,44.59246428571431,45.18522881373269,43.231503,56.98114
2025-06-12 03:00:00,28.0,14.0,0.0,33.01383333333333,29.892197647763968,33.01667,27.032166
2025-06-12 04:00:00,60.0,56.0,0.0,59.72362301587304,61.940464021630476,64.648766,47.68634
2025-06-12 05:00:00,212.0,182.0,151.0817145307273,195.72632142857142,194.9805491434034,194.27283,184.78229
2025-06-12 06:00:00,529.0,535.0,589.81244880811,507.8902936507935,524.823263761763,517.6808,539.3436
2025-06-12 07:00:00,1156.0,1272.0,1150.3801997739188,1143.3358710317461,1158.2933735666288,1144.3761,1345.5618
2025-06-12 08:00:00,1909.0,1947.0,1603.6932403399614,1778.6059484126986,1814.0575387541794,1796.4053,1926.2914
2025-06-12 09:00:00,1170.0,1156.0,1433.6857505935554,1135.5839761904767,1154.0069491331737,1123.3003,1112.284
2025-06-12 10:00:00,838.0,835.0,970.7499933733582,828.2415476190473,810.3987585576189,806.0042,824.59
2025-06-12 11:00:00,978.0,882.0,916.2425363140133,878.7638809523811,883.540267324154,861.13995,899.11066
2025-06-12 12:00:00,1086.0,1002.0,1075.6660508536315,1087.1295535714285,1107.3233843154258,1101.7954,1054.865
2025-06-12 13:00:00,1153.0,1142.0,1106.5061562824335,1133.2567738095242,1107.8519937998697,1085.7062,1174.457
2025-06-12 14:00:00,1139.0,1177.0,1087.9946336050662,1061.803384920635,1055.263757294741,1053.3926,1410.8503
2025-06-12 15:00:00,1561.0,1655.0,1361.9218971362359,1453.0539821428567,1471.1133906412701,1441.498,1736.6887
2025-06-12 16:00:00,1829.0,1971.0,1599.759149646357,1676.979948412698,1648.7663734676864,1703.0679,1905.3484
2025-06-12 17:00:00,2536.0,2733.0,2054.514399861312,2567.362174603176,2655.5427765077407,2657.2554,2623.01
2025-06-12 18:00:00,2435.0,2425.0,2168.2706602196663,2355.3285515873013,2481.1919716330394,2506.2432,2557.2764
2025-06-12 19:00:00,1968.0,2152.0,1984.9129724864179,1993.8965535714283,1921.1993567473055,1955.5039,2106.8013
2025-06-12 20:00:00,1557.0,1588.0,1643.6219248842863,1611.7220178571429,1607.6355100671974,1595.0989,1675.3655
2025-06-12 21:00:00,1254.0,1329.0,1285.559070163366,1197.3310456349213,1194.1982087064064,1175.9769,1317.9028
2025-06-12 22:00:00,865.0,887.0,960.1634672448952,870.6207996031745,897.9202980251506,843.1778,941.96826
2025-06-12 23:00:00,563.0,484.0,605.5084478230151,546.5708988095234,550.553450955739,570.3404,591.37964
2025-06-13 00:00:00,305.0,206.0,393.9416205202427,248.10523809523812,261.49645325487154,265.51727,328.2641
2025-06-13 01:00:00,125.0,110.0,136.89654890915898,111.6857003968254,119.81939001350428,117.96608,154.5951
2025-06-13 02:00:00,67.0,71.0,15.426674232755545,59.78736111111109,62.27951639761738,54.693295,76.3656
2025-06-13 03:00:00,48.0,28.0,0.0,43.710111111111104,42.692857128757915,44.456768,34.375977
2025-06-13 04:00:00,81.0,60.0,0.0,73.98735714285712,71.31589925708005,78.59751,60.17517
2025-06-13 05:00:00,204.0,212.0,140.07828875867978,188.67034126984134,179.3235217759358,183.78543,207.80136
2025-06-13 06:00:00,475.0,529.0,513.8298400921539,466.1797896825397,446.78385068651954,458.92548,502.119
2025-06-13 07:00:00,946.0,1156.0,990.8361301706117,935.2666190476193,912.8740940986698,922.9195,1024.1838
2025-06-13 08:00:00,1463.0,1909.0,1446.6495537733751,1470.6789226190476,1470.8905064070348,1466.552,1540.7865
2025-06-13 09:00:00,1144.0,1170.0,1344.6786691527186,1168.3506726190483,1170.6273171813043,1217.2557,1107.602
2025-06-13 10:00:00,985.0,838.0,1056.2784802971694,938.6617876984122,947.3038404286405,983.9873,1002.2129
2025-06-13 11:00:00,1153.0,978.0,1055.1951993042435,1074.7344345238096,1085.4213421697527,1048.5554,1107.8182
2025-06-13 12:00:00,1302.0,1086.0,1193.1626185189057,1281.2760912698418,1304.9667966608597,1280.3644,1235.2129
2025-06-13 13:00:00,1470.0,1153.0,1211.6349234255315,1294.1528452380949,1255.974875448624,1235.3195,1390.5195
2025-06-13 14:00:00,1607.0,1139.0,1299.3889163892386,1470.4411011904758,1446.632026632226,1414.493,1648.4109
2025-06-13 15:00:00,1956.0,1561.0,1600.1961005938058,1879.8489464285708,1891.5192382237792,1874.695,1948.4448
2025-06-13 16:00:00,1961.0,1829.0,1732.2434934605526,1953.283327380952,1904.5425229398775,1911.6643,2334.5737
2025-06-13 17:00:00,2506.0,2536.0,2005.7661297870677,2457.31543452381,2368.2468078272514,2392.5088,2608.4673
2025-06-13 18:00:00,2173.0,2435.0,2022.2894006106203,2019.8279166666662,2060.00838592972,2043.6631,2360.3945
2025-06-13 19:00:00,1662.0,1968.0,1719.5050594178595,1671.6415119047617,1626.2473448796131,1614.2606,1860.111
2025-06-13 20:00:00,495.0,1557.0,905.5889875914413,461.58969444444466,494.6346078200956,549.05444,1392.1982
2025-06-13 21:00:00,393.0,1254.0,444.2370190190487,336.68578571428566,336.3686140422628,360.8478,845.5735
2025-06-13 22:00:00,541.0,865.0,505.052641281879,490.18880952380937,496.3722271495881,499.38483,546.99756
2025-06-13 23:00:00,634.0,563.0,561.7335536602051,636.2758531746032,622.0101958934615,588.5083,476.13312
2025-06-14 00:00:00,431.0,305.0,598.0034021968122,442.0412996031748,426.95716824542774,433.95816,381.2396
2025-06-14 01:00:00,245.0,125.0,336.060621836147,240.2862857142858,249.1071096312622,257.51633,266.28815
2025-06-14 02:00:00,233.0,67.0,227.6470719032559,192.41972059884552,208.82038435677995,199.53197,204.73816
2025-06-14 03:00:00,106.0,48.0,57.649655401471364,97.34413492063493,125.62664724071354,119.14925,117.27832
2025-06-14 04:00:00,70.0,81.0,0.0,62.173650793650786,62.65927265822395,61.008583,75.38818
2025-06-14 05:00:00,123.0,204.0,55.181843127032835,118.183126984127,109.53153557227517,107.53805,72.8714
2025-06-14 06:00:00,243.0,475.0,270.55544418460454,242.32663095238095,238.68756041620603,243.70705,212.15363
2025-06-14 07:00:00,411.0,946.0,569.4187207233886,404.264380952381,420.09112217612824,425.05725,447.86075
2025-06-14 08:00:00,691.0,1463.0,911.3403056280304,711.9736269841268,722.0830264974668,728.0449,773.7721
2025-06-14 09:00:00,1033.0,1144.0,1087.906876384919,1062.4733789682537,1063.5357808047156,1050.1064,1150.9034
2025-06-14 10:00:00,1357.0,985.0,1250.9218880009105,1356.8828809523804,1373.9302026919827,1381.6578,1466.5442
2025-06-14 11:00:00,1572.0,1153.0,1426.0854948203496,1587.992628787879,1579.7348014084805,1593.0894,1644.6799
2025-06-14 12:00:00,1696.0,1302.0,1496.7962079412914,1654.193212301587,1666.6648810797262,1681.6414,1731.6887
2025-06-14 13:00:00,1697.0,1470.0,1588.6662636770054,1811.4900178571434,1779.1380469065834,1782.7166,1751.6508
2025-06-14 14:00:00,1800.0,1607.0,1637.7151399710335,1846.5783353174609,1822.3762987489451,1839.3898,1812.7009
2025-06-14 15:00:00,1861.0,1956.0,1775.0258291520843,2005.0639880952374,1952.091536514745,2015.509,1869.4365
2025-06-14 16:00:00,1876.0,1961.0,1768.7825378305852,1884.873981060605,1921.9289925140952,1917.0355,1914.2145
2025-06-14 17:00:00,1942.0,2506.0,1865.409258257386,1897.2283333333332,1926.9343157727335,1976.5317,1892.9586
2025-06-14 18:00:00,1685.0,2173.0,1754.657893540746,1729.7135000000007,1753.934139028185,1695.6108,1667.6226
2025-06-14 19:00:00,1606.0,1662.0,1400.1761123847218,1280.2040119047615,1280.4093740398353,1269.2134,1399.1545
2025-06-14 20:00:00,1387.0,495.0,1044.7349545866846,1086.8899166666663,1083.1225148356775,1139.0442,1166.5662
2025-06-14 21:00:00,1107.0,393.0,916.2803664443511,962.3788472222222,1049.8675391834938,1027.8198,1001.1308
2025-06-14 22:00:00,927.0,541.0,831.111414354694,870.9794841269842,899.0028408118629,872.7099,915.51843
2025-06-14 23:00:00,585.0,634.0,616.6387335521597,534.5830000000001,585.3231587967126,585.6749,740.98914
2025-06-15 00:00:00,227.0,431.0,382.2183954365696,215.8222678571428,235.39089748315155,234.59369,396.63055
2025-06-15 01:00:00,151.0,245.0,214.1853970804454,167.0639761904762,167.89180164312796,161.48418,206.84848
2025-06-15 02:00:00,152.0,233.0,178.006905270014,151.59982539682542,165.9320943239634,163.56471,134.64304
2025-06-15 03:00:00,83.0,106.0,28.171041684006696,87.33684523809524,96.19214626128085,92.22374,94.882385
2025-06-15 04:00:00,55.0,70.0,0.0,57.89518452380952,59.8594736159835,69.448006,55.586365
2025-06-15 05:00:00,87.0,123.0,0.0,68.56546031746035,66.24062764598897,70.84639,74.20178
2025-06-15 06:00:00,141.0,243.0,41.220649684005025,136.51003968253966,126.76939991522343,127.673004,132.53839
2025-06-15 07:00:00,199.0,411.0,148.43542539688633,204.98163293650794,205.93865344404907,203.07957,295.42932
2025-06-15 08:00:00,382.0,691.0,344.94081342083484,348.96913293650795,329.70453521144634,340.46417,413.60962
2025-06-15 09:00:00,673.0,1033.0,727.667808176293,619.5470714285716,612.8806443999309,626.0866,669.9971
2025-06-15 10:00:00,916.0,1357.0,1000.2199672386723,908.1694134199133,908.5521219375175,896.56604,1126.6621
2025-06-15 11:00:00,1181.0,1572.0,1208.9083302263393,1205.362714285714,1204.4622790680849,1178.9548,1340.137
2025-06-15 12:00:00,1313.0,1696.0,1315.666022645696,1292.5212359307357,1350.8379851324557,1330.7896,1467.5728
2025-06-15 13:00:00,1405.0,1697.0,1348.8278546974036,1335.669077380952,1347.3736601451735,1359.2639,1496.1462
2025-06-15 14:00:00,1413.0,1800.0,1450.4409954481891,1489.6173809523818,1512.3086971386251,1484.726,1545.8235
2025-06-15 15:00:00,1561.0,1861.0,1511.5098296553,1590.757715909091,1583.377231442487,1582.6743,1592.0593
2025-06-15 16:00:00,1555.0,1876.0,1516.826072941643,1492.9697777777778,1494.534650055251,1487.3491,1621.4185
2025-06-15 17:00:00,1431.0,1942.0,1450.0378599885105,1320.754319444445,1325.589331941818,1331.3977,1514.0171
2025-06-15 18:00:00,1232.0,1685.0,1326.4269592973183,1150.1600654761905,1139.7213261281127,1173.2192,1138.1726
2025-06-15 19:00:00,820.0,1606.0,1077.275609606541,821.9568948412698,828.4754732450048,845.9989,900.03625
2025-06-15 20:00:00,355.0,1387.0,572.2627246898471,315.95044444444454,319.89612544904776,354.46072,638.2214
2025-06-15 21:00:00,218.0,1107.0,279.50230323551597,197.55983730158732,209.7627601121847,219.73958,391.07263
2025-06-15 22:00:00,245.0,927.0,270.95620679191916,208.09976388888887,203.27790783528002,212.36732,279.83096
2025-06-15 23:00:00,210.0,585.0,169.59313482489233,187.0192142857142,181.72003932272153,193.2801,213.09412
2025-06-16 00:00:00,105.0,227.0,186.1328451826165,98.80580952380954,96.22148840423765,98.78381,112.707306
2025-06-16 01:00:00,51.0,151.0,30.647882040905642,42.82643452380954,39.463986975157816,38.56727,49.004944
2025-06-16 02:00:00,33.0,152.0,1.7838664865961391,22.77790277777777,27.19111753609533,24.29835,24.416016
2025-06-16 03:00:00,9.0,83.0,0.0,9.226240079365079,15.494663394421538,16.868166,7.402954
2025-06-16 04:00:00,20.0,55.0,0.0,23.208396825396825,27.310330970032,32.840553,55.156677
2025-06-16 05:00:00,135.0,87.0,41.3382005200765,129.16479761904765,123.53420108528739,124.97463,17.796204
2025-06-16 06:00:00,374.0,141.0,316.7708686418584,348.6792837301588,331.7554074438798,325.54135,111.21387
2025-06-16 07:00:00,844.0,199.0,721.4204945222573,772.102601190476,817.4278507270602,800.8795,683.3802
2025-06-16 08:00:00,1322.0,382.0,1036.43740539436,1273.1435376984127,1323.004669930281,1273.1631,1200.3752
2025-06-16 09:00:00,774.0,673.0,960.608290813677,728.9577480158732,732.78657032134,716.3882,993.72986
2025-06-16 10:00:00,442.0,916.0,559.8477803442096,422.8564285714285,423.2974491934819,441.01062,700.318
2025-06-16 11:00:00,442.0,1181.0,539.4006792019139,430.1072936507937,437.0252728281366,446.98224,527.3898
2025-06-16 12:00:00,777.0,1313.0,754.4641271570539,643.3828035714286,668.830738723114,678.4639,518.48047
2025-06-16 13:00:00,833.0,1405.0,888.8814849130156,738.7463928571428,738.1981847998599,728.28625,770.2961
2025-06-16 14:00:00,850.0,1413.0,914.357588336429,739.810988095238,759.5703394983783,740.64276,1080.687
2025-06-16 15:00:00,917.0,1561.0,991.3749372275487,803.9134226190475,853.848744036303,820.13635,1390.6853
2025-06-16 16:00:00,1106.0,1555.0,1063.9116243244152,903.8445595238096,954.7630650752984,934.99976,1474.782
2025-06-16 17:00:00,1739.0,1431.0,1285.14245635705,1298.9396823593079,1462.078488078189,1424.6227,1633.1877
2025-06-16 18:00:00,1556.0,1232.0,1395.843130768037,1329.9996845238095,1328.4408533559024,1424.8821,1270.9548
2025-06-16 19:00:00,1042.0,820.0,1111.130722654872,1047.5676845238092,1062.4242063439422,1049.7101,1017.8439
2025-06-16 20:00:00,878.0,355.0,760.6163784984594,824.3748293650793,802.7288690941305,813.4144,780.89264
2025-06-16 21:00:00,715.0,218.0,628.5556169718086,663.5732222222223,654.8080592414541,646.5581,674.88696
2025-06-16 22:00:00,392.0,245.0,423.7361354153507,435.0245138888889,453.98838874219524,450.19656,489.01892
2025-06-16 23:00:00,233.0,210.0,135.63777049892963,217.5475654761905,207.1607573373051,216.41875,287.17416
2025-06-17 00:00:00,131.0,105.0,203.70553944896653,118.84505158730158,117.12541928507436,119.9956,130.67685
2025-06-17 01:00:00,60.0,51.0,41.66883628109599,52.617986111111115,52.04076378155741,50.556896,89.7088
2025-06-17 02:00:00,34.0,33.0,0.0,21.916005952380946,20.689514681636798,23.43207,45.510498
2025-06-17 03:00:00,25.0,9.0,45.8645018409228,25.41789682539682,26.19241225169026,25.67289,28.08551
2025-06-17 04:00:00,44.0,20.0,0.0,42.05402976190475,39.75207270422302,39.94536,46.167908
2025-06-17 05:00:00,164.0,135.0,133.42206516994452,165.8680866910867,167.47023036915482,158.6905,177.70813
2025-06-17 06:00:00,427.0,374.0,466.23564923187286,405.70275595238076,397.2440255318426,407.0133,471.79968
2025-06-17 07:00:00,975.0,844.0,951.0323831774892,925.4951666666672,929.9642951921943,905.27826,1074.1986
2025-06-17 08:00:00,1680.0,1322.0,1421.0606152234209,1570.2098629148627,1618.2147444256964,1595.4015,1651.4187
2025-06-17 09:00:00,992.0,774.0,1221.6960526011462,904.309214285714,918.5109324568564,934.41016,1012.8767
2025-06-17 10:00:00,690.0,442.0,752.4124135733264,627.1800595238095,650.4278157313317,666.48865,681.12744
2025-06-17 11:00:00,823.0,442.0,780.2438768892075,813.4820476190474,813.3308749884422,812.7968,751.3124
2025-06-17 12:00:00,995.0,777.0,921.3654901920554,961.4914393939392,935.6411806685497,931.70557,969.88324
2025-06-17 13:00:00,1061.0,833.0,1056.1422766345827,1103.7343511904762,1082.1451110399223,1086.7206,1045.3209
2025-06-17 14:00:00,1079.0,850.0,985.9149663354856,987.0994989177494,921.4838692572157,956.14014,1219.0518
2025-06-17 15:00:00,1525.0,917.0,1213.2151382823286,1467.8661190476184,1417.2822317019218,1388.7871,1586.5079
2025-06-17 16:00:00,1796.0,1106.0,1517.3361923932002,1884.5544404761908,1869.1902146023883,1844.8894,1925.719
2025-06-17 17:00:00,2551.0,1739.0,1780.0686434743188,2250.9522242063495,2421.3498722948775,2381.6365,2776.4333
2025-06-17 18:00:00,2178.0,1556.0,1951.1977375303197,2232.50585515873,2309.7554933464535,2274.9673,2356.4746
2025-06-17 19:00:00,1719.0,1042.0,1543.1763133949667,1566.3894027777776,1531.0952853877436,1512.3923,1710.6844
2025-06-17 20:00:00,1317.0,878.0,1263.954527269324,1255.040515151515,1215.4439779591185,1219.7102,1238.9978
2025-06-17 21:00:00,1061.0,715.0,1004.3915000098266,977.2275376984124,964.5110501766316,959.5001,1033.1685
2025-06-17 22:00:00,756.0,392.0,707.7679060244022,712.8180158730158,688.1702265006328,708.05896,726.1128
2025-06-17 23:00:00,426.0,233.0,444.4945290508,458.27336904761904,467.2065867650956,469.9498,445.4589
2025-06-18 00:00:00,215.0,131.0,287.5539396433495,185.6688452380953,186.14708999034085,192.58223,217.85843
2025-06-18 01:00:00,113.0,60.0,139.06391028644407,97.09977976190474,95.07947451550936,91.68309,115.430725
2025-06-18 02:00:00,70.0,34.0,0.0,46.833412698412715,45.275923340057844,41.1271,66.78259
2025-06-18 03:00:00,41.0,25.0,0.0,33.824869047619046,36.711275191238826,40.805115,32.30536
2025-06-18 04:00:00,63.0,44.0,0.0,62.67114087301586,65.46992720504214,67.11433,61.866333
2025-06-18 05:00:00,198.0,164.0,149.47380722131743,193.5336607142857,192.66901159422963,191.02092,191.1474
2025-06-18 06:00:00,455.0,427.0,475.37237742194486,426.1213710317461,422.2308668543435,426.54547,438.3499
2025-06-18 07:00:00,1040.0,975.0,1059.2714054490086,1066.824446428571,1070.848839488061,1081.4393,975.2987
2025-06-18 08:00:00,1765.0,1680.0,1506.678352164216,1688.3020773809526,1678.5226222304939,1732.9436,1597.3147
2025-06-18 09:00:00,1181.0,992.0,1401.187192425127,1188.2723511904762,1279.350421377761,1216.1045,1456.0524
2025-06-18 10:00:00,851.0,690.0,974.9925344329376,809.5798948412696,844.7066764679768,851.93445,1053.5297
2025-06-18 11:00:00,870.0,823.0,929.0544449143026,931.081130952381,914.9726855817327,893.4624,1006.0914
2025-06-18 12:00:00,1030.0,995.0,954.7541436655807,952.461123015873,967.2151180684222,960.14374,1066.2336
2025-06-18 13:00:00,1192.0,1061.0,1075.1873587925627,1126.6547083333337,1102.9542093511502,1099.2621,1137.3148
2025-06-18 14:00:00,901.0,1079.0,1026.3734605250875,998.0075119047618,985.8730125472292,1013.56213,1325.4355
2025-06-18 15:00:00,998.0,1525.0,1022.952034424015,910.7059047619051,909.8715563893905,908.36914,1416.906
2025-06-18 16:00:00,1136.0,1796.0,1111.3867265272945,885.6761666666665,938.572573738246,937.2222,1362.6946
2025-06-18 17:00:00,1613.0,2551.0,1597.2755223837771,1630.306273809524,1651.8470590901081,1645.5841,1537.3716
2025-06-18 18:00:00,1323.0,2178.0,1587.5477444896874,1456.5290360750366,1494.2614892934293,1450.8002,1483.7439
2025-06-18 19:00:00,1205.0,1719.0,1297.837017465893,1069.047666666667,1045.8213394328457,1142.1027,1037.4644
2025-06-18 20:00:00,1113.0,1317.0,1195.4698526275463,1063.1354761904765,1066.9921601954936,1088.1123,822.98425
2025-06-18 21:00:00,916.0,1061.0,973.2244498135573,868.9136150793652,833.0205348454599,864.092,811.31433
2025-06-18 22:00:00,741.0,756.0,799.9198494786134,689.460642857143,698.7075940416942,693.79034,590.92847
2025-06-18 23:00:00,579.0,426.0,556.4705617386362,495.7787023809523,493.29665377218157,509.56503,409.31818
2025-06-19 00:00:00,298.0,215.0,472.5518724622725,288.2776825396826,287.44098650291187,287.8733,228.34702
2025-06-19 01:00:00,136.0,113.0,165.8789369721897,119.30750595238092,121.4344501542455,124.78348,126.08905
2025-06-19 02:00:00,71.0,70.0,42.837957382547415,57.26237103174606,60.11688103330225,62.577297,26.727966
2025-06-19 03:00:00,43.0,41.0,0.0,35.40742460317461,33.38566411719532,35.30492,0.0
2025-06-19 04:00:00,66.0,63.0,0.0,57.35608333333334,52.48149746773255,56.391438,41.76886
2025-06-19 05:00:00,153.0,198.0,134.51366214176136,143.6434265873016,132.71488753904785,133.61374,111.63107
2025-06-19 06:00:00,309.0,455.0,380.68428639267836,318.4169087301589,318.90592715034035,309.7457,244.93741
2025-06-19 07:00:00,502.0,1040.0,714.1584931003837,478.9688710317461,483.85814525645463,485.92,496.03952
2025-06-19 08:00:00,822.0,1765.0,1178.7675414215505,872.6356031746031,904.1688687058728,950.4205,669.0385
2025-06-19 09:00:00,1017.0,1181.0,1161.6853322319416,1005.8126130952379,979.4886319532716,982.1843,923.86096
2025-06-19 10:00:00,1186.0,851.0,1186.781259152516,1182.0952619047616,1130.755797906005,1124.6884,1073.437
2025-06-19 11:00:00,1514.0,870.0,1368.3559322127776,1566.9676250000002,1563.7405341338917,1576.3506,1258.8223
2025-06-19 12:00:00,1599.0,1030.0,1404.824715045785,1516.2921785714286,1519.6310775667555,1508.4504,1504.25
2025-06-19 13:00:00,1611.0,1192.0,1495.9893294183153,1594.7379226190462,1653.7267497926161,1626.8041,1594.2739
2025-06-19 14:00:00,1743.0,901.0,1431.797594819916,1637.340482142857,1715.955623275097,1691.114,1631.206
2025-06-19 15:00:00,1796.0,998.0,1481.8220694975566,1712.5796785714276,1752.7673651352388,1691.6759,1658.4393
2025-06-19 16:00:00,991.0,1136.0,1180.5909538017074,873.6728988095238,982.80998242998,1062.501,1636.5017
2025-06-19 17:00:00,739.0,1613.0,1005.7948483818634,838.8003214285712,828.9914791741517,891.8785,1186.0381
2025-06-19 18:00:00,1232.0,1323.0,1114.0827676600654,1077.9366865079369,1065.5424633753455,1073.4341,1208.0526
2025-06-19 19:00:00,1186.0,1205.0,1202.1364698959087,1079.3557440476193,1106.7095204765783,1146.3625,1384.3593
2025-06-19 20:00:00,1029.0,1113.0,1107.271641545855,978.3505376984128,992.6717535906207,983.62756,1222.7231
2025-06-19 21:00:00,776.0,916.0,903.3865992155976,814.8312559523805,788.5495406955451,797.8294,858.68835
2025-06-19 22:00:00,720.0,741.0,752.9946500871655,664.699599206349,644.9459558952715,661.111,596.6192
2025-06-19 23:00:00,541.0,579.0,590.4025148349016,484.6593571428572,505.1237259889217,525.38684,441.50568
2025-06-20 00:00:00,260.0,298.0,482.80834001478803,259.9480178571427,262.9754483834265,282.25613,311.5145
2025-06-20 01:00:00,158.0,136.0,208.6264730342719,130.8839285714286,131.30879829524915,129.35771,181.7575
2025-06-20 02:00:00,87.0,71.0,61.8991156560636,58.33747619047621,58.653554316464096,55.352436,78.58081
2025-06-20 03:00:00,49.0,43.0,0.0,43.62276190476191,41.69230386991771,41.07511,29.916016
2025-06-20 04:00:00,67.0,66.0,8.948370969376356,59.20309090909089,58.97533104646273,57.78759,60.724854
2025-06-20 05:00:00,154.0,153.0,96.36871935399529,143.416125,132.36525728791784,132.60725,175.02155
2025-06-20 06:00:00,410.0,309.0,420.88091338873465,402.94019642857137,376.3236252355988,385.39954,376.7568
2025-06-20 07:00:00,799.0,502.0,837.9114599730141,797.2966646825394,798.1792061892086,791.09344,837.1505
2025-06-20 08:00:00,1182.0,822.0,1151.586409354898,1267.824033730159,1193.6113618303243,1216.36,1362.8867
2025-06-20 09:00:00,973.0,1017.0,1213.3997506263536,1013.3312202380954,1009.6735271535633,1068.8003,997.58276
2025-06-20 10:00:00,927.0,1186.0,1066.5893807833759,904.9521825396826,836.9828790593897,856.967,886.2427
2025-06-20 11:00:00,1195.0,1514.0,1231.0350378627193,1109.8611726190475,1107.4269222913376,1120.5465,941.28796
2025-06-20 12:00:00,1338.0,1599.0,1433.272957181242,1498.864632034633,1489.7680286917914,1491.2505,1139.3435
2025-06-20 13:00:00,1383.0,1611.0,1402.2603585300349,1403.636625,1377.2135682628748,1394.8289,1295.22
2025-06-20 14:00:00,1615.0,1743.0,1499.6911064167366,1528.3050833333327,1534.3034793507989,1519.6766,1494.4061
2025-06-20 15:00:00,1748.0,1796.0,1656.7092287506218,1780.3087499999995,1762.574690798177,1739.0767,1767.2491
2025-06-20 16:00:00,1896.0,991.0,1528.0902234329405,1813.4692321428574,1821.3926738912523,1806.5083,2268.9578
2025-06-20 17:00:00,2291.0,739.0,1595.450968495155,2140.7119682539687,2203.1093740146025,2192.251,2217.764
2025-06-20 18:00:00,2091.0,1232.0,1811.7184151055342,2126.1323353174607,2048.489301277664,2046.8513,2066.8423
2025-06-20 19:00:00,1860.0,1186.0,1636.7908625399184,1750.309305555556,1736.6151466951624,1697.7422,1844.3085
2025-06-20 20:00:00,1638.0,1029.0,1506.1265987117088,1525.1118035714285,1522.4537629947463,1536.201,1441.4259
2025-06-20 21:00:00,1319.0,776.0,1172.2439535517362,1229.2341190476188,1168.177404235725,1172.3383,1256.4253
2025-06-20 22:00:00,975.0,720.0,945.4008321213131,932.9329785353539,927.7510660187185,901.3865,1029.9021
2025-06-20 23:00:00,816.0,541.0,725.4808641129779,747.9265297619053,750.2649126095794,702.9328,769.52936
2025-06-21 00:00:00,506.0,260.0,682.3302520945148,522.7961547619045,516.2645820668495,510.92227,462.21967
2025-06-21 01:00:00,340.0,158.0,425.28409663701314,334.3333273809525,332.26175421613385,324.44638,287.5419
2025-06-21 02:00:00,181.0,87.0,219.62160119614947,204.4487777777779,200.62822595956152,200.48807,186.46207
2025-06-21 03:00:00,95.0,49.0,34.66650859034587,76.27834523809524,80.82760641041584,82.32885,104.50955
2025-06-21 04:00:00,59.0,67.0,0.0,73.1348333333333,71.84550858088474,72.31462,58.74768
2025-06-21 05:00:00,114.0,154.0,28.14999336938331,111.87337499999998,106.68245142415378,101.42635,104.882355
2025-06-21 06:00:00,250.0,410.0,211.60354191391758,219.02147023809522,214.87225753716473,225.3812,223.78064
2025-06-21 07:00:00,419.0,799.0,538.6613832477931,416.5407023809523,417.8410425490711,426.47772,442.0511
2025-06-21 08:00:00,756.0,1182.0,891.3606603722802,712.0443650793652,737.8353121684092,751.0219,750.18604
2025-06-21 09:00:00,1152.0,973.0,1089.1126948976641,1042.8904880952377,1066.7607831399994,1084.0978,1184.6765
2025-06-21 10:00:00,1377.0,927.0,1256.8345910968003,1375.512732142857,1376.3800052090735,1341.3551,1525.1234
2025-06-21 11:00:00,1489.0,1195.0,1371.2721602386785,1483.1620793650789,1473.9850047730752,1474.7448,1665.2734
2025-06-21 12:00:00,1576.0,1338.0,1448.2822688175706,1549.33977579365,1541.0103703248392,1575.6819,1668.7897
2025-06-21 13:00:00,1536.0,1383.0,1450.4559436847567,1567.1230178571423,1565.3062033589606,1571.9723,1667.3774
2025-06-21 14:00:00,1692.0,1615.0,1529.292087094353,1597.4058432539678,1580.0329450228276,1635.9559,1687.2131
2025-06-21 15:00:00,1839.0,1748.0,1605.8775325366917,1687.2480476190474,1725.7801221484442,1709.8077,1713.333
2025-06-21 16:00:00,1745.0,1896.0,1652.6828944192969,1642.4046918498168,1702.7036755983686,1721.5779,1774.4104
2025-06-21 17:00:00,1677.0,2291.0,1702.7851297201735,1611.0372460317462,1594.9530497272008,1592.7407,1805.3801
2025-06-21 18:00:00,1718.0,2091.0,1716.1925866219942,1663.3929682539685,1659.5124108674709,1695.2882,1750.6302
2025-06-21 19:00:00,1615.0,1860.0,1598.090363396082,1471.7454603174597,1470.2016737352299,1486.4181,1706.411
2025-06-21 20:00:00,1551.0,1638.0,1521.5503757423062,1361.9176527777777,1347.2687124764025,1412.0183,1485.2421
2025-06-21 21:00:00,1161.0,1319.0,1244.771026660346,1123.4266904761905,1121.0263603776827,1075.9547,1267.9926
2025-06-21 22:00:00,1068.0,975.0,1009.2556543009117,885.8670853174601,915.8226442641031,897.7959,993.80725
2025-06-21 23:00:00,792.0,816.0,857.993326901118,724.204638888889,800.949245549711,764.2853,834.1653
2025-06-22 00:00:00,558.0,506.0,792.9485130126108,521.6414444444447,550.6374210395461,542.46826,623.5836
2025-06-22 01:00:00,353.0,340.0,563.0822951586041,394.37577597402606,405.2276529093341,384.42258,398.30698
2025-06-22 02:00:00,227.0,181.0,261.8745511147639,210.6914861111112,208.60247020278533,202.07642,247.67227
2025-06-22 03:00:00,140.0,95.0,99.15259797979792,125.8581666666666,120.14241863115446,121.77266,111.00513
2025-06-22 04:00:00,72.0,59.0,0.0,69.81326785714288,72.84490629782988,71.68446,81.36017
2025-06-22 05:00:00,89.0,114.0,0.0,61.4459107142857,62.53645864160842,65.59946,95.18884
2025-06-22 06:00:00,165.0,250.0,94.37003141174637,158.87988383838388,153.97415896770082,155.76213,179.54211
2025-06-22 07:00:00,323.0,419.0,325.07653980757937,336.86625595238104,318.4434649262092,323.63614,338.66357
2025-06-22 08:00:00,581.0,756.0,694.074173453615,606.7867202380953,623.9605817627324,614.20984,562.73926
2025-06-22 09:00:00,919.0,1152.0,994.3213874580792,877.1861666666668,915.1614788999268,919.63086,990.8638
2025-06-22 10:00:00,1191.0,1377.0,1120.7043839174394,1016.8872063492067,1076.7104878066696,1031.2246,1298.4037
2025-06-22 11:00:00,1230.0,1489.0,1260.206096401262,1235.6156250000006,1266.0690301474403,1231.2584,1321.9465
2025-06-22 12:00:00,1342.0,1576.0,1371.2885020739254,1433.1409285714294,1426.295592754438,1452.0166,1345.628
2025-06-22 13:00:00,1299.0,1536.0,1334.4505405242048,1356.6846626984127,1343.2439293044097,1352.3262,1379.044
2025-06-22 14:00:00,1475.0,1692.0,1361.9543295400904,1370.0573750000005,1354.3096247922174,1351.2037,1364.279
2025-06-22 15:00:00,1417.0,1839.0,1440.2655592594683,1367.6050000000002,1342.0124598142552,1374.8005,1355.0537
2025-06-22 16:00:00,1431.0,1745.0,1373.9801182780348,1295.8256369047622,1280.189646707934,1283.8859,1423.948
2025-06-22 17:00:00,1405.0,1677.0,1378.2903089373888,1272.7455714285713,1291.7111574050302,1303.4918,1399.1583
2025-06-22 18:00:00,1432.0,1718.0,1474.6655846916497,1399.938833333333,1395.3176433892231,1413.3512,1354.9734
2025-06-22 19:00:00,1343.0,1615.0,1424.911344233918,1267.6131488095236,1301.0986161815272,1305.1235,1297.0706
2025-06-22 20:00:00,1213.0,1551.0,1303.7402429664985,1083.9047023809528,1114.875998143934,1127.967,1158.064
2025-06-22 21:00:00,947.0,1161.0,1047.3745830363744,884.5259305555556,867.7595970316872,887.2341,941.0834
2025-06-22 22:00:00,725.0,1068.0,845.4349579054833,629.0368511904763,648.6435629727356,684.61237,666.97833
2025-06-22 23:00:00,498.0,792.0,631.5837998387259,475.03504166666664,507.300252260355,521.917,441.68542
2025-06-23 00:00:00,226.0,558.0,435.9798081206482,195.40162499999988,197.47107151072237,198.17484,263.52274
2025-06-23 01:00:00,88.0,353.0,160.71777452494945,68.98132142857145,79.34150202773397,76.57831,116.535645
2025-06-23 02:00:00,80.0,227.0,82.9049924180049,61.01498809523809,54.178159247545906,50.168243,70.654236
2025-06-23 03:00:00,50.0,140.0,0.0,42.392583333333334,38.56354554285378,36.07419,57.159424
2025-06-23 04:00:00,62.0,72.0,0.0,71.88313492063492,64.08627501563335,62.749012,61.034058
2025-06-23 05:00:00,165.0,89.0,94.00411484371193,145.97075198412693,138.21640472086048,133.72096,217.18698
2025-06-23 06:00:00,527.0,165.0,501.16581183537,462.91567857142866,496.7760419359329,487.58948,435.6823
2025-06-23 07:00:00,943.0,323.0,901.2596881746562,1008.9385813492064,1001.230214988582,981.7238,921.1533
2025-06-23 08:00:00,1335.0,581.0,1161.427028786804,1405.2163908730167,1378.9544733175014,1378.4497,1495.6162
2025-06-23 09:00:00,879.0,919.0,1142.4150632243432,919.2247738095236,887.3956224514714,914.2022,962.53064
2025-06-23 10:00:00,680.0,1191.0,935.9878974728838,710.5591904761905,678.2081585503302,668.6625,648.9185
2025-06-23 11:00:00,733.0,1230.0,873.540892314538,744.000904761905,742.4901501921655,740.8199,680.51715
2025-06-23 12:00:00,867.0,1342.0,941.7452948751653,834.380363095238,819.2557156624954,828.3949,741.2635
2025-06-23 13:00:00,927.0,1299.0,1072.7854969407294,1004.5571746031746,995.1972512949976,1027.1403,767.7673
2025-06-23 14:00:00,1027.0,1475.0,1086.9670443974614,952.8700595238096,945.28188708437,997.0262,874.9247
2025-06-23 15:00:00,1099.0,1417.0,1162.8645745133244,1103.3405892857145,1065.3121493733993,1087.5419,1077.9463
2025-06-23 16:00:00,1450.0,1431.0,1334.6016383565557,1414.451823412698,1337.2260578127987,1386.7089,1438.4712
2025-06-23 17:00:00,1991.0,1405.0,1544.3411683494874,1839.5910376984132,1930.984083702335,1895.9655,2115.9478
2025-06-23 18:00:00,1849.0,1432.0,1675.4335467606095,1813.8469841269844,1824.5169286307864,1853.9064,2071.0952
2025-06-23 19:00:00,1510.0,1343.0,1494.1527877556093,1419.6115138888892,1402.6388994348808,1458.9154,1658.1584
2025-06-23 20:00:00,1364.0,1213.0,1380.3261948622744,1307.5126329365075,1268.6033575973322,1316.5607,1301.9021
2025-06-23 21:00:00,1020.0,947.0,1150.098764935024,1039.4993214285712,1036.3104847222676,1064.8718,1066.135
2025-06-23 22:00:00,653.0,725.0,730.9392440342432,606.2739742063491,589.5821055302811,622.61523,693.6453
2025-06-23 23:00:00,416.0,498.0,431.2126458275691,362.06277976190484,359.45981490775324,381.33295,388.71436
2025-06-24 00:00:00,192.0,226.0,308.3009303581476,161.104615079365,164.95022173905943,174.31306,209.10168
2025-06-24 01:00:00,86.0,88.0,118.4491508611539,74.66983134920638,77.69065842042204,71.35403,109.734985
2025-06-24 02:00:00,57.0,80.0,84.28822786727346,48.9191488095238,45.830679707135026,41.60346,64.54834
2025-06-24 03:00:00,38.0,50.0,0.0,30.391111111111105,31.509370586050853,28.809847,51.25714
2025-06-24 04:00:00,70.0,62.0,0.0,72.6765753968254,68.24793378068983,67.04436,93.698425
2025-06-24 05:00:00,196.0,165.0,143.61083666890084,170.48674999999994,167.04288792189692,158.84377,220.65646
2025-06-24 06:00:00,553.0,527.0,675.6643141687189,565.0740436507938,565.3003183880961,572.0514,502.32486
2025-06-24 07:00:00,1107.0,943.0,1115.5595354083166,1107.923325396825,1115.8968111112115,1104.2715,1189.57
2025-06-24 08:00:00,1552.0,1335.0,1455.3195236456681,1610.1509224386728,1714.431969332914,1678.2275,1855.3282
2025-06-24 09:00:00,943.0,879.0,1240.3851524355036,969.1172380952385,958.2599843908,974.65735,1129.3131
2025-06-24 10:00:00,617.0,680.0,837.2359315637792,702.8352678571428,672.2197801446857,685.94293,721.60315
2025-06-24 11:00:00,691.0,733.0,673.3371991490301,631.0446388888887,629.0789934299063,634.55347,716.05804
2025-06-24 12:00:00,939.0,867.0,815.8964311138136,757.8885952380951,787.9504344430114,763.87,753.94604
2025-06-24 13:00:00,887.0,927.0,909.8388953807763,841.7472321428571,847.046141564029,848.607,793.74554
2025-06-24 14:00:00,971.0,1027.0,918.1805575547999,848.7100357142859,851.1361146276315,846.4076,856.25757
2025-06-24 15:00:00,1173.0,1099.0,1065.6181702915576,1025.4790892857145,1050.6152993817648,1003.36816,1150.966
2025-06-24 16:00:00,1510.0,1450.0,1379.3247747452283,1490.5379543650793,1453.273023213801,1437.0293,1518.5107
2025-06-24 17:00:00,2098.0,1991.0,1684.7979367342296,1998.4779880952367,2026.5878909327896,1991.2267,2318.1743
2025-06-24 18:00:00,1892.0,1849.0,1806.2764470277789,1829.19053968254,1871.1677974879688,1884.0969,2163.8394
2025-06-24 19:00:00,1626.0,1510.0,1591.1410021079096,1557.4460238095237,1515.5901854039707,1578.1711,1724.0876
2025-06-24 20:00:00,1298.0,1364.0,1435.1231709823605,1320.2874682539682,1310.9633698610676,1341.0052,1378.1074
2025-06-24 21:00:00,1014.0,1020.0,1094.8173737971497,965.195257936508,999.2092195652879,971.1063,1141.867
2025-06-24 22:00:00,710.0,653.0,799.4528076881203,727.4463492063488,708.8165707231238,716.63214,723.7708
2025-06-24 23:00:00,372.0,416.0,420.1074402650045,337.58236111111114,314.8459502283573,343.07202,443.97266
2025-06-25 00:00:00,185.0,192.0,338.13037385352726,153.7442321428571,151.2276542967746,159.66165,211.78354
2025-06-25 01:00:00,95.0,86.0,106.61483033114183,67.46422023809527,68.79697910801475,62.487476,112.96323
2025-06-25 02:00:00,47.0,57.0,29.240676519573526,43.870650793650775,33.439399172084855,30.972078,59.1781
2025-06-25 03:00:00,32.0,38.0,0.0,24.24495833333334,22.183266467211094,24.162664,35.121216
2025-06-25 04:00:00,67.0,70.0,0.0,58.01392857142856,53.79884109326462,53.846336,80.14807
2025-06-25 05:00:00,236.0,196.0,212.7041798060729,209.26103373015877,195.37006598811783,200.661,218.56323
2025-06-25 06:00:00,605.0,553.0,679.2871786944215,556.6098750000001,555.9921247639697,565.3705,572.3843
2025-06-25 07:00:00,1085.0,1107.0,1200.2058529291198,1214.177412698413,1186.5889728418128,1216.9535,1250.1503
2025-06-25 08:00:00,1518.0,1552.0,1486.4979499661113,1620.180821428571,1655.3434624646352,1626.0751,1798.6742
2025-06-25 09:00:00,983.0,943.0,1224.8520554047557,955.6286071428578,951.1743792883893,954.578,1033.832
2025-06-25 10:00:00,658.0,617.0,819.9223375993785,639.2960793650793,641.1429578909065,670.3086,705.30225
2025-06-25 11:00:00,694.0,691.0,665.5828664192846,605.1990753968253,587.5847971706806,593.65405,739.95056
2025-06-25 12:00:00,931.0,939.0,850.0055835404983,808.8790476190475,804.7486148981563,798.18713,787.8173
2025-06-25 13:00:00,945.0,887.0,955.6189208017407,921.8876158008657,903.874851831297,911.9146,792.0559
2025-06-25 14:00:00,989.0,971.0,967.8770622669456,929.0320535714286,924.4745990589558,918.1243,897.2794
2025-06-25 15:00:00,1224.0,1173.0,1156.0063936300799,1173.8294603174604,1145.8553285413068,1150.1089,1234.6758
2025-06-25 16:00:00,1609.0,1510.0,1374.795219995301,1445.8788293650798,1439.1751406186136,1453.7684,1618.9635
2025-06-25 17:00:00,2051.0,2098.0,1730.2101109100656,2027.597077380952,2073.014998290862,2054.5193,2454.2983
2025-06-25 18:00:00,2069.0,1892.0,1907.2767758924022,2145.9114368686874,2132.700069340404,2182.2717,2156.4688
2025-06-25 19:00:00,1804.0,1626.0,1741.2896174240534,1696.787938492063,1702.066740192749,1771.007,1745.9509
2025-06-25 20:00:00,1371.0,1298.0,1449.5321694431277,1330.3969960317454,1339.2277322886257,1351.3462,1318.6841
2025-06-25 21:00:00,1108.0,1014.0,1165.4827089046998,1016.3388650793651,1041.0169578429472,1081.4054,1053.149
2025-06-25 22:00:00,769.0,710.0,863.2273769464637,796.6361468253967,766.1367131484665,771.94507,779.3452
2025-06-25 23:00:00,403.0,372.0,483.2865070937681,436.04225649350667,444.99714001866465,463.11472,449.8166
2025-06-26 00:00:00,184.0,185.0,305.5493013020305,181.33948809523812,168.7690605381702,185.54308,230.17331
2025-06-26 01:00:00,86.0,95.0,68.55969496835712,72.06915746753248,72.61068121473812,68.587585,104.75192
2025-06-26 02:00:00,63.0,47.0,11.630119467426425,42.23003571428572,43.54142532597407,38.743874,45.380493
2025-06-26 03:00:00,32.0,32.0,0.0,28.243833333333324,29.57967063908807,26.963385,28.991516
2025-06-26 04:00:00,61.0,67.0,0.0,47.586005952380965,43.50670025269931,43.066658,58.237976
2025-06-26 05:00:00,196.0,236.0,141.4798052000349,161.78760714285707,161.7945934997343,156.8304,189.35541
2025-06-26 06:00:00,566.0,605.0,657.9177291385909,557.9104107142858,531.0731513506241,555.8215,496.6867
2025-06-26 07:00:00,1061.0,1085.0,1139.1192653951057,1096.1018611111112,1115.5058191007372,1099.0552,1167.0555
2025-06-26 08:00:00,1587.0,1518.0,1512.7958886539723,1776.9332896825404,1725.346227278416,1760.8966,1786.6345
2025-06-26 09:00:00,1082.0,983.0,1319.2200661846891,1070.4285615079366,1085.1653677172203,1085.339,1077.258
2025-06-26 10:00:00,686.0,658.0,882.2696171590014,701.3399880952384,681.6148038297348,680.2503,760.6538
2025-06-26 11:00:00,815.0,694.0,768.6818073590857,740.3038154761905,740.1451898225633,727.91864,794.7145
2025-06-26 12:00:00,960.0,931.0,971.2155611420047,957.1489047619049,964.9203740194749,941.6416,906.6534
2025-06-26 13:00:00,1086.0,945.0,985.5215719447845,994.1899166666666,982.0888475441265,950.7761,967.94525
2025-06-26 14:00:00,1125.0,989.0,1019.6975139098465,1043.5314206349203,993.762449556533,1001.38086,1060.8127
2025-06-26 15:00:00,1317.0,1224.0,1272.2929747030694,1368.6513809523808,1394.5904237846125,1364.7523,1410.4233
2025-06-26 16:00:00,1720.0,1609.0,1464.3929837275023,1655.8606349206345,1551.6848330560854,1589.5236,1801.7694
2025-06-26 17:00:00,2306.0,2051.0,1834.5127423727986,2239.900261904762,2384.186887299569,2466.5962,2445.9775
2025-06-26 18:00:00,2092.0,2069.0,1922.5791979669434,2067.01375,2144.4360674837985,2132.7666,2315.6401
2025-06-26 19:00:00,1679.0,1804.0,1697.6966662043044,1674.2232083333333,1685.373527950511,1689.3909,1633.6667
2025-06-26 20:00:00,1469.0,1371.0,1470.5990097093293,1440.2047023809528,1463.2214348758014,1446.3867,1176.2732
2025-06-26 21:00:00,917.0,1108.0,1002.2475185147712,805.2143690476188,862.7472598501404,820.7107,1140.0964
2025-06-26 22:00:00,371.0,769.0,526.896001205899,369.5368095238095,385.0968629305165,427.15344,669.547
2025-06-26 23:00:00,191.0,403.0,145.70038217733713,199.4411845238095,187.22613552766035,206.03581,304.48923
2025-06-27 00:00:00,101.0,184.0,91.7102433609474,86.71619444444443,86.29189240677746,88.06841,158.14594
2025-06-27 01:00:00,47.0,86.0,0.0,47.58444642857142,42.53707307602791,43.344246,55.61493
2025-06-27 02:00:00,34.0,63.0,0.0,27.897328643578643,29.704796688439856,28.888979,34.070923
2025-06-27 03:00:00,26.0,32.0,0.0,26.236035714285713,26.795568724228943,27.261827,15.565491
2025-06-27 04:00:00,68.0,61.0,0.0,61.11595039682539,61.94098863042897,59.71279,59.41461
2025-06-27 05:00:00,166.0,196.0,104.7476995975311,157.46252182539686,157.34999280234476,154.7581,184.12021
2025-06-27 06:00:00,422.0,566.0,442.497074575292,392.20769642857135,380.12304348524873,380.39847,440.66858
2025-06-27 07:00:00,782.0,1061.0,927.3259070831853,767.3502857142853,825.9005536826968,804.63043,894.327
2025-06-27 08:00:00,1286.0,1587.0,1337.7502660369437,1352.027904761905,1321.4127149446708,1351.0315,1389.4517
2025-06-27 09:00:00,946.0,1082.0,1145.1142310395567,936.3023948412698,928.4038250011661,917.9219,1001.40967
2025-06-27 10:00:00,762.0,686.0,938.8473702110316,885.5384781746033,867.5430155149721,858.2032,766.5725
2025-06-27 11:00:00,835.0,815.0,852.1294998042222,861.5442857142857,844.0495829970636,853.07574,925.44116
2025-06-27 12:00:00,865.0,960.0,882.8145916423287,889.8904166666669,910.1679717616857,912.1141,1076.0149
2025-06-27 13:00:00,1047.0,1086.0,983.5657136714929,1012.0041666666671,993.2379039926739,982.2001,1131.7601
2025-06-27 14:00:00,1297.0,1125.0,1073.952860037749,1096.0526250000003,1098.3342380674933,1086.5839,1283.5496
2025-06-27 15:00:00,1390.0,1317.0,1249.6098352976605,1329.8198750000001,1336.0414756724856,1302.142,1600.671
2025-06-27 16:00:00,1719.0,1720.0,1503.607896130206,1617.7007678571422,1632.8058388027664,1620.8309,1761.0908
2025-06-27 17:00:00,2021.0,2306.0,1816.4508144812767,2057.44275,2031.8464825996837,2037.809,2262.0532
2025-06-27 18:00:00,1938.0,2092.0,1866.031896738897,2033.7989186507925,1973.3260044512533,2000.173,1912.4515
2025-06-27 19:00:00,1550.0,1679.0,1604.513124315692,1586.9816845238101,1553.369362471461,1575.5914,1618.178
2025-06-27 20:00:00,1251.0,1469.0,1304.4160985252006,1235.6320000000005,1173.3096893987229,1191.9869,1179.801
2025-06-27 21:00:00,1000.0,917.0,1028.9953043281243,994.4700019841266,1019.8341120183184,986.0878,952.81287
2025-06-27 22:00:00,809.0,371.0,777.6715636384373,849.5421646825397,826.6037924670692,832.69543,806.2186
2025-06-27 23:00:00,676.0,191.0,532.0912164897506,573.3594345238098,616.4990391461633,582.38983,698.3369
2025-06-28 00:00:00,446.0,101.0,622.1199320235496,442.7452023809524,471.01705988823124,459.69394,444.38586
2025-06-28 01:00:00,314.0,47.0,335.5283368254326,255.13381349206352,266.51047527486685,259.82495,307.50128
2025-06-28 02:00:00,221.0,34.0,221.12878203781298,210.92317857142854,205.6777074671961,198.46742,163.12274
2025-06-28 03:00:00,104.0,26.0,66.11002092946524,108.4907619047619,113.84778793126593,112.02957,106.40988
2025-06-28 04:00:00,50.0,68.0,0.0,55.21477380952379,51.836635699463486,52.133854,68.34125
2025-06-28 05:00:00,84.0,166.0,6.231079451534242,78.89294246031749,73.69213559099046,75.50763,87.33624
2025-06-28 06:00:00,218.0,422.0,194.9922226902408,183.73794841269842,181.24222013638015,174.27603,208.64722
2025-06-28 07:00:00,377.0,782.0,478.5583037096038,364.39055158730184,357.40390155944,362.36606,406.1739
2025-06-28 08:00:00,661.0,1286.0,855.812559441074,628.4619226190475,632.8029288961092,629.4769,683.66614
2025-06-28 09:00:00,1027.0,946.0,990.2656418493625,888.6906269841269,918.7582454901191,892.212,1083.8477
2025-06-28 10:00:00,1316.0,762.0,1205.81811342105,1325.195791666666,1343.7936897854797,1363.8838,1352.3892
2025-06-28 11:00:00,1467.0,835.0,1305.215172679789,1491.9358033910537,1497.1362398059384,1508.869,1559.1466
2025-06-28 12:00:00,1664.0,865.0,1346.5946736326146,1545.623033730159,1588.377334459789,1609.3009,1616.9213
2025-06-28 13:00:00,1609.0,1047.0,1424.451430425767,1621.505892857142,1629.072395694841,1661.5804,1646.2185
2025-06-28 14:00:00,1635.0,1297.0,1472.679863770667,1631.682948412698,1659.9276941820603,1684.578,1714.5609
2025-06-28 15:00:00,1785.0,1390.0,1529.8676984767076,1737.5756250000004,1741.0002781519167,1777.9851,1741.2626
2025-06-28 16:00:00,1680.0,1719.0,1625.0603966334488,1708.8272341269833,1741.8582822537562,1771.3995,1788.8396
2025-06-28 17:00:00,1684.0,2021.0,1678.9353339961267,1692.0094484126987,1698.232188461468,1753.7733,1803.2561
2025-06-28 18:00:00,1678.0,1938.0,1665.8269395962377,1640.9977619047613,1630.7724065937587,1657.3461,1766.1437
2025-06-28 19:00:00,1582.0,1550.0,1513.0571134130278,1479.4469821428572,1441.8210324583988,1496.4714,1659.9918
2025-06-28 20:00:00,1253.0,1251.0,1298.74550246931,1219.4204841269839,1229.3803447907417,1241.2688,1428.917
2025-06-28 21:00:00,1167.0,1000.0,1049.8801638996044,995.9308095238091,1025.3557164519739,991.47833,1145.0164
2025-06-28 22:00:00,906.0,809.0,922.3510227522818,890.0260817099569,898.8935465473392,893.7841,917.75476
2025-06-28 23:00:00,756.0,676.0,735.5681547161504,696.7247440476193,704.9610656311902,695.3527,761.5198
2025-06-29 00:00:00,532.0,446.0,696.6149693742129,491.22972817460305,501.15060696621646,486.38168,530.8126
2025-06-29 01:00:00,329.0,314.0,454.17730049409613,332.6871607142857,327.05701978571705,317.48587,340.91147
2025-06-29 02:00:00,247.0,221.0,290.06106110083823,230.66961904761902,209.9668699023993,202.87257,213.40689
2025-06-29 03:00:00,135.0,104.0,113.0282009674039,140.8775654761905,133.8441751676264,129.50319,135.03143
2025-06-29 04:00:00,61.0,50.0,0.0,50.24130952380954,48.90890483671341,48.92051,94.48761
2025-06-29 05:00:00,91.0,84.0,0.0,67.5927976190476,66.95997292761646,65.37323,93.43036
2025-06-29 06:00:00,170.0,218.0,80.66975162279016,154.6568313492063,145.48628191530088,151.2317,183.29605
2025-06-29 07:00:00,282.0,377.0,268.28814956781895,277.7754345238096,284.7049137087982,290.9028,337.27997
2025-06-29 08:00:00,584.0,661.0,606.5215374010766,547.8653809523811,565.8985411173493,567.04913,555.56525
2025-06-29 09:00:00,971.0,1027.0,1011.3529877129847,1001.5846906565655,1012.9581862133319,1003.08466,921.2998
2025-06-29 10:00:00,1211.0,1316.0,1175.567128503409,1137.1766845238096,1187.5255322001076,1128.0369,1360.6414
2025-06-29 11:00:00,1357.0,1467.0,1351.0157642336735,1396.12201984127,1372.7715740755036,1387.3407,1460.7278
2025-06-29 12:00:00,1403.0,1664.0,1386.5682180914537,1417.6230119047614,1404.0211246738695,1421.3787,1505.4248
2025-06-29 13:00:00,1377.0,1609.0,1388.2352121480208,1471.1528353174604,1455.2476901154132,1460.5162,1433.855
2025-06-29 14:00:00,1430.0,1635.0,1351.2484881493672,1369.5246547619047,1336.727911465252,1362.9658,1391.1294
2025-06-29 15:00:00,1516.0,1785.0,1491.2734059679856,1580.641642857143,1546.332089473233,1540.353,1385.8568
2025-06-29 16:00:00,1313.0,1680.0,1373.5883063731292,1298.7713174603173,1297.5771643704284,1288.3466,1512.762
2025-06-29 17:00:00,1446.0,1684.0,1377.6903388413898,1400.359299603175,1418.9644755510033,1432.8461,1462.2229
2025-06-29 18:00:00,1389.0,1678.0,1439.422966781727,1427.774904761905,1401.0293907032067,1418.7468,1307.7722
2025-06-29 19:00:00,1194.0,1582.0,1326.321451403831,1144.9403630952381,1190.7296508827471,1223.3251,1107.7684
2025-06-29 20:00:00,924.0,1253.0,1091.6605568914244,985.0128432539681,972.7906565627178,992.19037,956.9369
2025-06-29 21:00:00,796.0,1167.0,841.6848480883992,664.8019523809527,652.3132764584176,704.1527,700.25916
2025-06-29 22:00:00,553.0,906.0,625.5458973703139,492.3276666666666,499.2424857939045,533.35223,468.9184
2025-06-29 23:00:00,368.0,756.0,436.5512564308446,327.51822420634915,340.2608698477189,354.73157,298.17807
2025-06-30 00:00:00,195.0,532.0,365.556983427002,167.59007738095238,175.3540997537091,185.35747,185.08353
2025-06-30 01:00:00,73.0,329.0,116.48203876615781,69.62619642857142,67.32219418252586,71.03267,107.47159
2025-06-30 02:00:00,49.0,247.0,24.044425980331198,38.26767857142856,37.259584842353725,31.811907,57.88855
2025-06-30 03:00:00,34.0,135.0,0.0,34.41750992063491,31.26870896066872,31.471622,35.55072
2025-06-30 04:00:00,49.0,61.0,0.0,50.20573611111113,45.06429590171231,45.666008,86.80286
2025-06-30 05:00:00,198.0,91.0,96.29135526043308,172.32729899267395,159.60017094255363,157.20973,212.75485
2025-06-30 06:00:00,494.0,170.0,476.4355035127271,472.19476190476155,468.8472619834886,463.98785,488.54398
2025-06-30 07:00:00,932.0,282.0,897.4443946067287,1057.8732678571425,1076.6748213022229,1035.0681,1050.6895
2025-06-30 08:00:00,1444.0,584.0,1213.2931130526404,1540.5161598124098,1511.458797011624,1569.5208,1703.3071
2025-06-30 09:00:00,894.0,971.0,1179.2667293314116,942.3370952380958,968.5554957160709,955.7197,1065.0663
2025-06-30 10:00:00,705.0,1211.0,993.9115450184104,750.9732678571429,780.0887416756206,776.722,711.3059
2025-06-30 11:00:00,788.0,1357.0,968.3689006942388,821.6736177849929,813.6647152619838,814.96124,757.1285
2025-06-30 12:00:00,966.0,1403.0,1099.8454257004728,1014.8691666666666,1014.8908528718092,1030.1368,858.5562
2025-06-30 13:00:00,1002.0,1377.0,1055.4569079355952,973.7341984126983,927.5019302500668,956.62836,917.40875
2025-06-30 14:00:00,1087.0,1430.0,1146.2999045866172,1101.216928571429,1045.3441709238552,1074.2339,943.55273
2025-06-30 15:00:00,1203.0,1516.0,1262.7066057651896,1268.7529621212122,1276.9362879315092,1241.7205,1222.999
2025-06-30 16:00:00,1607.0,1313.0,1406.3749018861993,1676.8813333333337,1602.9666686925873,1644.7378,1585.314
2025-06-30 17:00:00,2201.0,1446.0,1650.39220234236,2262.349315476191,2284.458793567218,2270.3396,2303.2515
2025-06-30 18:00:00,2020.0,1389.0,1767.1964233261717,2073.543018759018,2067.6475377965517,2045.5969,2158.484
2025-06-30 19:00:00,1697.0,1194.0,1560.648119496167,1580.7241488095228,1647.9924938429895,1641.8875,1472.1226
2025-06-30 20:00:00,1383.0,924.0,1375.0524368605184,1407.7834345238098,1406.7970793432435,1421.4761,1036.8258
2025-06-30 21:00:00,1067.0,796.0,1093.6071479717207,1043.904636904762,1026.1857959672495,1050.9692,938.99866
2025-06-30 22:00:00,640.0,553.0,672.7570755137543,598.4602658730159,584.4367384922135,620.9027,683.7466
2025-06-30 23:00:00,352.0,368.0,360.78105970090576,343.6251845238094,349.6116584951757,362.13998,359.18912
2025-07-01 00:00:00,163.0,195.0,225.56614163060993,126.2526785714286,121.14467050391234,133.07578,200.40738
2025-07-01 01:00:00,90.0,73.0,74.91337524513278,64.40980357142857,66.32743857540378,61.294376,88.823364
2025-07-01 02:00:00,61.0,49.0,0.0,42.273018939393936,37.799966438853325,35.62444,58.75641
2025-07-01 03:00:00,39.0,34.0,0.0,30.36382738095238,31.350645266823832,29.13793,42.163696
2025-07-01 04:00:00,64.0,49.0,0.0,55.67538293650796,58.839311228835754,56.4714,62.168884
2025-07-01 05:00:00,189.0,198.0,128.41298439892972,166.22566666666665,159.4733743403785,160.3721,179.08878
2025-07-01 06:00:00,573.0,494.0,646.7337970290779,567.5154186507935,570.5688746084643,568.0093,476.48346
2025-07-01 07:00:00,1021.0,932.0,1066.1719990776398,1066.7244880952378,1127.5247089357918,1129.2404,1207.7368
2025-07-01 08:00:00,1633.0,1444.0,1480.049882005386,1738.534533730158,1665.493080113875,1754.1782,1879.1332
2025-07-01 09:00:00,1052.0,894.0,1314.6980989013105,1070.3600595238102,1115.8296483311947,1084.7825,1135.9299
2025-07-01 10:00:00,694.0,705.0,889.3550211427237,776.7286349206349,757.2814583803116,767.2563,784.7946
2025-07-01 11:00:00,802.0,788.0,826.87100542601,795.1540329670329,802.9433129077229,811.75,792.1216
2025-07-01 12:00:00,971.0,966.0,911.5463538960494,921.9095654761902,925.0383553407046,904.5393,931.3574
2025-07-01 13:00:00,1019.0,1002.0,965.7403362266452,969.1925238095237,935.5169194597721,942.2858,934.9992
2025-07-01 14:00:00,1261.0,1087.0,1099.0031295824037,1147.8626726190478,1099.400332796534,1100.2241,999.5814
2025-07-01 15:00:00,849.0,1203.0,949.6787594979039,828.4344781746033,820.0799106535285,868.43414,1328.4241
2025-07-01 16:00:00,1031.0,1607.0,1067.3060897275977,962.852351190476,1013.8394877377527,997.8215,1282.0679
2025-07-01 17:00:00,1642.0,2201.0,1461.1495529060426,1602.175428571428,1706.5131463943178,1626.6002,2040.45
2025-07-01 18:00:00,1217.0,2020.0,1397.2946436495158,1154.2304702380952,1150.560245729061,1175.9502,1749.8787
2025-07-01 19:00:00,482.0,1697.0,875.9330342929288,514.87225,448.891680028726,541.9797,1188.873
2025-07-01 20:00:00,317.0,1383.0,474.02641182174267,305.55923809523813,286.9900422143233,311.30795,362.83597
2025-07-01 21:00:00,401.0,1067.0,481.2184860839455,409.67665476190473,384.5233975274645,386.46332,197.86996
2025-07-01 22:00:00,376.0,640.0,336.61484816352583,294.6420416666667,287.90584684910925,300.14386,297.42184
2025-07-01 23:00:00,252.0,352.0,198.6964673131494,220.2242316017316,220.74467995040365,233.27264,193.74518
2025-07-02 00:00:00,127.0,163.0,182.8215551336263,103.81605555555558,103.4852785202296,106.4953,103.90082
2025-07-02 01:00:00,72.0,90.0,55.39546040059781,58.95757738095238,54.6721669893876,53.909542,51.35791
2025-07-02 02:00:00,34.0,61.0,0.0,32.28489682539682,25.095351730764115,26.328259,21.857788
2025-07-02 03:00:00,20.0,39.0,0.0,16.69417857142858,16.139886355053907,21.488121,3.7120361
2025-07-02 04:00:00,41.0,64.0,0.0,35.5249007936508,32.660526737300856,36.22169,51.343567
2025-07-02 05:00:00,150.0,189.0,127.49441746342512,148.28083333333328,138.68430797971538,142.43513,120.49997
2025-07-02 06:00:00,482.0,573.0,522.6533149847082,413.81218452380944,403.68905024275557,414.74203,371.87225
2025-07-02 07:00:00,878.0,1021.0,1046.256356004451,989.5936785714292,1025.7036012121466,971.99524,871.7624
2025-07-02 08:00:00,1392.0,1633.0,1359.0005626799034,1361.17149404762,1396.6280513836937,1381.4237,1578.085
2025-07-02 09:00:00,913.0,1052.0,1237.918621515801,971.2360654761909,1001.1824787409276,983.32263,911.7926
2025-07-02 10:00:00,690.0,694.0,862.6607322858405,705.3053670634922,708.3576586994982,696.1884,709.8926
2025-07-02 11:00:00,892.0,802.0,886.974950513281,840.5745615079366,817.2357811905829,836.24945,801.24524
2025-07-02 12:00:00,1090.0,971.0,1092.015924146933,1073.828638888889,1080.231073697008,1087.4348,952.4394
2025-07-02 13:00:00,1127.0,1019.0,1122.8371094246763,1123.3769561688314,1123.168167944855,1124.0956,1031.7869
2025-07-02 14:00:00,1179.0,1261.0,1207.1845538005546,1196.8108015873013,1212.9669204707275,1202.5612,1221.3015
2025-07-02 15:00:00,1475.0,849.0,1302.323928537008,1537.7894922438668,1580.1163227562074,1555.6804,1651.3042
2025-07-02 16:00:00,1806.0,1031.0,1476.3518541569392,1800.5366785714286,1792.9212129039902,1779.2903,2033.3384
2025-07-02 17:00:00,2491.0,1642.0,1810.9656074128306,2495.502448412699,2530.695986801821,2362.4932,2791.2268
2025-07-02 18:00:00,2267.0,1217.0,1863.528854116512,2209.835797077921,2243.005637333095,2183.1814,2283.5376
2025-07-02 19:00:00,1735.0,482.0,1561.645438560041,1854.4143789682537,1870.876839010523,1919.7936,1638.3644
2025-07-02 20:00:00,1433.0,317.0,1268.7234815486154,1442.8072797619045,1449.6671910120663,1460.7097,1338.4204
2025-07-02 21:00:00,1218.0,401.0,1026.1190870936816,1034.8254642857146,1022.6291223185641,1078.223,1087.0925
2025-07-02 22:00:00,904.0,376.0,850.4583095648383,850.8910138888886,860.7442195675297,856.4865,783.261
2025-07-02 23:00:00,455.0,252.0,477.3802657768897,454.74403571428587,476.3215587951388,494.60767,527.7905
2025-07-03 00:00:00,250.0,127.0,374.25871466152756,252.04020238095225,249.0064235181114,253.16116,257.98547
2025-07-03 01:00:00,128.0,72.0,153.17933956890982,128.58245039682538,121.98871038756488,118.93328,142.7796
2025-07-03 02:00:00,66.0,34.0,4.474703967616051,66.85126785714287,64.97996526093517,65.10016,75.21704
2025-07-03 03:00:00,36.0,20.0,0.0,33.91547817460317,34.56446774150406,31.852251,33.735657
2025-07-03 04:00:00,65.0,41.0,0.0,57.732259920634924,57.17824227753434,59.58107,55.564697
2025-07-03 05:00:00,191.0,150.0,156.35921866027206,190.20516666666666,195.22307647135884,192.76222,194.27411
2025-07-03 06:00:00,515.0,482.0,578.2803114087181,484.82913095238086,503.8868420153827,506.84973,458.1227
2025-07-03 07:00:00,804.0,878.0,1006.4249905669417,975.6558412698417,995.9840068110711,975.07263,1093.5769
2025-07-03 08:00:00,1328.0,1392.0,1331.6488243636231,1368.706261904762,1394.9270329745589,1405.3926,1558.604
2025-07-03 09:00:00,945.0,913.0,1183.7657278641796,986.1158749999998,1002.1021777504983,1008.68427,1279.865
2025-07-03 10:00:00,921.0,690.0,984.8464525965907,873.2419206349203,881.7287981918228,886.7734,993.39056
2025-07-03 11:00:00,1003.0,892.0,1024.727670760514,1000.90239484127,987.9726671080354,983.98285,1141.3479
2025-07-03 12:00:00,1205.0,1090.0,1140.7818064845633,1162.4517380952386,1130.2112156460985,1154.418,1243.343
2025-07-03 13:00:00,1274.0,1127.0,1168.3172026291372,1187.9463095238095,1192.0269938538108,1177.2915,1315.7246
2025-07-03 14:00:00,1489.0,1179.0,1355.557229868512,1529.5719642857148,1507.991274420926,1551.2227,1531.8174
2025-07-03 15:00:00,1750.0,1475.0,1501.3799401439323,1588.4427162698425,1576.5296857354722,1605.4208,1813.9736
2025-07-03 16:00:00,1870.0,1806.0,1681.4920275289546,1874.0284642857143,1863.3379798905341,1864.0375,1946.1174
2025-07-03 17:00:00,1946.0,2491.0,1926.2099646190247,2143.4488809523805,2213.2657406886833,2210.3228,2124.8308
2025-07-03 18:00:00,1853.0,2267.0,1841.822906584203,1877.2191349206346,1886.3660294841861,1849.639,1732.0747
2025-07-03 19:00:00,1580.0,1735.0,1687.1187654241403,1668.5096442307695,1673.0791949960242,1695.6648,1448.4204
2025-07-03 20:00:00,1381.0,1433.0,1423.8162011378963,1296.579357142857,1317.0395132012907,1319.3663,1336.4615
2025-07-03 21:00:00,1133.0,1218.0,1180.8321035370382,1024.4602261904763,1083.7112425228554,1071.5093,1195.7522
2025-07-03 22:00:00,986.0,904.0,946.2320498167353,833.9030376984125,832.6260300378717,797.20355,943.2578
2025-07-03 23:00:00,604.0,455.0,660.8326416471552,621.3790833333334,611.6771893918509,609.18756,645.74915
2025-07-04 00:00:00,402.0,250.0,525.0622020045687,366.59066883116867,341.2377364020719,337.07834,338.70822
2025-07-04 01:00:00,262.0,128.0,287.2359957339587,214.20180357142857,231.74471061473244,219.8732,177.06937
2025-07-04 02:00:00,122.0,66.0,113.89271017480047,107.5344880952381,115.64233925231166,118.19869,93.61334
2025-07-04 03:00:00,75.0,36.0,0.0,59.725535714285726,64.32072143567692,68.91826,44.078003
2025-07-04 04:00:00,60.0,65.0,0.0,62.202309523809525,59.31780564507626,64.95033,38.709045
2025-07-04 05:00:00,115.0,191.0,29.37451171288035,104.18919444444442,100.92951092793972,102.265656,74.42084
2025-07-04 06:00:00,236.0,515.0,282.8347459907257,251.46019047619046,227.4882218121391,234.16505,174.63593
2025-07-04 07:00:00,406.0,804.0,581.774260978932,433.0286924603172,427.5023615221141,437.81256,343.93695
2025-07-04 08:00:00,622.0,1328.0,917.0752263500322,709.357204365079,687.0456552967435,679.3645,576.49976
2025-07-04 09:00:00,923.0,945.0,963.792923190513,874.2781410533909,840.7269804225484,837.1639,882.0657
2025-07-04 10:00:00,1341.0,921.0,1186.1761199287942,1220.7123551587301,1191.4020109053088,1197.1927,1122.8065
2025-07-04 11:00:00,1389.0,1003.0,1311.412278332874,1429.2420079365083,1414.8164218628513,1365.6396,1359.1716
2025-07-04 12:00:00,1385.0,1205.0,1368.3862700994587,1461.34301984127,1457.5215122590407,1440.524,1552.1403
2025-07-04 13:00:00,1551.0,1274.0,1345.1708054601033,1444.136906746032,1453.6651720313039,1431.6808,1608.551
2025-07-04 14:00:00,1630.0,1489.0,1416.0343625273663,1453.147704365079,1498.2327464328057,1460.0504,1567.0342
2025-07-04 15:00:00,1657.0,1750.0,1567.095830920136,1645.9045835137078,1666.1877154336287,1636.1461,1577.8021
2025-07-04 16:00:00,1694.0,1870.0,1535.775078790929,1446.4196666666658,1500.9645632360089,1473.4025,1631.1929
2025-07-04 17:00:00,1655.0,1946.0,1547.4963317513902,1402.893571428571,1416.2717971029228,1430.1191,1615.9088
2025-07-04 18:00:00,1612.0,1853.0,1642.3656940138585,1606.335442640692,1592.4882777948553,1604.0598,1599.1599
2025-07-04 19:00:00,1845.0,1580.0,1687.6894828473203,1745.6545952380952,1742.1278487686416,1768.2437,1602.6865
2025-07-04 20:00:00,1839.0,1381.0,1651.1246163813894,1621.582130952381,1726.9352204413087,1708.5549,1567.9048
2025-07-04 21:00:00,1803.0,1133.0,1253.9717577609576,1031.053029761905,1267.9784141575067,1160.7421,1435.9558
2025-07-04 22:00:00,1439.0,986.0,1260.5332030580616,1191.8407261904763,1237.0114997157898,1193.0479,1163.1636
2025-07-04 23:00:00,876.0,604.0,980.1876781347969,948.0863472222227,973.8699010421807,989.9588,907.9702
2025-07-05 00:00:00,614.0,402.0,838.7055788376414,591.6725952380953,608.2438831145466,615.28577,646.28864
2025-07-05 01:00:00,370.0,262.0,518.3366532439802,384.88784523809534,356.9966087946877,356.8471,506.1737
2025-07-05 02:00:00,211.0,122.0,318.52724736608104,207.33223015873028,190.24097315082594,200.90858,262.22858
2025-07-05 03:00:00,125.0,75.0,118.56233598720416,113.13926388888888,111.36779125040783,114.91237,149.70993
2025-07-05 04:00:00,81.0,60.0,29.21623219586411,76.77955357142854,77.94115293796753,74.287506,112.24667
2025-07-05 05:00:00,94.0,115.0,2.522145878479364,88.70826190476187,88.520772658717,88.87322,131.23477
2025-07-05 06:00:00,180.0,236.0,137.4494161537699,183.65723015873013,168.21717057179058,165.54518,209.61179
2025-07-05 07:00:00,296.0,406.0,351.77310060560967,342.3014166666668,339.47917290770977,339.00482,352.37317
2025-07-05 08:00:00,491.0,622.0,566.7631981524551,497.86983333333336,489.5671730119872,497.35565,653.7538
2025-07-05 09:00:00,759.0,923.0,884.067980681979,800.7947240259739,799.9585144970762,801.9313,994.78766
2025-07-05 10:00:00,1057.0,1341.0,1131.9278256705015,1061.0522361111111,1069.142005409597,1055.9471,1238.2456
2025-07-05 11:00:00,1256.0,1389.0,1285.3699334015118,1298.2115416666668,1324.6722277781134,1287.1257,1350.072
2025-07-05 12:00:00,1335.0,1385.0,1319.5517334331716,1333.6045138888894,1401.6962648265448,1353.4028,1469.1079
2025-07-05 13:00:00,1475.0,1551.0,1418.9002377505549,1474.4015773809522,1516.4677347078048,1507.5001,1504.5535
2025-07-05 14:00:00,1514.0,1630.0,1398.463381926641,1337.015130952381,1420.6810274076934,1386.2117,1522.4795
2025-07-05 15:00:00,1534.0,1657.0,1441.6094302258794,1392.564797619048,1471.7829593215167,1445.0184,1549.5422
2025-07-05 16:00:00,1473.0,1694.0,1447.3033236451527,1344.6359007936508,1394.3978150991452,1398.048,1587.9282
2025-07-05 17:00:00,1500.0,1655.0,1445.4589456609306,1346.9043174603173,1380.9253140243695,1391.5985,1558.8606
2025-07-05 18:00:00,1506.0,1612.0,1481.5002312860336,1370.906845238095,1384.8058579486938,1390.4113,1486.271
2025-07-05 19:00:00,1491.0,1845.0,1557.0932747466018,1370.3075257936507,1379.4034348553475,1389.1426,1387.8041
2025-07-05 20:00:00,1251.0,1839.0,1410.5718363697688,1133.176575396825,1122.9658157368933,1116.0552,1290.6313
2025-07-05 21:00:00,1109.0,1803.0,1380.7666403741646,1054.6890952380957,1144.1499506082914,1137.6447,1098.0034
2025-07-05 22:00:00,824.0,1439.0,1059.4264747170182,792.0959404761904,815.3500525327095,833.22925,926.00397
2025-07-05 23:00:00,683.0,876.0,783.9400528670895,611.1203273809524,655.660285870935,670.16693,607.44946
2025-07-06 00:00:00,480.0,614.0,740.0829913355952,458.87200595238073,481.54228158380903,470.19904,377.8336
2025-07-06 01:00:00,302.0,370.0,466.7937202649584,294.2537857142858,295.1595020320658,284.58716,273.75735
2025-07-06 02:00:00,221.0,211.0,281.9351303242061,209.83266468253976,207.2852030439545,210.47337,158.1402
2025-07-06 03:00:00,104.0,125.0,127.426047153887,92.0527757936508,101.25903043519988,98.04932,103.01663
2025-07-06 04:00:00,71.0,81.0,29.49481511658132,59.164507936507924,59.92917018261401,60.13061,44.85016
2025-07-06 05:00:00,88.0,94.0,0.0,62.04741666666664,57.7682796878522,57.418133,91.56842
2025-07-06 06:00:00,163.0,180.0,89.90834582628702,139.47963095238097,139.28342231818044,147.78473,211.71585
2025-07-06 07:00:00,270.0,296.0,240.38506754003902,263.3545357142857,248.32815732447298,253.63962,356.78876
2025-07-06 08:00:00,493.0,491.0,537.2454294577504,486.1966448412697,477.91549386924294,478.33047,516.3846
2025-07-06 09:00:00,866.0,759.0,916.7081654211328,909.12776984127,925.5315056915472,937.00934,802.434
2025-07-06 10:00:00,1089.0,1057.0,1090.568439566258,1063.392444083694,1103.8664668505837,1052.0986,1157.9927
2025-07-06 11:00:00,1240.0,1256.0,1260.7552733413522,1273.847083333333,1261.4851056226562,1286.8219,1243.9525
2025-07-06 12:00:00,1289.0,1335.0,1196.2196396462991,1140.5555476190477,1193.3873876302669,1196.6217,1303.9573
2025-07-06 13:00:00,1300.0,1475.0,1325.1325916457677,1328.0648670634919,1349.0733420727863,1339.2205,1246.8179
2025-07-06 14:00:00,1236.0,1514.0,1261.8077819315208,1218.4740297619046,1233.2756989766608,1221.0151,1290.7854
2025-07-06 15:00:00,1435.0,1534.0,1305.4209429928414,1272.894535714286,1285.7423546407738,1272.6956,1255.2273
2025-07-06 16:00:00,1315.0,1473.0,1315.8438651045772,1258.0552738095234,1267.0466087536283,1249.1285,1343.0563
2025-07-06 17:00:00,1403.0,1500.0,1281.7030359782243,1152.2048690476188,1210.154419538874,1226.1648,1421.5696
2025-07-06 18:00:00,1293.0,1506.0,1428.9592597887745,1385.924488095238,1380.647083968228,1382.4834,1333.2709
2025-07-06 19:00:00,1246.0,1491.0,1364.6768567864433,1256.2572083333334,1261.0861187099442,1250.0083,1297.9434
2025-07-06 20:00:00,1009.0,1251.0,1167.9652955459273,1003.8688055555556,1003.6148111036048,1015.4545,1097.2388
2025-07-06 21:00:00,873.0,1109.0,982.0593953250604,830.8848253968255,814.3511921539671,851.8326,789.39874
2025-07-06 22:00:00,570.0,824.0,672.0786406066603,508.91154166666655,516.9328334245685,547.68317,578.599
2025-07-06 23:00:00,350.0,683.0,477.84683579132405,400.61425992063494,404.6639419545305,420.66263,328.21765
2025-07-07 00:00:00,145.0,480.0,304.2134953104732,126.35911706349208,130.5063974450249,140.98439,205.19763
2025-07-07 01:00:00,87.0,302.0,145.90777957776857,81.75140277777777,79.37816848410317,80.943474,74.63757
2025-07-07 02:00:00,59.0,221.0,81.6082621044219,52.76924404761905,47.06111376314084,46.038216,58.244507
2025-07-07 03:00:00,46.0,104.0,0.0,45.71552380952382,39.17159623212209,39.458164,33.643616
2025-07-07 04:00:00,66.0,71.0,0.0,65.61097619047618,55.70438913002452,54.473198,63.0282
2025-07-07 05:00:00,164.0,88.0,92.57779151650891,151.22011904761902,151.03776914749443,147.60983,192.36096
2025-07-07 06:00:00,497.0,163.0,396.3788703103876,408.573228174603,403.12484211987504,408.95694,455.43573
2025-07-07 07:00:00,854.0,270.0,843.1295205330978,964.9178988095236,998.0286139024188,964.48444,905.4857
2025-07-07 08:00:00,1347.0,493.0,1066.997039756427,1294.8644484126985,1296.6064317803155,1283.2915,1546.5112
2025-07-07 09:00:00,764.0,866.0,998.4794878309332,720.6948095238098,725.9771652500234,695.4992,910.2347
2025-07-07 10:00:00,465.0,1089.0,632.8377662770539,440.6839107142858,433.60308123307027,439.93405,558.696
2025-07-07 11:00:00,501.0,1240.0,616.8182876515996,526.1464484126984,480.40375552709156,482.12488,541.8994
2025-07-07 12:00:00,861.0,1289.0,835.1039000011908,809.2513988095238,759.2345676115349,783.6019,590.9161
2025-07-07 13:00:00,918.0,1300.0,992.5881539401857,904.4531488095239,903.1076914941461,904.2025,700.553
2025-07-07 14:00:00,1009.0,1236.0,1009.7774410729448,941.5076527777777,936.3720517540752,943.4855,933.5811
2025-07-07 15:00:00,1262.0,1435.0,1194.1875081573417,1183.8359285714282,1188.4517744916595,1162.2494,1368.8325
2025-07-07 16:00:00,1669.0,1315.0,1383.9517145577552,1590.0544958513717,1519.248375100987,1528.9193,1694.4761
2025-07-07 17:00:00,2231.0,1403.0,1674.3789357030942,2307.4132480158723,2278.8876057430707,2276.1392,2490.607
2025-07-07 18:00:00,1894.0,1293.0,1777.2968814559563,2061.177851190476,2062.1134093323158,2127.327,2091.7434
2025-07-07 19:00:00,1595.0,1246.0,1598.023998497325,1683.6046071428573,1674.3112515190041,1732.8275,1538.373
2025-07-07 20:00:00,1309.0,1009.0,1307.8431445103454,1247.6879702380947,1247.4260631791237,1253.3761,1278.0608
2025-07-07 21:00:00,1009.0,873.0,1086.0164660725363,991.4904960317461,967.5939197839178,1030.5209,976.0221
2025-07-07 22:00:00,625.0,570.0,676.3454158239377,594.3969523809524,553.2181620790401,594.85956,658.3548
2025-07-07 23:00:00,333.0,350.0,353.55956042932866,330.0347261904762,328.52120937472824,343.5771,380.0285
2025-07-08 00:00:00,203.0,145.0,304.48009105992804,183.51379166666666,193.14597413681452,193.3217,183.51697
2025-07-08 01:00:00,86.0,87.0,102.20520739381715,78.8906130952381,82.73319360416339,80.34064,107.7717
2025-07-08 02:00:00,62.0,59.0,0.0,44.758654761904765,44.78976902184616,41.31887,57.07019
2025-07-08 03:00:00,31.0,46.0,0.0,31.84910317460317,29.17581507582857,28.87502,33.94287
2025-07-08 04:00:00,68.0,66.0,0.0,58.223988095238084,57.32658172359702,55.834717,71.138794
2025-07-08 05:00:00,218.0,164.0,161.04780125515157,180.85004761904756,190.59133487161012,186.14513,200.14264
2025-07-08 06:00:00,571.0,497.0,671.8865932565959,581.2270615079367,595.8190733506673,595.59894,525.5
2025-07-08 07:00:00,1126.0,854.0,1154.8644448611874,1250.0521845238095,1270.626933196407,1286.471,1293.7009
2025-07-08 08:00:00,1681.0,1347.0,1480.736435448374,1653.3629603174604,1733.3715025063711,1693.6637,2017.8486
2025-07-08 09:00:00,1031.0,764.0,1185.6859500541227,899.4993174603171,890.3678006906566,886.0384,1104.6478
2025-07-08 10:00:00,717.0,465.0,833.7096218034142,698.8482310606059,705.4860980347394,704.80994,700.8013
2025-07-08 11:00:00,828.0,501.0,789.0994649434374,809.4829821428574,808.2294983446637,816.2845,781.2322
2025-07-08 12:00:00,1015.0,861.0,963.3340159238558,984.7089920634921,966.517221813539,970.561,927.2897
2025-07-08 13:00:00,934.0,918.0,945.7100882434115,907.0568293650795,890.7135053994801,906.8829,938.89777
2025-07-08 14:00:00,1100.0,1009.0,998.2798045804718,974.6507043650788,965.2742754385588,956.7226,960.62476
2025-07-08 15:00:00,1327.0,1262.0,1252.8559647601255,1297.3040156926409,1317.4968413335764,1309.7678,1326.6444
2025-07-08 16:00:00,1871.0,1669.0,1459.1309812692125,1645.641374458874,1593.4010151263417,1561.8435,1779.1235
2025-07-08 17:00:00,1727.0,2231.0,1720.4367646102583,1730.1296991341994,1949.5811469985001,1940.1072,2454.4512
2025-07-08 18:00:00,974.0,1894.0,1390.629536776848,1156.8342202380952,1161.6611204126102,1180.0131,1903.1014
2025-07-08 19:00:00,1132.0,1595.0,1241.6630181717173,1207.7289283910532,1184.6138032233864,1186.2424,855.95886
2025-07-08 20:00:00,1164.0,1309.0,1172.2663913379442,1024.4841250000002,1053.6037934161723,1072.0192,971.4018
2025-07-08 21:00:00,923.0,1009.0,1037.1481145673324,943.0714345238096,949.9952994394366,947.34784,834.3001
2025-07-08 22:00:00,617.0,625.0,681.5098787441444,583.4704999999999,588.8512473601877,621.69147,587.12946
2025-07-08 23:00:00,355.0,333.0,303.1897349054325,294.45641071428565,279.65922901946,310.59406,344.84277
2025-07-09 00:00:00,195.0,203.0,303.31919472362523,181.50211904761906,178.66021608285428,188.75006,159.7503
2025-07-09 01:00:00,104.0,86.0,94.51891686394208,83.4981785714286,82.13053360649234,85.05019,92.95538
2025-07-09 02:00:00,67.0,62.0,30.961353195303786,55.37913690476191,48.48339499352317,45.870224,50.70056
2025-07-09 03:00:00,28.0,31.0,0.0,32.14646428571429,29.95155156822016,28.440996,35.343567
2025-07-09 04:00:00,66.0,68.0,0.0,54.929150793650805,53.67509504879883,53.666065,71.48743
2025-07-09 05:00:00,234.0,218.0,217.66737150753784,239.53742496392496,220.7477743686684,222.66699,186.62582
2025-07-09 06:00:00,597.0,571.0,656.0215216741734,530.8101567460319,532.7274025098403,536.8497,541.7365
2025-07-09 07:00:00,1166.0,1126.0,1219.6992182556528,1230.7206170634927,1258.3862199205187,1281.218,1284.9917
2025-07-09 08:00:00,1697.0,1681.0,1596.2786143747867,1804.2973075396824,1855.7524711550548,1798.4014,1933.7653
2025-07-09 09:00:00,1037.0,1031.0,1313.198582190967,1022.5175714285717,1051.1049918394529,1017.467,1100.198
2025-07-09 10:00:00,712.0,717.0,893.4615445927762,695.2182797619046,679.0992518749251,693.36316,754.66296
2025-07-09 11:00:00,761.0,828.0,852.6264254548607,781.2806369047622,805.2715903031351,803.9664,807.2107
2025-07-09 12:00:00,1022.0,1015.0,1043.9589297504226,1027.7655833333333,1003.5768110951637,1037.024,959.71173
2025-07-09 13:00:00,1027.0,934.0,1003.800573639481,1005.1053928571428,965.5724172606622,962.4129,999.1203
2025-07-09 14:00:00,1116.0,1100.0,1113.3271065343513,1118.5783749999996,1077.9405421375445,1093.6901,1099.1763
2025-07-09 15:00:00,1403.0,1327.0,1324.9038262256367,1469.3711904761903,1450.1358345958208,1451.247,1515.7137
2025-07-09 16:00:00,1926.0,1871.0,1642.7190094736927,1901.793648809524,1789.2795243449364,1827.2137,1852.4774
2025-07-09 17:00:00,2528.0,1727.0,1783.19017873446,2208.524752886003,2310.20004074313,2296.29,2717.9844
2025-07-09 18:00:00,945.0,974.0,1357.7669440786922,1076.462625,1176.2028527600964,1211.9962,2048.7854
2025-07-09 19:00:00,349.0,1132.0,550.9543279139677,345.2110317460318,315.00135945001136,380.50558,732.0236
2025-07-09 20:00:00,384.0,1164.0,464.4775159217446,385.9478869047616,338.83367034558734,358.77997,427.42603
2025-07-09 21:00:00,590.0,923.0,593.4969194429741,549.5030535714287,547.2943635915593,539.79,413.95493
2025-07-09 22:00:00,470.0,617.0,523.4800713903878,481.3382956349205,464.26398197471946,481.1986,394.38733
2025-07-09 23:00:00,327.0,355.0,302.80784591008177,304.7218809523809,301.2269391111676,313.03192,229.29724
2025-07-10 00:00:00,170.0,195.0,263.8029043183848,141.29233730158728,156.48535290809963,158.7258,139.33282
2025-07-10 01:00:00,91.0,104.0,97.43831593867515,71.20349603174604,77.66815399436067,75.04198,75.53113
2025-07-10 02:00:00,51.0,67.0,9.862466562324016,49.50245634920634,49.52785632400103,51.29786,52.03784
2025-07-10 03:00:00,52.0,28.0,0.0,39.42325595238095,40.911359395705325,39.989445,36.684204
2025-07-10 04:00:00,71.0,66.0,0.0,55.19332738095239,54.97608820085346,59.036243,84.5094
2025-07-10 05:00:00,209.0,234.0,194.31189642393713,200.52971428571428,197.8866159364176,195.4874,188.73425
2025-07-10 06:00:00,575.0,597.0,596.9284479704896,478.9690833333334,483.6626489310839,495.7553,485.6092
2025-07-10 07:00:00,1082.0,1166.0,1146.5167964188186,1097.7294069264071,1132.1856024951728,1116.1838,1119.713
2025-07-10 08:00:00,1738.0,1697.0,1607.289137161323,1791.3144265873013,1780.3383190977747,1835.236,1797.2152
2025-07-10 09:00:00,1072.0,1037.0,1356.9337544708071,1044.4440178571424,1069.7474463359717,1075.4453,1090.2054
2025-07-10 10:00:00,761.0,712.0,956.8334411328178,775.4513412698412,786.7113565181074,797.56226,728.286
2025-07-10 11:00:00,734.0,761.0,825.0194805559315,808.6927916666666,784.4291468161813,780.33356,819.7564
2025-07-10 12:00:00,966.0,1022.0,976.2402190555508,951.7207581168834,972.1540030842805,967.75256,986.7742
2025-07-10 13:00:00,972.0,1027.0,1022.1666274904621,1044.8369166666662,1028.4015077355862,1013.4896,1029.5402
2025-07-10 14:00:00,1064.0,1116.0,1055.6198966862685,1065.1754523809527,1042.3044246437194,1019.08435,1184.6156
2025-07-10 15:00:00,1367.0,1403.0,1301.7652128033744,1382.2201428571432,1370.8220981507209,1372.7599,1529.8588
2025-07-10 16:00:00,1811.0,1926.0,1568.9429184853534,1719.8477023809523,1694.4685153736993,1691.3807,1751.7036
2025-07-10 17:00:00,2503.0,2528.0,2025.0629757087297,2583.682545634921,2763.81513780332,2764.196,2477.1938
2025-07-10 18:00:00,2389.0,945.0,1796.2566159576058,2205.5159101731597,2173.669700275032,2195.2026,2380.3438
2025-07-10 19:00:00,1925.0,349.0,1611.547788710068,2105.5485238095234,2004.8054053048402,2065.4443,1869.4749
2025-07-10 20:00:00,1633.0,384.0,1406.996350126122,1671.900819444445,1706.9382553306666,1717.3851,1545.0824
2025-07-10 21:00:00,1247.0,590.0,1156.751362778824,1219.671016233766,1206.5529571105053,1229.9437,1289.6389
2025-07-10 22:00:00,891.0,470.0,875.2392879048653,887.8365892857147,917.4356188840217,903.0279,951.0642
2025-07-10 23:00:00,515.0,327.0,488.1852960797118,470.7419107142857,501.2191660273556,515.2683,590.3408
2025-07-11 00:00:00,258.0,170.0,356.8680726533479,244.52402380952356,259.31762779133874,266.41415,281.00955
2025-07-11 01:00:00,132.0,91.0,130.46004580363768,133.94600595238097,135.50008901003105,135.58148,149.34698
2025-07-11 02:00:00,60.0,51.0,0.0,54.861170634920654,52.269942441452635,52.38319,83.423584
2025-07-11 03:00:00,47.0,52.0,0.0,35.13264285714284,36.70111305244986,36.664898,31.571655
2025-07-11 04:00:00,72.0,71.0,0.0,60.86397023809523,55.16680624893497,57.186787,50.523987
2025-07-11 05:00:00,210.0,209.0,81.16807702388496,156.85785515873013,156.74860858117734,155.30095,176.7616
2025-07-11 06:00:00,500.0,575.0,551.2965657289163,489.3867500000002,486.8105891140801,502.2355,437.20938
2025-07-11 07:00:00,912.0,1082.0,992.5321252689228,920.5682519841273,927.0400933374713,914.2073,1024.83
2025-07-11 08:00:00,1377.0,1738.0,1430.7535323953557,1583.607101190476,1484.7322912739705,1537.3119,1491.4167
2025-07-11 09:00:00,1058.0,1072.0,1181.732729345901,996.6350476190485,1001.4011077822341,989.7167,1121.1239
2025-07-11 10:00:00,770.0,761.0,959.8997810046247,874.6074226190474,852.7704885955449,882.4351,893.0334
2025-07-11 11:00:00,932.0,734.0,937.9694428585008,1019.6995912698412,1003.3444862052997,1020.34424,985.0425
2025-07-11 12:00:00,1154.0,966.0,1072.486768293252,1169.7640714285712,1174.4937947252592,1164.4574,1162.859
2025-07-11 13:00:00,1330.0,972.0,1195.3166282498312,1356.3599404761903,1379.4989334128786,1350.3119,1275.8496
2025-07-11 14:00:00,1375.0,1064.0,1278.8984800805054,1484.3837976190478,1464.6567685141538,1472.7562,1589.4084
2025-07-11 15:00:00,1697.0,1367.0,1432.5140116111738,1692.0529920634924,1700.8408431439473,1702.7507,1890.6538
2025-07-11 16:00:00,2081.0,1811.0,1698.4519308214967,2049.7837579365073,1985.1124546844937,2032.0149,2066.028
2025-07-11 17:00:00,2460.0,2503.0,2037.5228202560636,2531.0211675685437,2548.429753042235,2643.2527,2432.599
2025-07-11 18:00:00,2214.0,2389.0,2054.1507857109045,2204.469616883117,2114.512512416492,2179.2212,2251.7834
2025-07-11 19:00:00,1895.0,1925.0,1829.2173927965823,1859.9545079365082,1852.1008110819757,1844.123,1922.2524
2025-07-11 20:00:00,1611.0,1633.0,1643.0834756841969,1679.054560897436,1702.995626350302,1658.2678,1578.0225
2025-07-11 21:00:00,1253.0,1247.0,1298.6828400638215,1289.3299586940834,1310.7299754544954,1309.6973,1380.5602
2025-07-11 22:00:00,1008.0,891.0,989.2998668884459,1005.7094940476194,986.6187432039874,964.05005,1084.9248
2025-07-11 23:00:00,862.0,515.0,746.7992013277462,800.1465238095242,815.1433572812263,781.50555,880.55493
2025-07-12 00:00:00,553.0,258.0,688.0025545736402,470.3492857142855,546.8144240885377,512.8805,622.18225
2025-07-12 01:00:00,336.0,132.0,393.39635915482177,320.88429166666657,312.51455630619125,318.2644,386.2909
2025-07-12 02:00:00,231.0,60.0,238.3566645815954,223.70106150793654,212.92126096769383,212.42302,214.6308
2025-07-12 03:00:00,110.0,47.0,53.011405929200805,108.87695238095237,117.37145878404391,110.939026,138.85693
2025-07-12 04:00:00,81.0,72.0,0.0,60.399609126984124,63.32682471646997,59.602425,91.903564
2025-07-12 05:00:00,117.0,210.0,0.0,89.0812976190476,90.51536058059742,87.080215,88.07922
2025-07-12 06:00:00,252.0,500.0,229.17426144721622,212.6722599206349,204.30246249662548,213.57135,204.0275
2025-07-12 07:00:00,482.0,912.0,621.2661195828463,489.77551190476186,489.94324704760777,496.36667,432.4087
2025-07-12 08:00:00,750.0,1377.0,970.4664435978889,784.0981031746031,805.6929439269339,791.5371,785.7768
2025-07-12 09:00:00,1084.0,1058.0,1132.6199807465705,1123.8154960317465,1114.138614196621,1149.2782,1194.9907
2025-07-12 10:00:00,1477.0,770.0,1265.2851836993113,1534.8765752164502,1503.8826057943072,1520.1332,1513.7886
2025-07-12 11:00:00,1497.0,932.0,1407.27415779568,1675.9046805555563,1625.7433488555134,1714.0001,1728.0365
2025-07-12 12:00:00,1499.0,1154.0,1390.4767375886017,1593.9590873015875,1595.70019976814,1627.1758,1786.2775
2025-07-12 13:00:00,1493.0,1330.0,1378.1784207043167,1520.6973095238095,1509.7400863424655,1514.0254,1468.1675
2025-07-12 14:00:00,1646.0,1375.0,1480.5137409727972,1691.8690615079367,1645.6502954524408,1738.3298,1552.238
2025-07-12 15:00:00,1693.0,1697.0,1572.8387247491978,1731.1081646825392,1719.0549530103888,1767.9652,1750.6128
2025-07-12 16:00:00,1754.0,2081.0,1625.4091265844372,1652.8729999999998,1667.3664865185697,1648.5508,1763.0944
2025-07-12 17:00:00,1666.0,2460.0,1684.9941438119047,1506.9279604978356,1498.440733518277,1519.1411,1689.5653
2025-07-12 18:00:00,1337.0,2214.0,1537.3000107665237,1366.4532619047611,1320.8243347656103,1289.38,1589.5645
2025-07-12 19:00:00,1184.0,1895.0,1397.100687418832,1191.8922619047623,1224.057415138026,1215.2362,1277.0433
2025-07-12 20:00:00,1194.0,1611.0,1234.5287326344971,1046.808178571429,1057.145717157104,1091.1766,1128.9812
2025-07-12 21:00:00,1057.0,1253.0,1157.5630400532634,1015.4492559523808,1076.8352441504314,1086.1392,1012.6511
2025-07-12 22:00:00,879.0,1008.0,871.0974726872655,775.2740952380954,760.7792770435651,774.0015,889.61926
2025-07-12 23:00:00,786.0,862.0,822.9116560914307,745.8262905844156,765.0550392506044,750.07605,648.04846
2025-07-13 00:00:00,585.0,553.0,784.233044950829,520.2742619047618,541.2721700294493,548.85236,539.8021
2025-07-13 01:00:00,368.0,336.0,455.6842871123697,318.7391666666666,315.9117167618764,313.69022,374.55237
2025-07-13 02:00:00,267.0,231.0,331.2017286815895,243.55710119047632,247.3920575197072,239.06863,206.44995
2025-07-13 03:00:00,126.0,110.0,111.97780371913365,127.44958333333332,124.55781142394405,122.54853,141.61789
2025-07-13 04:00:00,77.0,81.0,0.0,70.6491746031746,70.8222904123433,73.88024,84.53375
2025-07-13 05:00:00,101.0,117.0,0.0,68.31832936507939,64.50791843770392,67.61842,104.55676
2025-07-13 06:00:00,193.0,252.0,102.03014215945115,182.83698412698413,159.23541401828132,165.43643,182.879
2025-07-13 07:00:00,363.0,482.0,364.1719991356665,344.68797204184705,330.5148268150203,336.1461,357.0451
2025-07-13 08:00:00,613.0,750.0,631.1000839461792,534.0449415584416,532.3168232783146,543.221,601.0228
2025-07-13 09:00:00,940.0,1084.0,963.0114355953158,914.233357142857,901.4687483496331,884.1823,946.3439
2025-07-13 10:00:00,1317.0,1477.0,1300.0491389247761,1340.536321428572,1337.397890948885,1337.5813,1288.2181
2025-07-13 11:00:00,1392.0,1497.0,1364.7090694881736,1415.5692023809524,1420.747702929523,1399.2589,1444.9564
2025-07-13 12:00:00,1173.0,1499.0,1259.7584605178295,1221.9303452380952,1227.3048776427324,1255.2534,1522.2697
2025-07-13 13:00:00,735.0,1493.0,932.8258068283155,696.6155297619044,741.1914284114266,805.07544,1436.3667
2025-07-13 14:00:00,1034.0,1646.0,996.1508583558228,854.7433320707073,889.0033634052843,874.4011,1104.5951
2025-07-13 15:00:00,1265.0,1693.0,1287.2737532724177,1322.2289047619051,1257.153017805796,1304.312,1023.7876
2025-07-13 16:00:00,1508.0,1754.0,1465.4971694209564,1549.6944123376618,1522.629848502174,1522.0917,1289.4128
2025-07-13 17:00:00,1520.0,1666.0,1481.17331333188,1490.060453463204,1519.8753860377626,1503.4379,1576.814
2025-07-13 18:00:00,1500.0,1337.0,1477.0793124554716,1520.900559523809,1459.4589255691733,1543.5991,1557.0348
2025-07-13 19:00:00,1382.0,1184.0,1376.2251498470894,1364.5301011904753,1330.4299097310493,1363.607,1442.6526
2025-07-13 20:00:00,1223.0,1194.0,1291.6600917457336,1214.0524007936503,1229.8267457750324,1252.8612,1124.15
2025-07-13 21:00:00,954.0,1057.0,1035.6184900963592,902.3108015873019,926.722603688641,944.6299,923.6733
2025-07-13 22:00:00,637.0,879.0,789.1072697795291,627.2564642857145,670.7839567504893,685.26337,669.7317
2025-07-13 23:00:00,415.0,786.0,532.9559763140176,431.6533095238095,419.3915643307861,435.6235,432.4654
2025-07-14 00:00:00,209.0,585.0,366.70294540825137,153.10257738095234,154.10660905872,165.67366,285.78186
2025-07-14 01:00:00,125.0,368.0,200.26196908806975,110.96068055555561,108.84323114941932,109.279045,97.06879
2025-07-14 02:00:00,79.0,267.0,81.91362871549825,65.31497619047619,62.34396370973575,59.414055,70.3302
2025-07-14 03:00:00,52.0,126.0,0.0,41.565005952380936,36.81323283022862,40.139275,54.562073
2025-07-14 04:00:00,79.0,77.0,0.0,76.41746428571429,70.96519153302884,70.128365,61.541748
2025-07-14 05:00:00,187.0,101.0,122.91915962296304,176.7092619047619,173.95410063740653,164.48386,191.33105
2025-07-14 06:00:00,547.0,193.0,538.1986545867688,549.1814404761906,539.2057715439025,538.9374,466.07037
2025-07-14 07:00:00,954.0,363.0,943.3476818331593,1095.5500476190473,1116.8124686943563,1112.531,1146.1858
2025-07-14 08:00:00,1553.0,613.0,1280.670509059305,1698.9156250000003,1627.242551721783,1696.3481,1776.7988
2025-07-14 09:00:00,971.0,940.0,1255.4598619367428,999.9478353174609,978.3044193066636,991.85474,1095.3447
2025-07-14 10:00:00,741.0,1317.0,958.5463642208449,672.6545496031744,659.2214033844908,681.36755,738.621
2025-07-14 11:00:00,807.0,1392.0,984.9114090924119,811.4295151098903,822.633699578093,810.92413,795.4464
2025-07-14 12:00:00,1076.0,1173.0,1049.9986423915007,1023.9505932539677,1019.3962552873452,1021.387,890.8939
2025-07-14 13:00:00,1026.0,735.0,1012.8735967797936,1115.7993750000005,1067.8857295893517,1046.2006,947.996
2025-07-14 14:00:00,1134.0,1034.0,1055.7875104166305,1126.4870297619057,1063.3612333450092,1066.3567,1062.4138
2025-07-14 15:00:00,1356.0,1265.0,1253.004777836706,1388.7135357142863,1343.7355288696592,1377.4147,1327.981
2025-07-14 16:00:00,1837.0,1508.0,1498.9081743769088,1757.3871125541127,1712.976780931489,1722.6577,1569.6959
2025-07-14 17:00:00,1885.0,1520.0,1597.1044092048396,1845.0954087301593,1908.9471409068685,1904.0215,2283.9048
2025-07-14 18:00:00,420.0,1500.0,926.5665274997465,464.35974999999996,481.2670699491695,556.6585,2035.0698
2025-07-14 19:00:00,528.0,1382.0,635.1082583028104,530.2021038961041,475.43337662921454,507.51068,466.4005
2025-07-14 20:00:00,625.0,1223.0,722.1008178892874,594.4815476190475,578.7040661563168,593.55023,442.08667
2025-07-14 21:00:00,564.0,954.0,599.3668773687219,511.3258214285714,485.0040068279095,494.9789,399.6004
2025-07-14 22:00:00,437.0,637.0,423.8516526234162,372.88795238095236,377.52737644757974,384.12924,302.80643
2025-07-14 23:00:00,320.0,415.0,298.14019148628523,297.0949047619048,291.271525029321,309.34393,183.45459
2025-07-15 00:00:00,146.0,209.0,239.29663352645247,129.07954761904767,135.04728216116462,139.60925,129.55103
2025-07-15 01:00:00,70.0,125.0,77.49650440457151,53.525744047619064,53.86109946646079,52.22913,79.5036
2025-07-15 02:00:00,50.0,79.0,0.0,37.346198412698406,30.28022215377927,28.489822,57.211548
2025-07-15 03:00:00,37.0,52.0,0.0,31.482821428571437,33.859358291578936,33.97229,46.09192
2025-07-15 04:00:00,67.0,79.0,0.0,53.91549404761904,57.42705567242632,57.66697,84.18109
2025-07-15 05:00:00,185.0,187.0,175.36670374110304,187.35433928571422,192.50162877868493,188.6882,198.69919
2025-07-15 06:00:00,641.0,547.0,689.6723016539825,616.9438035714285,633.7017278876689,619.3622,516.9812
2025-07-15 07:00:00,1195.0,954.0,1214.6665512347313,1309.1790575396822,1303.6990421664227,1337.3147,1274.3865
2025-07-15 08:00:00,1664.0,1553.0,1579.1712250980358,1787.184704365078,1871.7661758851991,1783.1333,2009.1195
2025-07-15 09:00:00,1067.0,971.0,1364.9531386436024,1072.6583869047622,1093.7660842289056,1099.8341,1107.5873
2025-07-15 10:00:00,760.0,741.0,920.6896006023405,752.0854404761905,744.0837874476158,744.2923,785.4375
2025-07-15 11:00:00,801.0,807.0,862.9194653463486,813.5253960622708,809.6881372448532,807.03204,818.53973
2025-07-15 12:00:00,1093.0,1076.0,1012.9057666257928,959.9565833333336,976.703696826072,963.9978,963.2396
2025-07-15 13:00:00,1084.0,1026.0,1075.8846109922645,1106.527660714286,1063.8695584239338,1057.5278,990.40515
2025-07-15 14:00:00,1326.0,1134.0,1168.1431071983106,1194.5790198412694,1171.532158822824,1148.5305,1079.7515
2025-07-15 15:00:00,1412.0,1356.0,1398.759171558343,1524.6184821428574,1500.3342621372738,1532.1357,1505.303
2025-07-15 16:00:00,1955.0,1837.0,1673.7589993187937,2014.2770654761898,1870.8553298749046,1974.8706,1899.7578
2025-07-15 17:00:00,2642.0,1885.0,1998.0874577336874,2727.580646825397,2637.5974345466325,2591.3298,2650.8875
2025-07-15 18:00:00,2487.0,420.0,1786.9587786484014,2530.497694444444,2416.8836715271723,2442.4287,2522.9126
2025-07-15 19:00:00,1880.0,528.0,1669.024540436748,2154.2616706349195,1965.3787953925726,2062.0916,1875.2443
2025-07-15 20:00:00,1637.0,625.0,1396.1742226746221,1532.6357916666664,1542.4359793222613,1546.6082,1493.31
2025-07-15 21:00:00,1224.0,564.0,1180.6504778888075,1255.7959523809516,1238.543440115015,1252.8312,1232.2817
2025-07-15 22:00:00,752.0,437.0,754.3791857876249,760.6850198412695,790.4747003934735,787.71246,905.6404
2025-07-15 23:00:00,414.0,320.0,441.0996550887987,460.79909523809516,465.260819234287,473.8004,518.17126
2025-07-16 00:00:00,168.0,146.0,231.8277833410442,140.3033869047619,147.53100703477358,157.44823,260.2126
2025-07-16 01:00:00,97.0,70.0,37.699727063480736,70.84929761904765,70.0628015719839,71.39154,99.578766
2025-07-16 02:00:00,58.0,50.0,0.0,53.36280158730161,49.59020693909182,47.015045,48.696167
2025-07-16 03:00:00,36.0,37.0,0.0,32.6507619047619,33.92065628244853,32.672592,44.637268
2025-07-16 04:00:00,63.0,67.0,0.0,60.32567063492063,59.22226354312824,61.87867,75.50006
2025-07-16 05:00:00,212.0,185.0,120.52667790559218,174.61783333333332,175.99518438484142,176.44373,213.91034
2025-07-16 06:00:00,592.0,641.0,595.1833343164009,512.0177083333333,503.870993751479,506.563,526.7216
2025-07-16 07:00:00,1147.0,1195.0,1151.1877573343131,1136.2565833333338,1175.59410745237,1166.9973,1271.081
2025-07-16 08:00:00,1707.0,1664.0,1515.7191904454771,1715.011686507936,1773.529187601274,1711.5906,1910.301
2025-07-16 09:00:00,1097.0,1067.0,1355.620448228158,1112.0384801587309,1131.4562358808823,1129.2383,1132.9792
2025-07-16 10:00:00,752.0,760.0,953.5879817883005,849.2545634920637,835.0156707913536,862.0557,830.8076
2025-07-16 11:00:00,856.0,801.0,877.1114158477058,861.6364246031749,843.5755250611513,856.3171,906.6965
2025-07-16 12:00:00,1110.0,1093.0,1058.66360964877,1067.1627083333333,1035.8353115240732,1078.4725,1090.9387
2025-07-16 13:00:00,1096.0,1084.0,1078.0932101977241,1119.6122380952386,1082.5802596477051,1078.6128,1187.9385
2025-07-16 14:00:00,1175.0,1326.0,1147.814669663886,1152.1713095238094,1149.922261910043,1170.4814,1287.8785
2025-07-16 15:00:00,1461.0,1412.0,1336.5023107372745,1475.0393928571427,1464.0523278690107,1455.9996,1608.9163
2025-07-16 16:00:00,1904.0,1955.0,1614.4053992468175,1837.4030146103887,1795.2894614268994,1806.1418,1914.026
2025-07-16 17:00:00,2593.0,2642.0,2058.697184334973,2697.434888888889,2731.780901872578,2820.3345,2496.1074
2025-07-16 18:00:00,2406.0,2487.0,2168.2720808900385,2457.2465366161614,2364.9015730461147,2424.3743,2541.0928
2025-07-16 19:00:00,1810.0,1880.0,1889.402078404201,1971.0499285714282,1921.2575019281305,1982.5115,1703.1262
2025-07-16 20:00:00,965.0,1637.0,1295.4529434111719,1032.7309940476187,1001.2393198534932,1048.6407,1292.846
2025-07-16 21:00:00,329.0,1224.0,532.0973704324789,306.1213273809524,297.20661791998526,357.0964,882.49054
2025-07-16 22:00:00,341.0,752.0,317.2406702064219,320.0955952380951,292.2212098323536,303.5006,377.28613
2025-07-16 23:00:00,337.0,414.0,222.99588054941717,283.3460346320346,258.0270144549246,272.6537,232.75003
2025-07-17 00:00:00,178.0,168.0,231.12115098705203,148.854871031746,153.9644666451111,156.90701,134.86249
2025-07-17 01:00:00,67.0,97.0,42.214962795445444,54.23671031746035,58.728602822197246,52.731422,70.69409
2025-07-17 02:00:00,60.0,58.0,0.0,49.24651785714284,44.38339398668125,43.68987,37.208496
2025-07-17 03:00:00,27.0,36.0,0.0,28.069369047619034,25.560087562970068,26.337698,30.198975
2025-07-17 04:00:00,54.0,63.0,0.0,49.98127976190477,48.11437693255952,50.25157,61.054077
2025-07-17 05:00:00,229.0,212.0,209.93252307754716,238.26134199134194,225.41845660908947,229.15887,169.39606
2025-07-17 06:00:00,555.0,592.0,620.2895318011817,517.2520555555557,528.3375172108724,526.9726,521.4458
2025-07-17 07:00:00,1124.0,1147.0,1184.1733190095001,1207.6604484126988,1191.8226608317386,1179.0059,1154.2444
2025-07-17 08:00:00,1793.0,1707.0,1571.9818221502476,1743.9626507936505,1803.091426982078,1746.8225,1853.8629
2025-07-17 09:00:00,1110.0,1097.0,1394.2999516188988,1099.6259702380958,1126.6253207006566,1136.3287,1128.8269
2025-07-17 10:00:00,790.0,752.0,948.4983475458705,781.6031150793651,780.8376546095132,791.6571,787.4962
2025-07-17 11:00:00,848.0,856.0,859.8409177626672,805.2946607142859,832.0436951300396,817.25714,856.6665
2025-07-17 12:00:00,1087.0,1110.0,1031.816941109122,1013.0094206349208,1028.6576569819858,1006.27246,1028.4897
2025-07-17 13:00:00,1148.0,1096.0,1148.2300997882671,1215.9558035714285,1175.242535323808,1185.1283,1112.1313
2025-07-17 14:00:00,1132.0,1175.0,1137.4248788467407,1143.1047321428573,1122.3380175475054,1129.1244,1320.9556
2025-07-17 15:00:00,1379.0,1461.0,1294.4796093847312,1327.147404761905,1384.9719366743038,1359.8633,1703.3792
2025-07-17 16:00:00,1785.0,1904.0,1585.1422255921602,1739.9907884199129,1664.4632460407663,1701.6549,1821.7539
2025-07-17 17:00:00,2512.0,2593.0,2039.3067618213636,2680.635490079365,2752.682875551398,2796.8306,2503.2114
2025-07-17 18:00:00,2397.0,2406.0,2166.4964021593632,2459.4373401875914,2434.929317700039,2448.5671,2357.6929
2025-07-17 19:00:00,1896.0,1810.0,1895.777707780706,1928.1518869047618,1918.1487453839593,1967.0126,1810.0688
2025-07-17 20:00:00,1597.0,965.0,1397.667361792565,1389.9013571428568,1349.593867193718,1367.2235,1437.4529
2025-07-17 21:00:00,1228.0,329.0,1103.0015249436444,1243.0776709956713,1226.6175440191425,1209.1375,1142.303
2025-07-17 22:00:00,846.0,341.0,811.3814302076314,867.5235400432902,883.6184434316716,868.2925,900.45667
2025-07-17 23:00:00,587.0,337.0,534.7052238855849,587.1143690476189,558.8025502729253,570.3377,597.65027
2025-07-18 00:00:00,269.0,178.0,368.85606418623627,235.932619047619,249.7908178669131,262.34848,314.66632
2025-07-18 01:00:00,111.0,67.0,80.19133342635325,97.42397619047621,101.5635970056483,101.585236,152.58008
2025-07-18 02:00:00,62.0,60.0,0.0,52.619113095238106,46.910513639496685,50.596428,71.306335
2025-07-18 03:00:00,40.0,27.0,0.0,33.970365079365074,35.018491739507496,37.61751,28.787842
2025-07-18 04:00:00,58.0,54.0,0.0,57.691480158730165,57.16534563479248,59.059357,38.08246
2025-07-18 05:00:00,209.0,229.0,133.57072981978058,186.96826190476193,186.42850156133923,191.49245,164.85971
2025-07-18 06:00:00,511.0,555.0,552.3174874571483,487.9097445887447,494.77486448499116,492.93997,469.3409
2025-07-18 07:00:00,966.0,1124.0,1053.825139388278,1068.1649565295818,1071.6077396495466,1071.0547,1019.416
2025-07-18 08:00:00,1407.0,1793.0,1429.8197727854918,1470.0542797619041,1485.333756976083,1430.0715,1586.8739
2025-07-18 09:00:00,1064.0,1110.0,1246.924269721312,1071.1281428571428,1053.6451768409781,1089.5719,1085.9578
2025-07-18 10:00:00,815.0,790.0,932.5476400426649,811.330886904762,824.8439243126038,805.61676,885.83093
2025-07-18 11:00:00,1025.0,848.0,975.4767782864797,1009.7667876984124,1011.6669712602512,992.29584,935.5167
2025-07-18 12:00:00,1244.0,1087.0,1136.4426669562295,1232.4289761904759,1232.2631554837828,1218.7593,1139.5262
2025-07-18 13:00:00,1268.0,1148.0,1171.6539686621713,1299.1911845238092,1248.4876570799481,1219.96,1301.2512
2025-07-18 14:00:00,1415.0,1132.0,1244.5297955931178,1374.0381468253968,1385.0696333516476,1355.4556,1605.0757
2025-07-18 15:00:00,1720.0,1379.0,1465.691793954524,1804.6669384920629,1732.1769006433262,1745.2736,1883.8251
2025-07-18 16:00:00,1931.0,1785.0,1679.6245351934404,2029.7877321428555,2001.2926177467334,1990.9574,2106.9922
2025-07-18 17:00:00,2177.0,2512.0,1952.3989157100216,2298.3447052669558,2466.606889065759,2494.4373,2450.2434
2025-07-18 18:00:00,2058.0,2397.0,1945.2190677702142,2068.894001984127,2093.6489329275378,2082.0137,2164.4038
2025-07-18 19:00:00,1664.0,1896.0,1714.053824860484,1738.3362976190483,1759.5161811024107,1758.3657,1717.1052
2025-07-18 20:00:00,1296.0,1597.0,1415.2836018499906,1342.9324841269843,1334.663571841649,1333.8359,1297.0012
2025-07-18 21:00:00,1124.0,1228.0,1122.7394997739275,1042.91564484127,1053.9663866330877,1031.0887,1126.2715
2025-07-18 22:00:00,912.0,846.0,940.0249178688741,921.9846607142856,920.6411112570456,909.8926,959.1418
2025-07-18 23:00:00,798.0,587.0,715.5724184234347,751.0264583333332,765.8026593909806,733.65906,712.44806
2025-07-19 00:00:00,573.0,269.0,740.001947613329,572.4654761904762,592.9224155823221,588.97076,510.50934
2025-07-19 01:00:00,379.0,111.0,446.05906953083195,363.25685714285726,360.7413335198506,350.99768,379.70383
2025-07-19 02:00:00,248.0,62.0,271.5638124985238,238.5708988095238,241.53103748658984,245.64983,244.44733
2025-07-19 03:00:00,120.0,40.0,82.85497973655788,120.39191666666667,123.27003165386446,118.63533,156.08942
2025-07-19 04:00:00,82.0,58.0,0.0,68.66233928571431,73.96466139730397,69.28186,99.04373
2025-07-19 05:00:00,118.0,209.0,49.48489616769393,114.08784126984126,109.14791247138201,102.460266,110.10617
2025-07-19 06:00:00,232.0,511.0,224.59777478033692,197.59154761904767,204.55271808108355,201.76932,230.29944
2025-07-19 07:00:00,487.0,966.0,617.5424312762561,475.91809722222206,466.7452686685818,466.52658,434.74652
2025-07-19 08:00:00,747.0,1407.0,998.5130705256768,805.6662934704185,805.5475966266373,809.8989,792.243
2025-07-19 09:00:00,1123.0,1064.0,1134.4023512102422,1100.5072103174602,1106.1822235889397,1110.6484,1265.2491
2025-07-19 10:00:00,1308.0,815.0,1190.6678188553014,1399.7579404761905,1342.2864134469953,1339.6726,1562.3928
2025-07-19 11:00:00,1498.0,1025.0,1284.4886111796686,1459.0052162698412,1477.8781243810122,1445.2607,1636.6741
2025-07-19 12:00:00,1654.0,1244.0,1462.2192995275877,1694.5960634920636,1699.697250424081,1714.5985,1686.7462
2025-07-19 13:00:00,1697.0,1268.0,1408.0661884884948,1542.1348174603177,1636.6545150023535,1576.4307,1779.5691
2025-07-19 14:00:00,1598.0,1415.0,1421.2942426851848,1521.1434404761908,1527.1508873154598,1542.846,1800.7971
2025-07-19 15:00:00,1810.0,1720.0,1592.1862731656747,1763.304390873016,1780.1542287141992,1791.317,1780.5287
2025-07-19 16:00:00,1495.0,1931.0,1541.6666255178288,1497.797847402598,1455.8005669891795,1491.2726,1838.3126
2025-07-19 17:00:00,1352.0,2177.0,1460.796760457085,1251.1543392857152,1240.4515616234928,1264.824,1783.5745
2025-07-19 18:00:00,992.0,2058.0,1305.0645486894769,1079.311263888889,1069.5780221806908,1042.0166,1617.044
2025-07-19 19:00:00,1116.0,1664.0,1215.8039788780707,1034.0081547619052,1060.2055114653306,1087.7377,1107.0542
2025-07-19 20:00:00,1146.0,1296.0,1174.9897564506832,1057.7928571428577,1079.2606573339135,1094.8849,1068.1367
2025-07-19 21:00:00,1026.0,1124.0,1055.4459489704896,932.6756547619048,985.0061995578102,972.44073,997.8824
2025-07-19 22:00:00,866.0,912.0,873.8133043312012,808.7962440476194,814.2760787658589,811.7975,868.4645
2025-07-19 23:00:00,762.0,798.0,731.166392466918,635.8943511904765,683.3829763762087,684.2288,637.45013
2025-07-20 00:00:00,527.0,573.0,752.4121593320233,495.9304345238096,523.198640083998,526.6864,432.59778
2025-07-20 01:00:00,373.0,379.0,516.5179162348691,364.109728174603,355.04993206896626,342.2406,328.5195
2025-07-20 02:00:00,276.0,248.0,340.31329638083344,246.7826607142857,258.4579762862726,256.27222,222.73132
2025-07-20 03:00:00,120.0,120.0,88.47414179344185,106.53599404761908,117.06769467330884,123.00075,148.29666
2025-07-20 04:00:00,64.0,82.0,0.0,62.467670634920616,66.10940999773744,64.86064,76.07074
2025-07-20 05:00:00,88.0,118.0,0.0,66.8893095238095,64.02303258876428,64.341385,94.2572
2025-07-20 06:00:00,163.0,232.0,74.1498094544637,148.3191507936508,142.20997593132228,142.21924,167.99313
2025-07-20 07:00:00,314.0,487.0,321.4057043875913,289.0581686507936,286.33725169804865,287.65927,312.44504
2025-07-20 08:00:00,556.0,747.0,695.420154667253,634.4824226190476,647.4392907850878,642.2166,540.1991
2025-07-20 09:00:00,977.0,1123.0,993.5646467169156,935.0284823232322,987.3666609530969,965.91156,962.00525
2025-07-20 10:00:00,1244.0,1308.0,1270.283717576695,1273.503863095238,1297.6147409253135,1270.8262,1359.8171
2025-07-20 11:00:00,1282.0,1498.0,1329.1389111095625,1358.970591269841,1388.2300627810166,1331.8009,1554.1846
2025-07-20 12:00:00,1494.0,1654.0,1405.8066631048937,1461.616274891775,1499.634770661241,1458.1005,1513.4417
2025-07-20 13:00:00,1577.0,1697.0,1582.5547513940633,1711.1612413419914,1605.425988179529,1691.5762,1471.21
2025-07-20 14:00:00,1577.0,1598.0,1475.60067880466,1511.780418650794,1542.0322716375226,1503.8195,1576.3079
2025-07-20 15:00:00,1549.0,1810.0,1590.4829663422622,1646.557052308802,1673.7958581687835,1679.5815,1531.2292
2025-07-20 16:00:00,1633.0,1495.0,1488.0932068871734,1525.516718253968,1544.2877713829266,1518.6361,1556.2294
2025-07-20 17:00:00,1666.0,1352.0,1555.292016801422,1696.4869047619047,1732.5822123998262,1754.8391,1593.7705
2025-07-20 18:00:00,1569.0,992.0,1412.8561795238209,1517.5527682178931,1483.0846248267096,1513.6718,1622.6292
2025-07-20 19:00:00,1464.0,1116.0,1432.527821001172,1487.198734126984,1399.2229419717253,1443.9075,1408.9865
2025-07-20 20:00:00,1241.0,1146.0,1349.3417483672056,1280.4788749999998,1260.3017963876564,1295.6089,1256.4014
2025-07-20 21:00:00,870.0,1026.0,986.944798688832,876.2527579365077,872.3207680326442,870.0194,1031.6248
2025-07-20 22:00:00,637.0,866.0,714.8991097283049,602.664069264069,582.1131613298912,618.61127,660.1023
2025-07-20 23:00:00,384.0,762.0,447.31393516441574,328.8878214285715,337.63623932438395,354.34033,394.04062
2025-07-21 00:00:00,229.0,527.0,407.5751018144274,199.30086309523816,193.46658379253077,200.32753,199.50638
2025-07-21 01:00:00,99.0,373.0,182.39084631688013,98.4065476190476,95.91409119859759,93.013626,95.141235
2025-07-21 02:00:00,54.0,276.0,45.16916776903747,48.40582936507937,42.96095160766342,39.950146,58.15448
2025-07-21 03:00:00,44.0,120.0,0.0,38.8202380952381,33.68898117762399,32.60803,39.687073
2025-07-21 04:00:00,59.0,64.0,0.0,66.63787301587304,56.885381879133476,59.204674,35.66974
2025-07-21 05:00:00,200.0,88.0,111.75450563134945,174.6770747863247,167.99112756858472,169.17299,183.96616
2025-07-21 06:00:00,513.0,163.0,469.9152376938572,492.8319404761904,472.9771866104189,481.35242,470.4529
2025-07-21 07:00:00,957.0,314.0,878.0208729406842,1025.5662837301581,1017.692781228271,992.4389,997.9302
2025-07-21 08:00:00,1456.0,556.0,1189.5429835371274,1534.2374502164503,1495.3406716933976,1507.8317,1655.601
2025-07-21 09:00:00,962.0,977.0,1223.6700402390134,1007.348726190476,1028.782395040937,1019.65845,1067.3556
2025-07-21 10:00:00,761.0,1244.0,979.2629082870421,723.5353302669553,726.9525946356222,718.3751,711.6439
2025-07-21 11:00:00,784.0,1282.0,900.4021410281282,760.6279285714286,751.5658370183805,738.8322,732.49115
2025-07-21 12:00:00,1034.0,1494.0,1019.1198110806947,900.5102142857145,915.9659429146795,921.21704,844.927
2025-07-21 13:00:00,1051.0,1577.0,1192.97387294062,1124.117767857143,1103.6461984843686,1108.3745,877.772
2025-07-21 14:00:00,1133.0,1577.0,1260.4141890921242,1239.0705000000007,1222.222336389518,1222.0232,1007.772
2025-07-21 15:00:00,1445.0,1549.0,1371.072503325358,1513.3037638888886,1447.44989668941,1468.6165,1407.1658
2025-07-21 16:00:00,1736.0,1633.0,1495.0278919982702,1640.4476369047622,1581.588197365642,1578.1337,1731.4938
2025-07-21 17:00:00,2453.0,1666.0,1805.9029209151652,2564.8810138888894,2544.390383461949,2529.3337,2442.9795
2025-07-21 18:00:00,2237.0,1569.0,1928.7341357509413,2214.6916403318896,2284.626668543365,2261.956,2327.0615
2025-07-21 19:00:00,1862.0,1464.0,1733.0458204833499,1786.0657678571436,1761.5678000864957,1760.7953,1832.9072
2025-07-21 20:00:00,1549.0,1241.0,1511.8496625875023,1474.6020099206353,1474.6937790481925,1498.6788,1395.5074
2025-07-21 21:00:00,1195.0,870.0,1183.231733536652,1209.1589841269838,1129.463319541289,1136.9988,1129.3657
2025-07-21 22:00:00,809.0,637.0,868.7303471515262,859.2876332972583,832.361836671,833.3451,761.5582
2025-07-21 23:00:00,373.0,384.0,371.1861179489846,318.6539702380953,332.8907704738759,337.97058,471.16467
2025-07-22 00:00:00,184.0,229.0,301.1305627820442,186.47940476190473,180.42500112448369,192.2073,219.30487
2025-07-22 01:00:00,101.0,99.0,87.44261610178808,77.21750667388173,77.5428445895411,74.06253,110.08728
2025-07-22 02:00:00,37.0,54.0,0.0,24.896839285714282,27.002372341243458,29.246191,65.11438
2025-07-22 03:00:00,42.0,44.0,0.0,34.97788293650794,34.38173566958747,36.753334,49.720276
2025-07-22 04:00:00,72.0,59.0,0.0,59.738113095238084,56.08871782995117,59.36303,75.65704
2025-07-22 05:00:00,233.0,200.0,185.3927723672973,205.86306944444442,200.35076481798706,209.91904,200.09354
2025-07-22 06:00:00,588.0,513.0,628.6060303036154,541.0884464285715,561.0496950212436,584.4499,571.28577
2025-07-22 07:00:00,1171.0,957.0,1195.9096519978812,1308.8815992063498,1306.949337385742,1337.9857,1340.7179
2025-07-22 08:00:00,1841.0,1456.0,1567.619013001608,1857.683150613277,1915.4101161278247,1827.9347,2031.3604
2025-07-22 09:00:00,1055.0,962.0,1294.3403656364176,1011.4630357142856,1022.895132938523,992.7467,1155.541
2025-07-22 10:00:00,739.0,761.0,899.9526780606907,745.1069603174602,719.9257999481584,720.9021,718.62134
2025-07-22 11:00:00,768.0,784.0,779.3895260265983,735.1988174603174,737.3442408556807,715.9764,853.38965
2025-07-22 12:00:00,1070.0,1034.0,993.9401220161886,1012.6278253968253,1021.3773401740018,1006.47375,992.85
2025-07-22 13:00:00,1068.0,1051.0,1079.7231895623768,1097.7531607142855,1092.553348933399,1090.3868,1039.4556
2025-07-22 14:00:00,1158.0,1133.0,1128.2778687088576,1150.5389226190475,1142.9743039702437,1130.4468,1139.5286
2025-07-22 15:00:00,1479.0,1445.0,1392.0648431364018,1581.751069444445,1569.5704242342406,1574.3047,1608.5896
2025-07-22 16:00:00,1888.0,1736.0,1590.2308227633146,1804.8624561688318,1776.7603198961942,1780.0159,2045.2833
2025-07-22 17:00:00,2743.0,2453.0,2038.1920995574267,2709.8652658730175,2814.49834608415,2789.338,2932.8955
2025-07-22 18:00:00,2452.0,2237.0,2242.8700707170565,2632.794421536796,2586.2372676866103,2605.528,2597.8933
2025-07-22 19:00:00,1939.0,1862.0,1957.8012682859237,2049.8644583333335,1922.673640456833,1986.1663,1956.3921
2025-07-22 20:00:00,1538.0,1549.0,1613.903475675138,1578.8331884920633,1592.7014837096606,1585.042,1499.172
2025-07-22 21:00:00,1310.0,1195.0,1268.92803853226,1189.038650793651,1222.3737269643386,1196.6437,1226.6855
2025-07-22 22:00:00,795.0,809.0,945.4168834310917,886.956178932179,886.7183614806272,859.94037,877.28125
2025-07-22 23:00:00,374.0,373.0,402.9955172861198,345.1195476190476,373.3188617861035,385.67795,556.54956
2025-07-23 00:00:00,212.0,184.0,291.0072003039248,185.30962499999998,191.5537472091819,197.32652,238.61053
2025-07-23 01:00:00,77.0,101.0,94.35832206860732,75.58213365800867,79.43607684124206,82.16897,112.461
2025-07-23 02:00:00,63.0,37.0,6.592166183769223,48.62143452380954,51.70278743389129,53.366142,56.943054
2025-07-23 03:00:00,42.0,42.0,23.032189436222893,31.78261904761905,36.38323253729403,38.019512,42.87201
2025-07-23 04:00:00,62.0,72.0,0.0,49.24600992063492,51.96246524841667,53.949913,40.73352
2025-07-23 05:00:00,237.0,233.0,163.47456463056648,193.43092857142855,196.60190397516428,197.16226,182.5274
2025-07-23 06:00:00,581.0,588.0,628.4603110271252,535.3363630952381,549.8111105733706,557.4647,535.43823
2025-07-23 07:00:00,1145.0,1171.0,1146.4195758179953,1190.3542599206348,1221.7918142092688,1242.5565,1411.5015
2025-07-23 08:00:00,1788.0,1841.0,1627.9597957898616,1875.1885553751804,1912.2678160612313,1913.4825,1931.0107
2025-07-23 09:00:00,1088.0,1055.0,1370.049693916837,1110.4656547619045,1155.2491712378417,1136.2012,1141.1887
2025-07-23 10:00:00,795.0,739.0,991.0847402740359,852.5923134920637,852.7173870524819,886.877,785.2444
2025-07-23 11:00:00,860.0,768.0,905.0503119678988,889.2910833333331,902.7492958733568,896.6119,904.4719
2025-07-23 12:00:00,1073.0,1070.0,1052.4947948676952,1068.8839801587305,1078.7915552573297,1075.7743,1069.8795
2025-07-23 13:00:00,1128.0,1068.0,1089.1818716780695,1121.512440476191,1101.9591138961553,1086.9358,1120.3805
2025-07-23 14:00:00,1166.0,1158.0,1159.5883180979963,1180.76975,1184.526906733821,1179.6569,1240.1954
2025-07-23 15:00:00,1487.0,1479.0,1361.7846254166548,1494.0692142857142,1465.0335100203329,1491.0347,1678.1931
2025-07-23 16:00:00,1908.0,1888.0,1650.6170946696188,1865.2901626984133,1826.4076538763513,1855.0978,1904.2695
2025-07-23 17:00:00,2663.0,2743.0,2101.4797553448934,2745.7700198412717,2886.902358042881,2852.592,2880.4666
2025-07-23 18:00:00,2576.0,2452.0,2253.6272835818127,2622.1389473304466,2644.734879309366,2655.9866,2632.4492
2025-07-23 19:00:00,1999.0,1939.0,2053.8788483899234,2212.7766428571426,2039.6742890230762,2130.468,1969.056
2025-07-23 20:00:00,1615.0,1538.0,1681.6882582060216,1700.046456349207,1744.2341476445517,1718.3923,1552.3191
2025-07-23 21:00:00,1276.0,1310.0,1357.6984925582306,1314.878267857143,1303.438276502699,1313.7958,1258.722
2025-07-23 22:00:00,817.0,795.0,951.6041945786678,898.2702900432907,884.3361560228288,892.32965,941.6398
2025-07-23 23:00:00,438.0,374.0,480.5663062405322,468.60997619047623,472.6063582897717,484.0845,595.37933
2025-07-24 00:00:00,205.0,212.0,335.049570646878,209.38662499999995,212.3060946981287,220.74829,287.43848
2025-07-24 01:00:00,108.0,77.0,72.58103951204623,77.85260191197692,82.89856704496682,82.781425,124.78195
2025-07-24 02:00:00,63.0,63.0,0.0,50.18139880952383,43.352829060724886,46.09342,54.62494
2025-07-24 03:00:00,48.0,42.0,0.0,49.6785218253968,50.541012543469456,49.724476,31.898438
2025-07-24 04:00:00,62.0,62.0,0.0,58.09621031746032,60.32538827706578,61.02763,54.42328
2025-07-24 05:00:00,215.0,237.0,156.8660343882131,192.86681547619048,193.400313835325,198.14764,172.84857
2025-07-24 06:00:00,531.0,581.0,585.7987575828406,501.6447460317463,512.1199617422764,514.9649,505.25342
2025-07-24 07:00:00,1104.0,1145.0,1145.3230691343983,1203.570626984127,1182.0231852972074,1154.0643,1275.5916
2025-07-24 08:00:00,1732.0,1788.0,1570.2135734452836,1806.249751984127,1808.9317462826975,1822.6963,1954.5386
2025-07-24 09:00:00,1302.0,1088.0,1430.3659338341645,1405.6434186507938,1341.9129205075603,1297.7618,1147.0321
2025-07-24 10:00:00,874.0,795.0,1017.4525681360351,804.2475436507938,834.7469620372533,847.1679,868.1633
2025-07-24 11:00:00,853.0,860.0,906.5724810303789,910.4967321428574,910.029546256875,891.4627,922.90186
2025-07-24 12:00:00,1110.0,1073.0,1059.7925542998355,1069.7704067460318,1089.6883637698604,1095.6372,1071.4626
2025-07-24 13:00:00,1117.0,1128.0,1139.9694797424434,1165.7079285714287,1181.363317757738,1156.2166,1154.5415
2025-07-24 14:00:00,1196.0,1166.0,1140.0542383661223,1166.4832023809527,1183.6269551217006,1163.1368,1349.6844
2025-07-24 15:00:00,1504.0,1487.0,1409.9566939316458,1596.5869583333335,1611.6506311256012,1597.1588,1741.119
2025-07-24 16:00:00,1864.0,1908.0,1661.3624056927836,1909.6074821428567,1825.4177536992288,1833.536,2052.0386
2025-07-24 17:00:00,2623.0,2663.0,2114.3417764692176,2842.0276964285717,2810.203393035285,2759.934,2686.2551
2025-07-24 18:00:00,2354.0,2576.0,2226.968119935229,2560.108845238094,2563.432350410927,2552.903,2685.0645
2025-07-24 19:00:00,2000.0,1999.0,1966.1112407815842,2013.8890535714281,2017.1179962360895,2056.754,2076.3628
2025-07-24 20:00:00,1619.0,1615.0,1673.0577093996233,1661.6233035714288,1704.4731544255615,1640.2228,1637.042
2025-07-24 21:00:00,1229.0,1276.0,1302.7341120635674,1217.3829642857145,1245.9698044256313,1239.3115,1314.0558
2025-07-24 22:00:00,908.0,817.0,947.4636028675458,897.7442440476195,900.4246168488753,884.0521,971.06323
2025-07-24 23:00:00,597.0,438.0,613.0775153533863,623.0556190476188,588.8190151148261,616.9369,606.1814
2025-07-25 00:00:00,286.0,205.0,441.82122536882247,316.8814821428572,299.06717663752937,303.94885,337.8811
2025-07-25 01:00:00,165.0,108.0,186.5814545899707,155.38092460317458,162.01091480788503,161.02814,166.1832
2025-07-25 02:00:00,86.0,63.0,0.0,61.375585317460335,62.855789906650486,64.52006,86.793335
2025-07-25 03:00:00,50.0,48.0,0.0,45.14870833333333,46.53965078255004,47.173805,37.118958
2025-07-25 04:00:00,67.0,62.0,0.0,61.643128968253976,60.92150644559295,63.93232,30.57257
2025-07-25 05:00:00,237.0,215.0,173.3871284197195,220.86824801587295,206.86533617973038,215.02563,174.81534
2025-07-25 06:00:00,456.0,531.0,509.5335771819372,469.4900654761905,450.83054257585184,449.93933,521.60266
2025-07-25 07:00:00,910.0,1104.0,1048.4144892927875,1052.5192759740266,1006.4834696648811,1017.1514,1023.44543
2025-07-25 08:00:00,1370.0,1732.0,1464.1829317410343,1596.8533551587298,1544.7955715967441,1605.1061,1603.6326
2025-07-25 09:00:00,1070.0,1302.0,1269.292957532226,1103.975440476191,1090.7668895810405,1092.5582,1137.6191
2025-07-25 10:00:00,885.0,874.0,1015.2896487297854,898.8979087301586,904.9979734396127,933.17554,922.3911
2025-07-25 11:00:00,957.0,853.0,925.0805766934319,926.6177222222223,947.2584830219301,914.5821,1003.97046
2025-07-25 12:00:00,1184.0,1110.0,1110.8764048190606,1163.7180297619052,1184.8387691256248,1161.7161,1128.4818
2025-07-25 13:00:00,1229.0,1117.0,1141.2634097030577,1196.705396825397,1191.5396315640971,1189.3502,1260.9565
2025-07-25 14:00:00,1358.0,1196.0,1283.1493375694245,1478.9290357142859,1421.3433112600533,1459.833,1461.2124
2025-07-25 15:00:00,1548.0,1504.0,1386.454245857171,1520.0942440476192,1531.2980670103734,1482.0387,1772.4724
2025-07-25 16:00:00,1780.0,1864.0,1535.9944582330834,1626.6896185064936,1600.6286393305304,1586.6229,1969.6047
2025-07-25 17:00:00,1825.0,2623.0,1796.0013923478418,1691.8579168470426,1721.7980986503421,1812.3214,2322.7808
2025-07-25 18:00:00,1789.0,2354.0,1785.8302844466675,1718.867521825397,1731.3299182279059,1802.0276,1881.4443
2025-07-25 19:00:00,1554.0,2000.0,1629.014391837372,1497.1592460317459,1489.2814604915175,1517.4592,1663.3182
2025-07-25 20:00:00,1480.0,1619.0,1515.4439066066548,1480.6983174603174,1490.5011212101786,1454.8773,1360.3889
2025-07-25 21:00:00,1136.0,1229.0,1246.5133826207114,1207.5127976190477,1199.812169801857,1197.7471,1241.2599
2025-07-25 22:00:00,925.0,908.0,971.1966141816821,903.0057440476193,921.5055070263911,913.95526,964.4801
2025-07-25 23:00:00,801.0,597.0,738.4598456414834,740.7613501082252,764.6295920592494,733.3474,767.2711
2025-07-26 00:00:00,588.0,286.0,782.1131704615345,544.3819722222222,566.82569526235,572.0324,514.7349
2025-07-26 01:00:00,365.0,165.0,454.48035147272856,326.5042242063492,314.381605342266,318.78214,354.59125
2025-07-26 02:00:00,238.0,86.0,299.48859132308314,240.29051984126983,238.8437470114566,233.85707,192.47241
2025-07-26 03:00:00,123.0,50.0,114.92761211625907,108.95779166666665,116.83908400374939,112.28923,115.79254
2025-07-26 04:00:00,66.0,67.0,0.0,58.37384523809526,54.22031824728304,56.830715,70.14783
2025-07-26 05:00:00,112.0,237.0,44.74354122068314,106.19529761904757,99.29033396998639,99.19531,102.7912
2025-07-26 06:00:00,232.0,456.0,241.32551704721033,210.72972619047613,211.4980491587702,206.52132,244.19424
2025-07-26 07:00:00,482.0,910.0,617.5701158439877,475.55285515872987,472.1368587855804,464.19388,438.69553
2025-07-26 08:00:00,777.0,1370.0,1019.6355905278442,834.2814940476187,854.612666482311,862.60114,804.64594
2025-07-26 09:00:00,1124.0,1070.0,1155.9097041735413,1120.5984980158728,1139.8068904328609,1130.9806,1251.425
2025-07-26 10:00:00,1318.0,885.0,1224.691122107256,1372.1583730158734,1377.8701043604453,1352.8988,1520.0927
2025-07-26 11:00:00,1446.0,957.0,1277.900258603143,1438.9203154761908,1418.7988193941435,1424.4392,1586.9436
2025-07-26 12:00:00,1599.0,1184.0,1402.1523212298343,1526.8768869047617,1539.8604672869976,1591.3978,1566.8075
2025-07-26 13:00:00,1636.0,1229.0,1406.4045940114302,1545.6273511904758,1566.4757368746982,1557.0627,1597.0884
2025-07-26 14:00:00,1671.0,1358.0,1434.9192720871192,1555.6398690476185,1583.9218780369881,1550.984,1641.4214
2025-07-26 15:00:00,1679.0,1548.0,1462.737067433493,1528.418565476191,1537.8306372004565,1562.2529,1683.4336
2025-07-26 16:00:00,1729.0,1780.0,1551.8543634568755,1578.6990238095234,1621.4488971731762,1602.6848,1691.2135
2025-07-26 17:00:00,1658.0,1825.0,1519.879402502042,1446.304571428571,1423.4662610541632,1469.8893,1715.2362
2025-07-26 18:00:00,1504.0,1789.0,1546.5759380704692,1520.9676845238098,1525.4917812425217,1526.9916,1670.8324
2025-07-26 19:00:00,1484.0,1554.0,1476.0183718297128,1425.9375773809527,1391.671885189207,1440.896,1570.6696
2025-07-26 20:00:00,1327.0,1480.0,1377.4359716260708,1244.4478849206346,1260.4018480034931,1293.5033,1433.2979
2025-07-26 21:00:00,1188.0,1136.0,1167.1289972138345,1059.660668650794,1119.4382144932017,1132.7732,1213.9119
2025-07-26 22:00:00,943.0,925.0,986.1194184408807,914.244658730159,913.1080691684621,920.74786,984.9666
2025-07-26 23:00:00,808.0,801.0,831.4867520478795,780.9804087301579,804.1491319391367,811.6939,833.45105
2025-07-27 00:00:00,615.0,588.0,816.4112506369459,571.8583452380952,583.1682252996458,583.9057,516.22546
2025-07-27 01:00:00,389.0,365.0,489.08903443952113,337.9394880952379,341.17575844022684,338.9666,378.48462
2025-07-27 02:00:00,220.0,238.0,258.4057012979345,226.96475992063495,211.73793058187175,221.02148,184.66913
2025-07-27 03:00:00,122.0,123.0,103.27725001379605,119.53665476190477,127.26350960938349,126.57934,99.47305
2025-07-27 04:00:00,69.0,66.0,0.0,66.6587757936508,65.6941919474442,70.00771,74.97699
2025-07-27 05:00:00,92.0,112.0,0.0,66.97478571428572,68.35177124600177,71.754005,103.42407
2025-07-27 06:00:00,181.0,232.0,116.12250607470963,182.33657341269839,170.5911091748478,174.46915,180.05688
2025-07-27 07:00:00,312.0,482.0,319.54309373266057,310.641892857143,310.7311252911233,315.28397,352.58685
2025-07-27 08:00:00,619.0,777.0,697.5897555379993,620.249517857143,639.145746901552,640.706,575.20624
2025-07-27 09:00:00,876.0,1124.0,914.1141462730995,841.2368452380952,834.853306930747,807.94415,1005.7112
2025-07-27 10:00:00,1262.0,1318.0,1164.4957627984681,1140.3215238095238,1194.8280915174428,1148.0222,1309.8489
2025-07-27 11:00:00,1373.0,1446.0,1319.2747789476853,1364.9979365079366,1371.2685028005776,1359.8141,1508.8346
2025-07-27 12:00:00,1498.0,1599.0,1355.3427685738015,1365.6011984126983,1373.599254452612,1400.0779,1573.9329
2025-07-27 13:00:00,691.0,1636.0,1015.315024513251,688.060384920635,718.0526139375435,787.7301,1519.0529
2025-07-27 14:00:00,906.0,1671.0,962.7349286364479,823.7380952380951,857.7151138886393,835.63464,1107.3989
2025-07-27 15:00:00,1301.0,1679.0,1183.024876462654,1087.3520873015873,1108.2194914728016,1108.9181,1046.918
2025-07-27 16:00:00,1318.0,1729.0,1292.0006844626193,1128.5818214285712,1169.6640049900473,1148.8514,1168.0569
2025-07-27 17:00:00,1074.0,1658.0,1245.3065168136577,1095.644678571429,1127.9493779948914,1156.9326,1279.2013
2025-07-27 18:00:00,1238.0,1504.0,1208.4508039940988,1098.5938988095243,1137.8631397282463,1137.807,1118.9874
2025-07-27 19:00:00,1198.0,1484.0,1245.8322498527332,1072.656398809524,1087.81309927542,1122.1173,1040.5789
2025-07-27 20:00:00,1041.0,1327.0,1119.8388003458995,957.519095238095,947.1027095557199,965.67377,997.74774
2025-07-27 21:00:00,852.0,1188.0,1009.0728775585758,847.4500793650793,849.0924267088571,874.0532,831.2984
2025-07-27 22:00:00,604.0,943.0,722.0038735511434,592.7038809523809,574.1351172227099,595.2093,554.2136
2025-07-27 23:00:00,382.0,808.0,477.7386507558625,328.0548551587301,357.63919387953496,371.34097,350.5477
2025-07-28 00:00:00,234.0,615.0,416.0332957878304,182.92531547619052,179.17827091478136,190.18454,204.32303
2025-07-28 01:00:00,135.0,389.0,213.24732024676024,101.28412499999999,109.4608808056156,105.051865,111.88791
2025-07-28 02:00:00,82.0,220.0,100.6212348587814,69.18645833333339,65.52532720742535,61.58847,70.47833
2025-07-28 03:00:00,57.0,122.0,14.179828629539315,44.40578571428572,43.002859793511945,41.736973,58.47754
2025-07-28 04:00:00,72.0,69.0,0.0,56.17117261904762,46.469878461615195,50.628666,76.36182
2025-07-28 05:00:00,196.0,92.0,140.9495352789392,173.44570238095227,172.2716655840889,169.86789,228.12476
2025-07-28 06:00:00,470.0,181.0,468.5992624694959,450.5309821428571,467.51459415330686,459.31143,517.34094
2025-07-28 07:00:00,940.0,312.0,867.068858952802,1007.91,993.7006960563563,995.93665,1043.9325
2025-07-28 08:00:00,1487.0,619.0,1215.2826293712365,1489.8920238095245,1520.4547727059507,1500.7909,1667.7306
2025-07-28 09:00:00,963.0,876.0,1177.9577514532066,916.539373015873,899.8948186211388,936.1776,1047.9048
2025-07-28 10:00:00,717.0,1262.0,1028.565198662221,811.5615178571428,760.485747154145,776.37524,721.8837
2025-07-28 11:00:00,842.0,1373.0,954.9729075452497,797.0841043956044,800.1478727178384,797.70764,799.3047
2025-07-28 12:00:00,1085.0,1498.0,1185.4832697570114,1115.341160714286,1184.669240261872,1144.9083,866.6803
2025-07-28 13:00:00,1087.0,691.0,994.3858311700994,1085.5292619047616,1034.6668608016835,1031.1997,924.6086
2025-07-28 14:00:00,1107.0,906.0,1044.5439133692792,1098.1510297619043,1041.1820688086666,1052.1,1020.70605
2025-07-28 15:00:00,1340.0,1301.0,1264.190184767184,1294.5074641053393,1306.691809321608,1334.8308,1262.6809
2025-07-28 16:00:00,1683.0,1318.0,1424.3579694177545,1612.8748809523813,1563.4585655511032,1563.2057,1578.6039
2025-07-28 17:00:00,2390.0,1074.0,1623.5833014880063,2403.4088650793665,2323.0720131080507,2314.4724,2252.9526
2025-07-28 18:00:00,2125.0,1238.0,1779.5539644431128,1971.759363636364,1983.3758143585017,1963.5812,2326.5059
2025-07-28 19:00:00,1802.0,1198.0,1655.0979703051455,1787.5096507936514,1714.5577104586434,1739.1709,1827.5529
2025-07-28 20:00:00,1451.0,1041.0,1421.4043159836347,1388.7670952380952,1406.7519958016485,1418.164,1446.9657
2025-07-28 21:00:00,1093.0,852.0,1156.1681106431674,1162.764944444445,1104.8729087619595,1123.3805,1122.7498
2025-07-28 22:00:00,647.0,604.0,731.9686243010833,634.9185375180377,628.0326746945549,672.8342,752.8738
2025-07-28 23:00:00,368.0,382.0,346.1896683892638,325.91775000000007,317.6475840946456,339.89667,422.3591
2025-07-29 00:00:00,190.0,234.0,312.9905032892289,164.95873412698415,171.06350738269703,182.88072,210.3164
2025-07-29 01:00:00,106.0,135.0,85.42853121583346,73.94101352813854,70.67633131737985,69.53427,124.09982
2025-07-29 02:00:00,67.0,82.0,0.0,52.51775595238094,43.4169380659492,43.493763,77.28711
2025-07-29 03:00:00,51.0,57.0,0.0,36.3932857142857,35.15554692612931,35.054203,55.738403
2025-07-29 04:00:00,74.0,72.0,0.0,71.95704563492062,68.14903775117901,69.31437,103.045135
2025-07-29 05:00:00,222.0,196.0,196.42186106130794,218.70558134920623,204.5396156733799,214.2395,245.38394
2025-07-29 06:00:00,603.0,470.0,586.0639391770713,491.2617460317462,509.1256964231168,530.7872,600.7251
2025-07-29 07:00:00,1169.0,940.0,1163.2234580214126,1230.6737182539687,1242.1916157784551,1250.1006,1280.1753
2025-07-29 08:00:00,1703.0,1487.0,1545.6132563875603,1827.395412518038,1956.0239535586256,1837.1316,2011.4756
2025-07-29 09:00:00,993.0,963.0,1251.8686808095163,984.3264345238093,1029.4789885456887,990.41626,1203.3198
2025-07-29 10:00:00,725.0,717.0,890.2225463036928,795.832738095238,763.5596526511466,773.1644,773.6388
2025-07-29 11:00:00,772.0,842.0,817.7121584846602,785.5579972527471,800.7538466342284,793.5755,842.15
2025-07-29 12:00:00,964.0,1085.0,1008.6919182953927,1017.5641547619048,1025.5788573582333,1021.3992,957.07104
2025-07-29 13:00:00,992.0,1087.0,936.4459581376625,837.7742936507937,886.4930136223477,884.31165,1021.0707
2025-07-29 14:00:00,1012.0,1107.0,1062.1558088217007,1085.8555535714286,1048.7109793598945,1042.7982,1040.311
2025-07-29 15:00:00,1329.0,1340.0,1203.441598947786,1231.0598511904761,1245.1783445801382,1211.9425,1466.6191
2025-07-29 16:00:00,1821.0,1683.0,1584.0876157910302,1850.6905077561332,1764.767793073884,1799.3379,1821.1414
2025-07-29 17:00:00,2499.0,2390.0,1967.910206155465,2545.5031913780663,2609.5496371222894,2613.5293,2692.262
2025-07-29 18:00:00,2303.0,2125.0,2085.458752858148,2340.952027777777,2429.007227969174,2429.8813,2597.0398
2025-07-29 19:00:00,1791.0,1802.0,1824.0855660169657,1765.5073392857144,1825.7663227260618,1847.6982,1957.9708
2025-07-29 20:00:00,1459.0,1451.0,1533.3725454215098,1459.865787698413,1462.7207487895741,1473.6049,1442.3416
2025-07-29 21:00:00,1089.0,1093.0,1128.6448198692578,1003.0074702380948,1067.1282972760052,1024.8859,1214.7068
2025-07-29 22:00:00,736.0,647.0,756.7160003636473,704.4048333333333,701.4476345406849,718.77673,791.4297
2025-07-29 23:00:00,407.0,368.0,478.0859954393477,467.5430714285716,471.5361592515388,487.02896,472.37878
2025-07-30 00:00:00,183.0,190.0,294.14030032197263,163.32147222222227,168.15008622369106,177.57347,268.81992
2025-07-30 01:00:00,99.0,106.0,89.58735449892083,75.85387373737375,80.18575986873311,79.061356,111.25534
2025-07-30 02:00:00,50.0,67.0,0.0,42.1814484126984,37.373796850503254,35.503845,61.173706
2025-07-30 03:00:00,32.0,51.0,0.0,27.286686507936498,25.66796664431561,27.05984,32.048218
2025-07-30 04:00:00,66.0,74.0,0.0,53.4898630952381,53.67570711104427,56.319355,82.28497
2025-07-30 05:00:00,210.0,222.0,173.81271929466834,195.57618452380953,189.60321931026257,194.18686,217.40244
2025-07-30 06:00:00,601.0,603.0,650.8306654705717,546.5638988095238,536.2558055324348,562.4758,558.5936
2025-07-30 07:00:00,1117.0,1169.0,1130.0880591131045,1105.0852103174605,1154.1303122932472,1158.1139,1326.6777
2025-07-30 08:00:00,1629.0,1703.0,1576.0946720832833,1830.3271468253965,1848.817398110917,1841.7264,1869.7045
2025-07-30 09:00:00,1041.0,993.0,1251.6186600551491,983.4816250000002,1006.8008452717568,999.0215,1145.5354
2025-07-30 10:00:00,807.0,725.0,955.3820473751443,854.6430670995676,812.8069903476396,853.10675,760.7569
2025-07-30 11:00:00,767.0,772.0,862.8946948945593,825.2817499999999,836.1794356375885,826.49274,877.36633
2025-07-30 12:00:00,1004.0,964.0,900.8713653295727,860.4195654761904,874.4288890113095,872.55585,998.5104
2025-07-30 13:00:00,951.0,992.0,956.2342668157471,888.9181507936505,904.2276540912613,902.887,1013.77954
2025-07-30 14:00:00,1088.0,1012.0,1007.1152461208908,994.9646369047616,993.1121775611628,973.72675,1080.2306
2025-07-30 15:00:00,1257.0,1329.0,1229.7238650153724,1302.4244561688317,1307.694223566514,1255.9204,1451.5295
2025-07-30 16:00:00,1750.0,1821.0,1626.8005966083174,2009.6483273809527,1858.311047935351,1926.0057,1775.0829
2025-07-30 17:00:00,2476.0,2499.0,1943.6440671424853,2317.6924422799416,2442.4232871702457,2511.063,2738.301
2025-07-30 18:00:00,2314.0,2303.0,2144.7421226005326,2513.44644534632,2416.8667830922473,2423.5195,2501.5781
2025-07-30 19:00:00,1872.0,1791.0,1902.4604315381357,1937.9231428571427,1903.1498461309404,1953.7058,1884.5896
2025-07-30 20:00:00,1528.0,1459.0,1607.2069143642025,1547.727771825397,1513.0317991400855,1550.0793,1476.3403
2025-07-30 21:00:00,1147.0,1089.0,1183.1036660784043,1039.8163690476185,1075.477768539179,1070.3864,1209.2861
2025-07-30 22:00:00,769.0,736.0,887.5564474219884,843.2251928210675,827.8263010952431,854.4658,812.07007
2025-07-30 23:00:00,432.0,407.0,519.33716455004,476.43162499999994,493.71129756924,516.7718,505.23993
2025-07-31 00:00:00,212.0,183.0,317.31317255952234,197.349125,197.7219421846334,202.0395,261.1401
2025-07-31 01:00:00,107.0,99.0,83.03055749741452,74.19566233766234,75.4530688608778,74.59123,112.37488
2025-07-31 02:00:00,70.0,50.0,27.158278143215284,62.04302976190475,60.25962758166445,56.684513,60.35669
2025-07-31 03:00:00,43.0,32.0,0.0,35.87023214285714,32.195260665664925,31.891228,42.35974
2025-07-31 04:00:00,65.0,66.0,0.0,62.067356782106806,63.34863115170847,66.450836,79.55524
2025-07-31 05:00:00,218.0,210.0,186.1116641221244,215.10724801587298,199.4173689130366,211.19182,191.67905
2025-07-31 06:00:00,601.0,601.0,692.4962621078015,632.0161666666667,639.6721927580583,627.0732,512.3688
2025-07-31 07:00:00,1258.0,1117.0,1248.0904716955731,1304.6731051587299,1291.528824049773,1304.7258,1274.3942
2025-07-31 08:00:00,1743.0,1629.0,1583.9172931735402,1761.665188492063,1852.5870155562475,1793.5466,2015.1182
2025-07-31 09:00:00,1223.0,1041.0,1401.0383807645328,1168.929023809524,1262.1504897816526,1243.5763,1156.2351
2025-07-31 10:00:00,862.0,807.0,1041.3318402037194,905.1909226190472,892.0052397401201,943.80426,833.4855
2025-07-31 11:00:00,851.0,767.0,907.6384368462664,941.9999365079364,931.1027825915323,914.3134,937.6889
2025-07-31 12:00:00,1073.0,1004.0,973.1184922352916,1003.2600456349209,1019.5323794612028,1009.957,968.3655
2025-07-31 13:00:00,1076.0,951.0,968.5064655313712,1027.1139563492059,997.6760760137379,972.9058,1008.17773
2025-07-31 14:00:00,762.0,1088.0,849.3622573748078,763.7563273809524,812.366537081821,802.3159,1155.9733
2025-07-31 15:00:00,1062.0,1257.0,1020.2267131338647,1058.2862916666668,1060.6513181290702,1050.0748,1234.4602
2025-07-31 16:00:00,1101.0,1750.0,1141.3413100518605,1015.0039920634923,990.0055237989453,1040.1805,1480.3052
2025-07-31 17:00:00,1711.0,2476.0,1616.518993003522,1956.2186190476195,1875.5361382994427,1961.5762,1567.6439
2025-07-31 18:00:00,1299.0,2314.0,1574.7012631708126,1383.1304047619049,1321.0524743037145,1310.5969,1385.7805
2025-07-31 19:00:00,1177.0,1872.0,1381.5315767569346,1202.1550734126986,1171.4388564649933,1231.8579,929.2956
2025-07-31 20:00:00,1212.0,1528.0,1260.6916801498915,1075.003898809524,1096.9271762266596,1147.9375,939.6969
2025-07-31 21:00:00,892.0,1147.0,1094.88696546424,971.2691309523813,1011.0884883260408,995.0718,1074.3203
2025-07-31 22:00:00,655.0,769.0,721.2216387900813,596.6952380952382,638.5092234898951,655.0201,742.3687
2025-07-31 23:00:00,444.0,432.0,483.4641358926398,456.0172936507937,476.47508841979214,473.12064,349.76865
2025-08-01 00:00:00,195.0,212.0,287.04028790603587,193.40816071428563,188.90866655034785,189.01772,230.28268
2025-08-01 01:00:00,111.0,107.0,98.19028971415071,99.02695634920632,97.94311772033394,98.04949,106.242065
2025-08-01 02:00:00,59.0,70.0,26.314232681383487,52.227603174603175,48.189746581398765,54.8185,49.695984
2025-08-01 03:00:00,31.0,43.0,0.0,27.523857142857143,29.853412475892085,24.288754,13.614136
2025-08-01 04:00:00,60.0,65.0,0.0,54.028613095238086,51.812472978530394,51.211937,40.796265
2025-08-01 05:00:00,181.0,218.0,172.67442065370284,194.9742976190476,196.34121886269884,191.24106,146.67596
2025-08-01 06:00:00,443.0,601.0,567.7067857010699,473.9148333333332,472.21998359671886,467.51944,466.00165
2025-08-01 07:00:00,819.0,1258.0,1037.4345892594974,921.2495757575758,885.4114819030408,884.8379,990.30444
2025-08-01 08:00:00,1070.0,1743.0,1307.4097223055971,1233.1282996031746,1224.0286614385475,1162.0314,1261.7676
2025-08-01 09:00:00,671.0,1223.0,1009.870101081659,745.6875357142853,720.142165114208,708.14154,852.99866
2025-08-01 10:00:00,704.0,862.0,820.2396570775389,749.922578282828,722.4648472028455,705.4558,618.69836
2025-08-01 11:00:00,822.0,851.0,897.341712134666,860.3180317460323,863.163834901095,860.6289,774.09216
2025-08-01 12:00:00,1079.0,1073.0,1026.136824541408,1054.0290595238089,1044.5315337986326,1041.2488,993.6632
2025-08-01 13:00:00,1116.0,1076.0,1184.196993583581,1285.5354047619046,1258.7703147903592,1227.1877,1094.9414
2025-08-01 14:00:00,1271.0,762.0,1158.049823857755,1368.7987857142857,1374.6128398601836,1329.7257,1458.1643
2025-08-01 15:00:00,1514.0,1062.0,1337.852893054378,1534.8731051587301,1542.0290614682917,1516.6339,1855.7975
2025-08-01 16:00:00,1785.0,1101.0,1503.7790249239838,1984.9739087301589,1866.4578626546336,1834.0566,1996.5869
2025-08-01 17:00:00,2083.0,1711.0,1755.698179457874,2128.3758015873022,2200.1658829250546,2177.7275,2440.6016
2025-08-01 18:00:00,1763.0,1299.0,1690.5516676087364,1919.0152738095237,1891.7991623761186,1886.3169,2054.0415
2025-08-01 19:00:00,1424.0,1177.0,1430.5752420447736,1477.1494464285709,1426.475426196811,1452.8002,1505.3613
2025-08-01 20:00:00,1118.0,1212.0,1303.4973790237664,1220.9838923160173,1201.970837478781,1225.8944,1132.7734
2025-08-01 21:00:00,905.0,892.0,973.5785219854633,941.3847261904768,932.8270381191148,930.27014,998.48505
2025-08-01 22:00:00,853.0,655.0,799.2900349233727,782.6677202380955,808.4791905902717,790.6479,797.23157
2025-08-01 23:00:00,664.0,444.0,708.9014022443336,725.8223075396827,761.5294608612317,717.9947,651.20264
2025-08-02 00:00:00,431.0,195.0,629.6609838562954,467.37299404761893,483.30143905486364,465.24292,499.78333
2025-08-02 01:00:00,277.0,111.0,379.9194976157705,282.31855483405485,289.57225224914066,291.97806,323.56128
2025-08-02 02:00:00,196.0,59.0,225.34012855344417,199.30884163059167,198.77218112506307,208.30429,175.78656
2025-08-02 03:00:00,104.0,31.0,99.60039987470469,119.26671428571427,112.32667553294534,112.3855,98.49744
2025-08-02 04:00:00,44.0,60.0,0.0,51.53058333333333,48.05053612339835,44.57472,55.805847
2025-08-02 05:00:00,91.0,181.0,14.007353000713806,82.59922925685424,79.84951940718807,79.7547,77.64545
2025-08-02 06:00:00,209.0,443.0,262.6659300047969,220.0919444444444,214.63956339799634,216.33821,205.94937
2025-08-02 07:00:00,410.0,819.0,568.4884165993161,425.49558928571423,421.99795117842524,424.2866,423.98553
2025-08-02 08:00:00,703.0,1070.0,944.100075189594,752.7311625180374,828.4498046526106,810.5117,709.5944
2025-08-02 09:00:00,1018.0,671.0,1106.9729082889835,1207.2209583333333,1197.2202072144935,1241.5724,1182.1353
2025-08-02 10:00:00,1335.0,704.0,1251.62916779887,1482.5567081529578,1468.500297505017,1498.977,1534.0544
2025-08-02 11:00:00,1509.0,822.0,1428.0401403490525,1909.8675595238099,1784.62628538282,1804.3782,1658.4854
2025-08-02 12:00:00,1597.0,1079.0,1467.3481473267216,1684.8763829365087,1715.1432486594308,1701.6384,1751.0543
2025-08-02 13:00:00,1572.0,1116.0,1542.7541216424227,1932.6268809523808,1871.3324740638714,1878.5535,1740.2767
2025-08-02 14:00:00,1674.0,1271.0,1478.8855974836779,1640.793478174603,1652.1438898264043,1637.8019,1805.1119
2025-08-02 15:00:00,1724.0,1514.0,1540.1174400821205,1673.4715952380948,1695.6835611559404,1682.497,1748.4258
2025-08-02 16:00:00,1607.0,1785.0,1703.3166388093287,1884.3255456349198,1848.035801078198,1860.2114,1679.645
2025-08-02 17:00:00,1588.0,2083.0,1692.0009897519412,1706.0947460317464,1692.3976726950757,1755.4861,1738.9171
2025-08-02 18:00:00,1510.0,1763.0,1617.554865617852,1625.4379226190476,1617.2101902490003,1601.6821,1671.3806
2025-08-02 19:00:00,1549.0,1424.0,1519.7187702220237,1533.3687261904759,1437.4648976353453,1517.8146,1440.8232
2025-08-02 20:00:00,1111.0,1118.0,1305.8211894318147,1199.731071428572,1235.0110194686422,1261.0718,1211.635
2025-08-02 21:00:00,964.0,905.0,1039.4411722278978,980.9448412698414,1023.883991217657,981.9169,987.74646
2025-08-02 22:00:00,777.0,853.0,966.6845197251221,878.3799940476188,930.5478089588456,913.80426,829.28546
2025-08-02 23:00:00,765.0,664.0,766.8529639969754,737.6422866161615,758.6513465458595,743.79517,732.75415
2025-08-03 00:00:00,498.0,431.0,719.9420868738373,483.36077976190484,505.80307765514664,486.0225,543.99915
2025-08-03 01:00:00,333.0,277.0,470.00098085159857,331.22803571428585,336.73646536571795,329.18143,353.07083
2025-08-03 02:00:00,197.0,196.0,252.70891914609803,218.13478571428575,199.91850605396118,191.26353,201.80328
2025-08-03 03:00:00,121.0,104.0,108.38014784528752,124.83388690476198,114.08800196418312,112.84512,104.91028
2025-08-03 04:00:00,52.0,44.0,0.0,56.78950000000003,55.065473180829386,53.434532,65.814575
2025-08-03 05:00:00,72.0,91.0,0.0,72.69837499999998,69.60106319228196,65.1134,76.517944
2025-08-03 06:00:00,155.0,209.0,91.87894632477503,165.4108214285714,160.09437772656042,158.37827,157.92072
2025-08-03 07:00:00,276.0,410.0,291.31873545865693,288.7343542568542,294.81491199463505,291.25497,333.61658
2025-08-03 08:00:00,562.0,703.0,655.4479880955371,562.4083511904764,575.8707817364173,588.94446,527.1458
2025-08-03 09:00:00,919.0,1018.0,1010.174342650753,1007.7124126984128,1013.7768551961772,1000.78577,942.2463
2025-08-03 10:00:00,1240.0,1335.0,1286.0893213636218,1275.6235833333337,1345.387728585696,1347.3988,1364.8181
2025-08-03 11:00:00,1439.0,1509.0,1415.9318273348426,1469.257702380952,1458.5182750469291,1458.7463,1559.0795
2025-08-03 12:00:00,1525.0,1597.0,1527.6791113527197,1605.132462301587,1570.180091122105,1599.7267,1573.7996
2025-08-03 13:00:00,1528.0,1572.0,1517.9741176407445,1586.6386408730154,1574.5666095813297,1603.4293,1579.0732
2025-08-03 14:00:00,1514.0,1674.0,1574.3959478741608,1712.3826309523813,1656.078791241935,1673.8433,1563.0327
2025-08-03 15:00:00,1790.0,1724.0,1651.513207467619,1855.1428333333326,1848.548633800048,1847.6642,1603.1449
2025-08-03 16:00:00,1677.0,1607.0,1619.3111610846527,1697.4482619047617,1761.7311301558195,1713.6375,1650.1674
2025-08-03 17:00:00,1598.0,1588.0,1520.0993659445062,1539.017170634921,1524.7416495796738,1521.9801,1660.5825
2025-08-03 18:00:00,1485.0,1510.0,1563.746686495822,1600.1709920634923,1558.7778854586386,1594.3898,1474.2834
2025-08-03 19:00:00,1234.0,1549.0,1454.809298867781,1347.3583750000003,1325.888526746914,1370.3029,1296.3873
2025-08-03 20:00:00,1058.0,1111.0,1232.5964451534983,1187.6204388528135,1185.285195664742,1170.9579,1026.9429
2025-08-03 21:00:00,680.0,964.0,891.0375860970981,812.9071111111112,752.2109071209007,771.8916,801.79456
2025-08-03 22:00:00,521.0,777.0,716.713424531697,661.3572976190476,605.4546620644484,624.4529,533.6031
2025-08-03 23:00:00,299.0,765.0,445.07258020955993,346.01630952380947,354.2229648991924,374.7283,348.4059
2025-08-04 00:00:00,153.0,498.0,350.0075437337212,181.44736904761896,183.9932625782136,179.87025,175.1195
2025-08-04 01:00:00,84.0,333.0,161.94019132306028,85.46468650793648,90.57747643863178,82.878,91.797
2025-08-04 02:00:00,50.0,197.0,68.19545692226541,57.927041666666646,46.33029529255697,44.014305,53.681824
2025-08-04 03:00:00,37.0,121.0,0.0,33.88842261904763,29.25406055452344,23.990368,36.19409
2025-08-04 04:00:00,44.0,52.0,0.0,47.56105952380951,42.82064854399509,37.157734,45.79071
2025-08-04 05:00:00,168.0,72.0,89.01745558334915,166.49661904761902,161.036416424191,150.96559,135.13025
2025-08-04 06:00:00,461.0,155.0,468.7125428262995,463.82916666666637,466.0802053556167,461.00967,421.0783
2025-08-04 07:00:00,893.0,276.0,882.0126681666356,1064.4165694444443,1004.0975512669515,1052.7255,1021.8417
2025-08-04 08:00:00,1256.0,562.0,1193.432536152684,1553.844476190476,1544.2698310602464,1551.4965,1622.6707
2025-08-04 09:00:00,917.0,919.0,1219.9295045372905,1089.2675238095237,1148.3317958887087,1132.5925,963.5775
2025-08-04 10:00:00,665.0,1240.0,996.5521741694388,742.2389166666665,734.784860371552,740.13495,719.16833
2025-08-04 11:00:00,761.0,1439.0,1033.2330282474509,862.9187936507934,829.5257178525056,848.7982,779.2156
2025-08-04 12:00:00,920.0,1525.0,1134.1502310468659,1027.678738095238,1009.1330509277167,1031.5667,896.70544
2025-08-04 13:00:00,860.0,1528.0,1160.2137098306703,1045.426206349206,1042.1206643293667,1041.7897,911.60504
2025-08-04 14:00:00,904.0,1514.0,1096.9492363487877,940.0120357142863,945.2098716577375,943.1623,957.1305
2025-08-04 15:00:00,1074.0,1790.0,1272.7795057563796,1120.185273809524,1152.2534983392902,1110.0099,1163.9813
2025-08-04 16:00:00,1576.0,1677.0,1566.8894468811682,1975.2368015873012,1757.2737581458584,1838.9454,1402.165
2025-08-04 17:00:00,2205.0,1598.0,1839.5009507233412,2692.898476190476,2468.0343282367066,2407.74,2278.1704
2025-08-04 18:00:00,2032.0,1485.0,1886.3983188189193,2319.839763888889,2188.3990900762387,2166.6172,2221.037
2025-08-04 19:00:00,1581.0,1234.0,1689.8448139509173,1770.5446825396823,1744.2056816737277,1776.3387,1715.098
2025-08-04 20:00:00,1176.0,1058.0,1301.6912283987176,1217.3751726190476,1209.8805183169513,1214.9066,1283.4086
2025-08-04 21:00:00,738.0,680.0,969.1266357119105,928.2134345238094,897.0485954124904,919.8307,889.5176
2025-08-04 22:00:00,539.0,521.0,659.5192646524457,613.8883373015873,578.2490874177895,580.49786,582.00934
2025-08-04 23:00:00,281.0,299.0,370.5048804459119,368.3432321428573,367.28577077895517,368.64047,336.25427
2025-08-05 00:00:00,108.0,153.0,238.02377688510694,134.9301309523809,148.7701517592507,138.89726,153.33316
2025-08-05 01:00:00,44.0,84.0,41.576578792861824,56.43377976190473,54.38610367131885,51.122356,66.86243
2025-08-05 02:00:00,38.0,50.0,1.8381987202135406,45.11071031746032,40.794273490008045,38.045856,33.661194
2025-08-05 03:00:00,32.0,37.0,0.0,32.17061507936508,29.541349396157237,26.946259,19.830017
2025-08-05 04:00:00,44.0,44.0,0.0,52.36585119047621,55.778466782909376,57.263065,42.79962
2025-08-05 05:00:00,181.0,168.0,139.80991460157912,174.50876190476197,185.15180796811887,175.86206,184.35956
2025-08-05 06:00:00,504.0,461.0,600.1928297023929,528.7882857142856,542.1893934870375,528.57306,515.1985
2025-08-05 07:00:00,1032.0,893.0,1111.589971399358,1203.117625,1172.5245510464847,1193.5522,1219.1736
2025-08-05 08:00:00,1593.0,1256.0,1467.0250301140843,1720.0903928571424,1676.689107879304,1756.7705,1895.8204
2025-08-05 09:00:00,927.0,917.0,1285.6221004727186,1039.057523809524,1049.6859295471268,1054.6127,1055.4012
2025-08-05 10:00:00,640.0,665.0,869.4162935541765,726.8478571428572,727.0935323705895,727.124,706.6459
2025-08-05 11:00:00,690.0,761.0,826.897350579894,797.2990535714284,784.1042339160174,808.4326,761.8943
2025-08-05 12:00:00,840.0,920.0,966.2498787904985,1000.1016428571427,943.8183680930388,977.4654,887.4191
2025-08-05 13:00:00,818.0,860.0,893.3308054099481,891.6668333333334,868.4132904621448,857.75964,865.72516
2025-08-05 14:00:00,871.0,904.0,977.1599792113527,1010.5162857142858,982.8101285587196,986.97003,900.14594
2025-08-05 15:00:00,1188.0,1074.0,1184.0941277347638,1284.3538730158732,1293.4605649127288,1281.8864,1268.1301
2025-08-05 16:00:00,1705.0,1576.0,1584.087605307002,2280.479303571428,1984.1930191940762,2064.2664,1636.9089
2025-08-05 17:00:00,2453.0,2205.0,1937.5800602948568,2548.4805227272723,2527.8302327704705,2554.6582,2658.7695
2025-08-05 18:00:00,2186.0,2032.0,2070.581818787889,2300.145450396826,2357.1998059914426,2331.494,2262.4595
2025-08-05 19:00:00,1515.0,1581.0,1749.936795958559,1715.620507936508,1725.7679934889309,1748.7891,1691.7488
2025-08-05 20:00:00,1169.0,1176.0,1349.592368557493,1273.5357678571427,1258.5248310967181,1302.6102,1232.0441
2025-08-05 21:00:00,1017.0,738.0,1051.7306805708386,1018.2213313492061,1004.8020167312118,1016.3555,978.63153
2025-08-05 22:00:00,620.0,539.0,777.6099743636723,757.0470833333333,717.9676750424778,725.38544,681.1134
2025-08-05 23:00:00,303.0,281.0,349.26758111598895,366.1936904761907,352.4507995734955,368.32028,391.64703
2025-08-06 00:00:00,133.0,108.0,212.02927835718407,141.53535317460316,145.7683653489361,134.93501,168.8876
2025-08-06 01:00:00,74.0,44.0,77.09451683257271,82.55596626984126,85.70294166126155,74.02938,72.51477
2025-08-06 02:00:00,33.0,38.0,0.0,35.84444444444444,31.891112682319076,27.910063,42.141968
2025-08-06 03:00:00,20.0,32.0,0.0,28.466035714285702,25.944948060046915,23.806437,21.310242
2025-08-06 04:00:00,53.0,44.0,0.0,56.31585515873017,56.94494325063618,53.089317,49.973267
2025-08-06 05:00:00,194.0,181.0,166.6348843800335,192.30417261904765,193.5012294094841,183.2777,201.37134
2025-08-06 06:00:00,506.0,504.0,631.429574237553,567.6168313492062,570.9638090365672,565.4229,540.5155
2025-08-06 07:00:00,1039.0,1032.0,1135.1342962182578,1195.6939365079363,1142.9586298934837,1135.6821,1262.905
2025-08-06 08:00:00,1600.0,1593.0,1527.7687009763076,1775.6214980158732,1705.961429398709,1799.3253,1875.1364
2025-08-06 09:00:00,981.0,927.0,1340.3160042057823,1135.8789265873013,1235.4779731014482,1137.1595,1049.8378
2025-08-06 10:00:00,720.0,640.0,891.5279544421221,763.8858333333334,758.8602875784301,784.13556,740.0024
2025-08-06 11:00:00,700.0,690.0,922.2703552731459,943.3854107142855,923.1618799280892,940.57214,806.0962
2025-08-06 12:00:00,874.0,840.0,959.7509832242074,979.5855000000001,977.7741000302549,996.4432,996.16406
2025-08-06 13:00:00,928.0,818.0,1016.6594190446265,1142.15396031746,1060.2582899282256,1086.0149,977.28845
2025-08-06 14:00:00,1002.0,871.0,1104.6894614362482,1198.1611349206348,1155.8565436079912,1180.4403,1015.7694
2025-08-06 15:00:00,1183.0,1188.0,1221.7542768914095,1281.3912619047621,1272.0158048360022,1281.4429,1405.7134
2025-08-06 16:00:00,1728.0,1705.0,1564.3632995078156,2021.0073432539675,1825.5969742709194,1866.0464,1682.9823
2025-08-06 17:00:00,2410.0,2453.0,2018.6680704040816,2689.8495734126986,2562.802005845438,2661.6477,2577.1492
2025-08-06 18:00:00,2131.0,2186.0,2079.852579888884,2342.6117678571436,2240.035749056477,2311.868,2404.9448
2025-08-06 19:00:00,1590.0,1515.0,1740.386430435771,1783.4512519841267,1669.3977109598804,1794.1177,1667.8344
2025-08-06 20:00:00,1245.0,1169.0,1398.8833027232477,1354.6310654761903,1317.706021323059,1365.3898,1231.8027
2025-08-06 21:00:00,984.0,1017.0,1145.6005182325393,1042.720263888889,1040.581441294664,1070.7285,1005.1179
2025-08-06 22:00:00,629.0,620.0,773.7121769461726,709.0308095238092,683.3035071284692,692.8807,734.14905
2025-08-06 23:00:00,337.0,303.0,359.0202742087423,366.1953869047618,364.3713910662158,382.59567,415.5846
2025-08-07 00:00:00,147.0,133.0,259.18168129363306,177.7991607142857,177.47803465716768,179.85257,178.44153
2025-08-07 01:00:00,78.0,74.0,71.23448540307209,84.55737698412695,81.38444080507686,77.769226,86.58301
2025-08-07 02:00:00,37.0,33.0,0.0,45.355089285714286,40.91401881235307,39.344975,36.50659
2025-08-07 03:00:00,24.0,20.0,0.0,27.841047619047618,26.43799440683696,24.060266,21.135193
2025-08-07 04:00:00,37.0,53.0,0.0,40.97351587301587,33.53242701693478,38.035492,37.150085
2025-08-07 05:00:00,172.0,194.0,145.9172569882466,171.4673452380952,172.4830619584199,170.99178,155.3562
2025-08-07 06:00:00,484.0,506.0,585.0451442845545,512.0660238095239,511.67164551534745,503.87277,474.0333
2025-08-07 07:00:00,958.0,1039.0,1132.8266121051884,1158.7560734126982,1123.07477426948,1176.7067,1129.023
2025-08-07 08:00:00,1513.0,1600.0,1537.063723178614,1807.266679112555,1718.7148071707568,1784.1765,1820.9292
2025-08-07 09:00:00,1036.0,981.0,1370.9877735843904,1408.8426329365084,1295.1825823677366,1280.9054,1050.6284
2025-08-07 10:00:00,692.0,720.0,980.7670723743893,854.0290515873016,815.1993752089019,868.34375,752.0298
2025-08-07 11:00:00,729.0,700.0,867.4507646194988,811.4344742063488,812.6603673182647,829.4317,849.81494
2025-08-07 12:00:00,947.0,874.0,1022.6841907105797,1129.477079365079,1050.0174338213976,1080.5815,986.25964
2025-08-07 13:00:00,917.0,928.0,1065.6913690486954,1118.5359801587301,1064.1906919751887,1075.3835,1001.50354
2025-08-07 14:00:00,1053.0,1002.0,1103.0274876247045,1161.6921408730157,1110.707406353583,1123.2612,1095.1602
2025-08-07 15:00:00,1207.0,1183.0,1276.4100914039914,1408.8054345238097,1368.1812279111064,1400.692,1450.6831
2025-08-07 16:00:00,1564.0,1728.0,1515.8048185277673,1725.895353174604,1648.2965318176016,1673.2806,1734.0076
2025-08-07 17:00:00,2331.0,2410.0,1970.455202117085,2555.2847817460315,2465.716303597675,2546.1047,2560.821
2025-08-07 18:00:00,2136.0,2131.0,2052.565498532208,2311.7171884920635,2217.9589531721535,2278.1812,2301.4026
2025-08-07 19:00:00,1696.0,1590.0,1831.9218789181812,2022.526297619048,1833.0896474082208,1938.0159,1640.1368
2025-08-07 20:00:00,1268.0,1245.0,1440.1930100787017,1383.523386904763,1330.9844022808588,1363.9863,1289.1326
2025-08-07 21:00:00,891.0,984.0,1123.0173007139547,996.9442698412696,1038.3677973136214,1049.7712,991.4501
2025-08-07 22:00:00,685.0,629.0,816.305960447418,768.0603769841268,766.3058741214019,757.0921,779.0534
2025-08-07 23:00:00,444.0,337.0,543.4523086702409,564.7698869047621,539.8934898776183,542.9628,510.50314
2025-08-08 00:00:00,225.0,147.0,366.9168989666099,253.37441666666658,257.12377013753706,263.63177,293.7873
2025-08-08 01:00:00,108.0,78.0,132.0457076029062,136.0445416666667,137.54654387155776,128.28688,138.84903
2025-08-08 02:00:00,67.0,37.0,0.0,60.48471428571427,61.999790177796854,66.63094,62.135193
2025-08-08 03:00:00,26.0,24.0,0.0,33.22319047619048,32.57521807647216,28.222342,25.000854
2025-08-08 04:00:00,51.0,37.0,0.0,51.2716607142857,49.86072973606135,47.798203,46.841003
2025-08-08 05:00:00,164.0,172.0,112.80566739729062,166.70535714285714,173.66761931914382,162.56155,176.75522
2025-08-08 06:00:00,430.0,484.0,503.21434699985986,455.65885714285696,462.4699869022218,464.43344,447.8764
2025-08-08 07:00:00,792.0,958.0,995.4976282246868,971.9691150793653,920.4508423563501,940.3935,900.0281
2025-08-08 08:00:00,1241.0,1513.0,1390.3797132052377,1527.0725892857147,1412.5816607350926,1461.0419,1368.7251
2025-08-08 09:00:00,982.0,1036.0,1234.3017419375228,1103.7733214285718,1118.188019030827,1145.9723,1053.2872
2025-08-08 10:00:00,777.0,692.0,952.5505441523103,852.2246230158734,866.5421073047049,873.9925,880.6637
2025-08-08 11:00:00,811.0,729.0,938.9081199491247,954.6354067460321,942.1860684418135,943.7909,974.2803
2025-08-08 12:00:00,998.0,947.0,1105.2718603136868,1186.5488690476193,1192.5519257805995,1213.7775,1087.594
2025-08-08 13:00:00,1071.0,917.0,1089.802272617202,1142.7050198412699,1137.4449032388443,1142.4324,1167.8175
2025-08-08 14:00:00,1166.0,1053.0,1186.5448024473665,1290.417220238095,1256.6749998142197,1270.51,1290.7446
2025-08-08 15:00:00,1448.0,1207.0,1401.2157370742625,1677.7216230158738,1581.2997754558448,1620.3123,1530.3188
2025-08-08 16:00:00,1666.0,1564.0,1619.3630821436486,2088.57832142857,1834.6906620272675,1855.3253,1772.7542
2025-08-08 17:00:00,2083.0,2331.0,1976.7359286432304,2470.8918452380954,2240.1529473321834,2325.991,2223.5586
2025-08-08 18:00:00,1854.0,2136.0,2050.5981680772875,2379.2573333333335,2203.7942131335167,2290.0183,2067.1619
2025-08-08 19:00:00,1687.0,1696.0,1733.9086197870865,1766.8106448412695,1679.491631202811,1767.5157,1771.6959
2025-08-08 20:00:00,1232.0,1268.0,1438.809328445323,1373.9915476190479,1348.4083336465847,1360.1882,1342.866
2025-08-08 21:00:00,910.0,891.0,1094.3172163046966,1031.0765456349209,1037.3408099262379,1047.604,1047.4307
2025-08-08 22:00:00,795.0,685.0,906.7812539543257,926.7996150793654,966.8497565465873,910.2037,870.6192
2025-08-08 23:00:00,590.0,444.0,713.9527080428658,720.5957023809527,756.0840581950146,717.3326,738.501
2025-08-09 00:00:00,406.0,225.0,591.5847657119231,437.66088888888896,429.73194514673185,418.71384,547.8582
2025-08-09 01:00:00,290.0,108.0,399.759002411173,297.2703293650793,307.5165677890253,298.62906,336.34894
2025-08-09 02:00:00,236.0,67.0,296.4661765706961,247.07592857142862,244.14943304172934,233.92271,188.768
2025-08-09 03:00:00,87.0,26.0,78.09126724543069,101.1775376984127,113.34672894080872,110.37415,116.60507
2025-08-09 04:00:00,53.0,51.0,0.0,49.93683333333333,50.587452981779165,47.60268,56.180237
2025-08-09 05:00:00,84.0,164.0,17.748396199228637,93.07764880952385,92.06019051085677,83.26741,73.46106
2025-08-09 06:00:00,189.0,430.0,207.8772878175144,195.23478174603173,192.6358265586181,193.11375,216.29791
2025-08-09 07:00:00,379.0,792.0,543.5152994347513,412.08019047619047,419.6963076361284,418.82352,398.25464
2025-08-09 08:00:00,630.0,1241.0,927.1680201041383,757.5690952380953,775.633582634645,762.97894,696.7652
2025-08-09 09:00:00,981.0,982.0,1100.4952181477402,1075.635142857143,1088.18080472712,1107.0842,1110.4039
2025-08-09 10:00:00,1320.0,777.0,1259.7387250803433,1446.048997113997,1439.7322270478917,1491.3175,1406.5006
2025-08-09 11:00:00,1423.0,811.0,1382.8774881907289,1631.1639722222226,1626.9909708379719,1676.1614,1586.4984
2025-08-09 12:00:00,1533.0,998.0,1404.1191959325943,1588.435787698413,1588.8217939322806,1606.0151,1663.4536
2025-08-09 13:00:00,1551.0,1071.0,1475.3185589036034,1698.2847797619047,1683.692125930236,1744.753,1648.5112
2025-08-09 14:00:00,1559.0,1166.0,1534.0330268102828,1827.9443630952373,1785.1479412924225,1805.7712,1692.8375
2025-08-09 15:00:00,1514.0,1448.0,1534.9535673129844,1613.5681765873017,1626.1035459715702,1634.3977,1742.9572
2025-08-09 16:00:00,1627.0,1666.0,1602.934454125786,1710.842720238095,1663.3530610593311,1662.398,1679.7034
2025-08-09 17:00:00,1460.0,2083.0,1696.1732825083668,1654.6116527777776,1650.052423870003,1697.6191,1653.8176
2025-08-09 18:00:00,1424.0,1854.0,1674.9947746269802,1730.3147500000007,1635.9969183106925,1664.1909,1628.6416
2025-08-09 19:00:00,1380.0,1687.0,1584.2864088336303,1563.796068181818,1438.581599936914,1509.4933,1477.7034
2025-08-09 20:00:00,1094.0,1232.0,1329.0202843419156,1218.2705496031742,1255.1377553184627,1237.5262,1223.4443
2025-08-09 21:00:00,807.0,910.0,1087.6058036255356,983.5718154761909,1031.7187134656538,1032.4587,956.27356
2025-08-09 22:00:00,799.0,795.0,875.0505874644311,804.7870593434342,829.468094193719,825.58734,812.9022
2025-08-09 23:00:00,635.0,590.0,705.6973286064704,633.596652777778,686.847073404561,686.83594,676.6387
2025-08-10 00:00:00,429.0,406.0,718.6617611398585,493.8558333333334,516.1999372851835,505.8295,503.95496
2025-08-10 01:00:00,317.0,290.0,501.1183377885426,357.2106726190478,358.65300697302115,346.45007,343.42554
2025-08-10 02:00:00,238.0,236.0,333.01705988544387,239.09725000000006,225.44143665087168,226.45297,210.23727
2025-08-10 03:00:00,131.0,87.0,110.43076657235781,126.22277579365081,117.71885680368119,118.86857,117.83035
2025-08-10 04:00:00,55.0,53.0,0.0,63.51680158730155,60.73319604058875,63.21928,63.864685
2025-08-10 05:00:00,77.0,84.0,0.0,77.57826388888887,81.29769699330947,82.97748,77.525635
2025-08-10 06:00:00,144.0,189.0,80.71347579231804,147.86401587301586,149.5057942449977,143.97723,178.96713
2025-08-10 07:00:00,259.0,379.0,256.72200819477814,277.13416865079364,271.25249688669953,273.1593,320.77582
2025-08-10 08:00:00,537.0,630.0,633.9449031492605,558.7543015873019,577.7820224562238,582.7812,519.03406
2025-08-10 09:00:00,893.0,981.0,951.6225570148606,878.4653769841268,915.2736865889885,909.1636,932.60394
2025-08-10 10:00:00,1202.0,1320.0,1238.7765472239794,1229.746023809524,1234.3322911400987,1243.101,1261.9088
2025-08-10 11:00:00,1236.0,1423.0,1374.5406671350133,1399.3983511904764,1391.245328665408,1396.6826,1407.2644
2025-08-10 12:00:00,1409.0,1533.0,1457.2459356066643,1526.5501111111114,1521.8609308550851,1568.5338,1442.6465
2025-08-10 13:00:00,1412.0,1551.0,1435.9672051514408,1480.669626082252,1458.4013059401736,1466.8466,1438.2832
2025-08-10 14:00:00,1422.0,1559.0,1429.8477184274138,1478.773608225109,1460.732394413482,1463.5989,1415.1394
2025-08-10 15:00:00,1451.0,1514.0,1465.879225780861,1511.8103333333338,1495.2041192038557,1513.4528,1421.9574
2025-08-10 16:00:00,1425.0,1627.0,1531.7023243600688,1518.9057321428581,1528.4984365636312,1569.9576,1465.6636
2025-08-10 17:00:00,1434.0,1460.0,1508.8849304583182,1551.4958412698415,1476.092674693549,1588.698,1499.4863
2025-08-10 18:00:00,1433.0,1424.0,1523.1738369481022,1497.2609662698417,1443.572957754705,1547.344,1427.573
2025-08-10 19:00:00,1169.0,1380.0,1470.0691140395243,1424.9615357142864,1327.9336389490795,1410.8295,1294.4272
2025-08-10 20:00:00,948.0,1094.0,1200.9262131325622,1099.0107591991346,1082.9392902809175,1107.5404,1077.5839
2025-08-10 21:00:00,651.0,807.0,866.9255947428362,758.7924464285716,742.0402945422089,781.6118,786.3331
2025-08-10 22:00:00,473.0,799.0,618.4855134834854,507.2887316017315,484.6116272880436,494.69373,515.01575
2025-08-10 23:00:00,324.0,635.0,482.09827287317347,413.0219583333335,397.0239767913837,410.36273,290.1724
2025-08-11 00:00:00,181.0,429.0,368.1415285420412,203.80533928571418,198.69407394043722,191.93588,186.24304
2025-08-11 01:00:00,65.0,317.0,185.198362411135,79.26552380952378,81.24641941538492,85.943344,86.48248
2025-08-11 02:00:00,37.0,238.0,39.81292049588876,46.19478841991343,41.29694857984579,36.995018,42.937683
2025-08-11 03:00:00,33.0,131.0,0.0,37.84669047619048,35.16301812101899,39.452175,33.757263
2025-08-11 04:00:00,45.0,55.0,0.0,56.544706349206365,51.45414982328204,50.038414,43.851135
2025-08-11 05:00:00,160.0,77.0,113.10695715076304,176.37113095238095,171.55109907907286,168.029,159.51752
2025-08-11 06:00:00,425.0,144.0,484.1386870619966,459.50955555555544,487.68810111985664,484.60657,445.18237
2025-08-11 07:00:00,892.0,259.0,822.5897748833618,995.958718253969,951.7061226481469,958.8243,981.63336
2025-08-11 08:00:00,1280.0,537.0,1188.3733217186832,1526.8971785714284,1478.1857424798436,1529.7528,1469.7935
2025-08-11 09:00:00,865.0,893.0,1162.2750996807708,980.7678571428571,979.6649916368591,1008.9109,960.6224
2025-08-11 10:00:00,556.0,1202.0,916.4836542192079,695.7611269841271,671.5704911852947,653.4539,677.2257
2025-08-11 11:00:00,679.0,1236.0,888.4614150240502,795.4918551587302,778.5128167640016,784.09796,713.2493
2025-08-11 12:00:00,786.0,1409.0,1085.2717490514765,1022.4102916666667,1034.9810702963596,1020.73615,821.98956
2025-08-11 13:00:00,812.0,1412.0,1037.6886235945335,858.0926626984125,878.7482420723452,884.6144,863.692
2025-08-11 14:00:00,866.0,1422.0,1138.6784665468276,1050.706329365079,1091.5672537291189,1056.8276,918.9335
2025-08-11 15:00:00,1105.0,1451.0,1266.0334559389244,1238.3402261904764,1197.175884248362,1255.1455,1196.5525
2025-08-11 16:00:00,1477.0,1425.0,1452.365804209326,1705.2099285714287,1610.9886858196567,1659.6306,1412.8956
2025-08-11 17:00:00,2134.0,1434.0,1667.448814363702,2311.653392857144,2198.6968243333845,2216.4146,2226.1445
2025-08-11 18:00:00,1884.0,1433.0,1886.5697298375067,2327.821654761904,2232.986599767836,2248.4512,2007.0592
2025-08-11 19:00:00,1482.0,1169.0,1602.5838935102117,1667.0149821428568,1637.5768169196647,1690.4122,1671.7764
2025-08-11 20:00:00,1193.0,948.0,1382.5184509983471,1468.3860357142858,1389.9934247323417,1365.8987,1243.4487
2025-08-11 21:00:00,778.0,651.0,979.7847782744766,928.7754642857144,903.9340844610322,926.8942,962.42706
2025-08-11 22:00:00,486.0,473.0,604.0731793036547,546.9227041847042,532.7828091019211,551.1133,598.1313
2025-08-11 23:00:00,271.0,324.0,336.53776123095025,337.7096785714286,334.13711282773056,331.5582,329.1289
2025-08-12 00:00:00,108.0,181.0,227.8590586947089,139.5944523809524,135.36289555462957,138.56357,172.71973
2025-08-12 01:00:00,50.0,65.0,36.101935493394194,54.52127380952381,53.79893231619459,57.79665,65.90277
2025-08-12 02:00:00,37.0,37.0,0.0,40.16533730158731,38.76626475728269,33.278404,30.551208
2025-08-12 03:00:00,15.0,33.0,0.0,21.56763311688311,18.78340264753614,15.961833,27.458313
2025-08-12 04:00:00,45.0,45.0,0.0,51.09018452380951,53.37355167179845,47.52649,36.03778
2025-08-12 05:00:00,207.0,160.0,223.99659838859554,259.20826785714286,237.3274507371029,233.75822,172.59589
2025-08-12 06:00:00,475.0,425.0,553.8020563100335,484.5689285714285,482.0229235331219,486.84543,554.43805
2025-08-12 07:00:00,1005.0,892.0,1101.2523539844997,1138.7042202380953,1121.8553884088421,1169.4844,1131.7544
2025-08-12 08:00:00,1610.0,1280.0,1506.692985276166,1848.303571969697,1850.8525071255265,1853.7266,1828.352
2025-08-12 09:00:00,979.0,865.0,1359.7972751813545,1367.8973888888897,1273.0281436105638,1250.0164,1085.3279
2025-08-12 10:00:00,629.0,556.0,857.1440597824451,726.3707132034631,715.4932638851319,722.2161,743.3336
2025-08-12 11:00:00,600.0,679.0,739.1617884397261,702.2485634920635,665.4828118200517,661.80743,739.13635
2025-08-12 12:00:00,810.0,786.0,937.7297450247185,1004.1740575396823,946.8349568379207,985.1773,827.92114
2025-08-12 13:00:00,823.0,812.0,978.0108465408546,1006.5821746031746,984.5106223950934,996.6525,840.1982
2025-08-12 14:00:00,848.0,866.0,996.9218358508444,1032.9262539682538,997.4458486283085,1008.73175,914.93176
2025-08-12 15:00:00,1072.0,1105.0,1142.9708711103374,1206.465557539682,1149.2882719230486,1165.3398,1242.2139
2025-08-12 16:00:00,1576.0,1477.0,1400.7376541295107,1551.1375019841275,1509.7167174474635,1549.52,1475.5945
2025-08-12 17:00:00,2363.0,2134.0,1926.7899900867455,2590.9271904761904,2498.9698447397122,2552.9895,2378.93
2025-08-12 18:00:00,2167.0,1884.0,2074.642917307605,2501.5661011904763,2258.5840367882324,2287.238,2228.261
2025-08-12 19:00:00,1547.0,1482.0,1820.1868391274836,2078.2150813492067,1880.4988893966113,1978.9424,1764.5597
2025-08-12 20:00:00,1135.0,1193.0,1343.7793192974225,1215.3929404761902,1207.536987307835,1235.2114,1345.7012
2025-08-12 21:00:00,820.0,778.0,957.1428396510292,885.1408869047618,874.5891372015814,882.152,994.06995
2025-08-12 22:00:00,539.0,486.0,665.9810068676212,618.9449940476192,595.6507986830121,623.07983,623.65424
2025-08-12 23:00:00,293.0,271.0,351.22221016364057,377.75273809523816,356.935979679324,370.20334,350.79297
2025-08-13 00:00:00,132.0,108.0,227.8708526661373,145.16810317460312,147.9058254347124,145.90994,169.8099
2025-08-13 01:00:00,67.0,50.0,77.0174619755544,68.83795833333332,72.74202217110722,65.613434,68.07178
2025-08-13 02:00:00,30.0,37.0,0.0,36.210410714285715,32.76739421807135,27.472939,39.05957
2025-08-13 03:00:00,28.0,15.0,0.0,27.36532142857142,23.937892937697924,18.228409,27.30365
2025-08-13 04:00:00,40.0,45.0,0.0,45.23564285714285,42.836401899871376,39.578175,37.250427
2025-08-13 05:00:00,198.0,207.0,218.16274736505062,249.9339166666666,227.30453511751415,224.65376,192.15524
2025-08-13 06:00:00,455.0,475.0,548.0543258116348,499.69701785714284,500.38517683965625,497.35568,564.5045
2025-08-13 07:00:00,1008.0,1005.0,1131.9446982068057,1154.7400952380956,1149.7268066461054,1179.1199,1115.94
2025-08-13 08:00:00,1523.0,1610.0,1553.851910419989,1754.7174563492063,1745.1922527064335,1817.3807,1828.2603
2025-08-13 09:00:00,1004.0,979.0,1333.884774392613,1102.4749801587307,1117.7833125150437,1181.3805,1065.4163
2025-08-13 10:00:00,710.0,629.0,920.8104944357314,822.5103760822509,769.6295304705861,808.5529,716.0086
2025-08-13 11:00:00,649.0,600.0,800.030108882741,772.6657976190477,762.6903634307283,775.4745,811.2613
2025-08-13 12:00:00,755.0,810.0,878.1589829659044,897.332492063492,862.9971583106848,886.9795,869.8913
2025-08-13 13:00:00,754.0,823.0,846.5067756764128,861.7764880952377,838.8955318866545,853.9651,809.2685
2025-08-13 14:00:00,854.0,848.0,964.5717949427758,1022.8461269841268,1018.4916145739272,1018.5933,784.9415
2025-08-13 15:00:00,1099.0,1072.0,1198.3695335116493,1392.0405178571434,1338.1322959468282,1347.4973,1034.6682
2025-08-13 16:00:00,1128.0,1576.0,1292.9645885273567,1366.861238095238,1303.218199155884,1321.5723,1480.5964
2025-08-13 17:00:00,1053.0,2363.0,1451.7493155193313,1269.166490079365,1311.6528250090275,1340.2303,1997.1997
2025-08-13 18:00:00,994.0,2167.0,1374.270826064534,1137.3674085497835,1150.8035697950534,1149.4094,1222.6914
2025-08-13 19:00:00,1190.0,1547.0,1351.825919158447,1361.2128630952377,1322.7299695485053,1310.3785,930.9248
2025-08-13 20:00:00,998.0,1135.0,1154.1481701151133,1013.4920595238094,1049.4130580409767,1041.8289,1060.5134
2025-08-13 21:00:00,753.0,820.0,912.7578630015637,828.9361785714285,824.3235244081196,820.2439,782.7103
2025-08-13 22:00:00,588.0,539.0,690.5950643191322,635.6373571428571,610.5090452125821,636.8305,560.1561
2025-08-13 23:00:00,332.0,293.0,402.0902840406723,393.6627321428572,372.3055782215836,380.63477,357.5664
2025-08-14 00:00:00,144.0,132.0,259.54511632772187,161.91141071428575,161.4880893101019,158.79501,169.4715
2025-08-14 01:00:00,66.0,67.0,60.892823052749236,65.731873015873,62.43262091440987,54.573326,71.592834
2025-08-14 02:00:00,25.0,30.0,0.0,30.050357142857127,24.772521772348952,20.805763,41.1333
2025-08-14 03:00:00,20.0,28.0,0.0,25.734434523809526,23.600758693893543,20.232439,3.5734863
2025-08-14 04:00:00,39.0,40.0,0.0,42.72609523809523,40.9487733398313,38.37169,48.52118
2025-08-14 05:00:00,169.0,198.0,162.69224755107894,174.7846488095238,171.0791970028683,168.52324,153.50409
2025-08-14 06:00:00,526.0,455.0,628.1710404415346,560.3965079365079,544.492733084593,564.05334,457.9891
2025-08-14 07:00:00,986.0,1008.0,1164.1579364308386,1176.5183293650798,1175.3618076741502,1136.0398,1130.566
2025-08-14 08:00:00,1517.0,1523.0,1587.235424379206,1845.4589880952376,1847.3305401148375,1847.2062,1734.2705
2025-08-14 09:00:00,1048.0,1004.0,1415.559572795282,1500.6551369047622,1323.2912825034998,1309.0117,1069.798
2025-08-14 10:00:00,680.0,710.0,1005.7311365871815,880.2188759018755,828.4107146611808,877.61523,787.3677
2025-08-14 11:00:00,667.0,649.0,849.709409363285,804.2016726190477,776.3894807353644,800.0603,817.4857
2025-08-14 12:00:00,825.0,755.0,950.6508074374776,998.2399365079365,961.0785454769508,986.2186,901.81824
2025-08-14 13:00:00,854.0,754.0,968.0291160283144,999.3156329365083,1009.3949907027371,1011.1306,868.2114
2025-08-14 14:00:00,837.0,854.0,1012.9416060554313,1049.3015436507935,1045.6010669498482,1050.298,958.02057
2025-08-14 15:00:00,1072.0,1099.0,1129.7079552440077,1189.9166527777782,1175.6409842387147,1183.3928,1396.8418
2025-08-14 16:00:00,1549.0,1128.0,1387.6378140006498,1747.7473948412692,1610.6224851139434,1644.6285,1575.4006
2025-08-14 17:00:00,2224.0,1053.0,1631.6690306888347,2331.7903313492056,2315.5962952802943,2206.708,2146.666
2025-08-14 18:00:00,2000.0,994.0,1753.9733874172944,2190.7351587301587,2189.8228026819274,2122.0789,2039.3593
2025-08-14 19:00:00,1535.0,1190.0,1624.8791677733939,1776.9035753968253,1731.805020373439,1775.9885,1583.1755
2025-08-14 20:00:00,1226.0,998.0,1392.923937975711,1451.4625595238101,1426.2763119698186,1397.3304,1248.758
2025-08-14 21:00:00,1010.0,753.0,1092.9745443438271,1033.1981765873013,1051.6982832549133,1058.805,1079.4442
2025-08-14 22:00:00,682.0,588.0,791.5376562587234,724.3303511904758,731.1846965697455,755.53235,830.1499
2025-08-14 23:00:00,345.0,332.0,442.40815094156176,447.62730555555544,445.92226035573935,448.42868,502.51398
2025-08-15 00:00:00,217.0,144.0,351.1230567672695,260.30772619047616,246.59274219958075,241.88138,231.73471
2025-08-15 01:00:00,99.0,66.0,118.05495970855105,127.28294642857145,119.01336892156367,113.82491,122.928314
2025-08-15 02:00:00,61.0,25.0,18.915979246091297,68.21054365079364,63.44529052092147,61.660587,60.57245
2025-08-15 03:00:00,32.0,20.0,0.0,41.21336904761906,41.22404047692854,34.261314,32.428894
2025-08-15 04:00:00,48.0,39.0,0.0,56.87806547619047,51.8408400138199,49.284744,71.47186
2025-08-15 05:00:00,186.0,169.0,183.28077076894232,221.99153896103888,208.37668772323568,208.23827,173.87708
2025-08-15 06:00:00,444.0,526.0,565.4249416900828,501.0554365079364,505.065838638934,505.61172,468.44974
2025-08-15 07:00:00,823.0,986.0,1028.2468836658427,1039.1868253968257,1011.4428790070218,1036.0417,951.57947
2025-08-15 08:00:00,1225.0,1517.0,1415.3712302425756,1532.0954087301589,1404.4671487143273,1474.0687,1433.957
2025-08-15 09:00:00,962.0,1048.0,1232.197462791763,1099.630154761905,1077.5050931186802,1118.1213,1036.6461
2025-08-15 10:00:00,749.0,680.0,950.1372737957845,859.8731746031744,862.3651735573209,867.8121,878.7328
2025-08-15 11:00:00,824.0,667.0,862.1521355582652,847.1851369047621,857.281222635063,853.28894,970.68005
2025-08-15 12:00:00,1014.0,825.0,1054.2762214544407,1174.5657261904762,1145.9201569491427,1178.6437,1093.4612
2025-08-15 13:00:00,1062.0,854.0,1087.801436116802,1219.4328869047617,1153.524463776058,1194.171,1193.7258
2025-08-15 14:00:00,1130.0,837.0,1161.6346862991677,1394.8717739898996,1362.8641338012217,1390.8359,1306.219
2025-08-15 15:00:00,1343.0,1072.0,1302.4291872818399,1589.4191051587297,1570.417640392735,1569.9833,1495.2698
2025-08-15 16:00:00,1444.0,1549.0,1406.4240216906069,1526.486035714286,1466.1872714375618,1498.8744,1957.8853
2025-08-15 17:00:00,1901.0,2224.0,1751.018478813649,2099.9572678571426,2004.1033427099323,2003.7289,2125.992
2025-08-15 18:00:00,1725.0,2000.0,1839.427323482934,2062.771827380953,1990.181606119588,1974.3507,1770.9249
2025-08-15 19:00:00,1421.0,1535.0,1645.5099973298325,1739.687688492064,1655.1309668474403,1701.0914,1537.6248
2025-08-15 20:00:00,1126.0,1226.0,1322.2736432014635,1272.4926071428567,1255.8856533238916,1241.759,1293.992
2025-08-15 21:00:00,801.0,1010.0,994.7262550589212,924.8650714285718,913.9231392584475,920.9087,1017.74854
2025-08-15 22:00:00,941.0,682.0,830.6650608590021,829.4011486291483,838.3225721026379,810.1659,805.1619
2025-08-15 23:00:00,708.0,345.0,693.3660989950554,719.5805892857147,758.3002113667478,727.732,674.826
2025-08-16 00:00:00,466.0,217.0,766.7180016874719,588.2897301587304,605.41534427022,599.3936,507.2014
2025-08-16 01:00:00,300.0,99.0,434.54497499894853,333.58597420634914,327.9930266693015,328.5541,380.67938
2025-08-16 02:00:00,206.0,61.0,261.5012659904486,218.16247420634926,220.0083280921362,225.76492,184.0845
2025-08-16 03:00:00,83.0,32.0,90.48784004921345,110.18932738095238,109.56488372573214,107.63045,101.06995
2025-08-16 04:00:00,51.0,48.0,0.0,57.20055753968252,58.25522606525486,50.484657,51.290222
2025-08-16 05:00:00,84.0,186.0,33.955923074810585,92.39646626984133,90.2164196962183,80.05422,73.63013
2025-08-16 06:00:00,186.0,444.0,261.7383775757611,242.18647619047627,237.20263649204537,229.2192,215.84232
2025-08-16 07:00:00,338.0,823.0,557.8392908540511,427.83707142857133,450.86949040636273,438.64038,423.94257
2025-08-16 08:00:00,668.0,1225.0,947.6786315084225,794.0375753968254,818.2083842145919,806.3614,690.2886
2025-08-16 09:00:00,1006.0,962.0,1125.6410310667843,1122.9748075396826,1144.3583725139683,1134.9978,1102.4628
2025-08-16 10:00:00,1201.0,749.0,1187.2066723322228,1307.7872976190479,1318.9064514027511,1298.5557,1417.8071
2025-08-16 11:00:00,1354.0,824.0,1276.9596581030964,1424.4314882756134,1422.6314328797419,1464.3395,1558.901
2025-08-16 12:00:00,1407.0,1014.0,1351.342936908042,1454.8201489898988,1540.8141211329562,1548.1254,1595.6067
2025-08-16 13:00:00,1457.0,1062.0,1384.5826991849822,1524.023367243867,1540.2785611263077,1568.3248,1582.6796
2025-08-16 14:00:00,1529.0,1130.0,1377.9578775512803,1462.5582243867236,1505.3502242403624,1510.6016,1571.8075
2025-08-16 15:00:00,1545.0,1343.0,1487.541510562396,1579.5911646825389,1594.9532371428588,1610.8523,1573.9243
2025-08-16 16:00:00,1476.0,1444.0,1492.412991662501,1523.6121626984125,1532.0169579696983,1557.0709,1596.8517
2025-08-16 17:00:00,1349.0,1901.0,1530.917768226683,1473.9858035714285,1498.8286928090856,1490.5466,1580.2883
2025-08-16 18:00:00,1536.0,1725.0,1587.305887746514,1604.2387936507942,1549.3195973273455,1586.1573,1507.6371
2025-08-16 19:00:00,1331.0,1421.0,1526.4766904758162,1488.9188452380952,1404.5211895001269,1481.6682,1478.6108
2025-08-16 20:00:00,1019.0,1126.0,1229.6797842731478,1094.2727559523807,1134.8876825013433,1152.7429,1303.4216
2025-08-16 21:00:00,831.0,801.0,987.3641788141115,955.7250496031747,980.6532082816183,951.20776,959.71326
2025-08-16 22:00:00,752.0,941.0,927.635102980747,827.3946428571429,880.0725930915265,854.2898,798.60956
2025-08-16 23:00:00,634.0,708.0,731.8563809075738,642.4726369047621,665.8328118068649,653.8546,705.04706
2025-08-17 00:00:00,456.0,466.0,658.9800895388637,433.1411071428572,432.59909954617797,443.4736,538.88086
2025-08-17 01:00:00,376.0,300.0,574.6177524195537,408.43042857142865,436.3998385032092,411.61267,337.05
2025-08-17 02:00:00,235.0,206.0,356.90207057344355,243.9287321428572,242.84211415732727,237.22163,241.40167
2025-08-17 03:00:00,119.0,83.0,167.8575661935841,139.72024404761905,150.842183577485,153.62524,122.474335
2025-08-17 04:00:00,65.0,51.0,0.0,65.84808730158728,63.67495346307328,65.98835,79.26886
2025-08-17 05:00:00,70.0,84.0,0.0,74.38772619047616,71.63144664692639,65.692856,85.17969
2025-08-17 06:00:00,128.0,186.0,82.94089643533869,152.54355357142853,140.37766807589173,140.25133,153.18817
2025-08-17 07:00:00,283.0,338.0,314.6189523496779,336.9097916666666,324.9316165261796,320.6096,319.24475
2025-08-17 08:00:00,529.0,668.0,641.8368013544795,542.7532678571431,554.9594258493481,559.11884,550.88855
2025-08-17 09:00:00,838.0,1006.0,950.3828379285525,873.6595198412695,897.4153768934183,905.8947,923.5215
2025-08-17 10:00:00,1203.0,1201.0,1234.3283408320553,1209.50947420635,1216.735368222241,1248.915,1255.4146
2025-08-17 11:00:00,1304.0,1354.0,1339.8505583411409,1373.5452797619046,1345.900215366911,1366.6294,1446.6173
2025-08-17 12:00:00,1296.0,1407.0,1387.728049831084,1429.513607142857,1442.8913373521414,1439.6249,1441.8191
2025-08-17 13:00:00,1394.0,1457.0,1385.1333323521098,1430.5181964285716,1403.029312473995,1433.7231,1417.2075
2025-08-17 14:00:00,1423.0,1529.0,1432.627419703774,1454.060625,1456.8528808883343,1487.308,1387.3123
2025-08-17 15:00:00,1409.0,1545.0,1467.5352840205253,1486.575017857143,1471.8141483456136,1532.2064,1383.1506
2025-08-17 16:00:00,1384.0,1476.0,1452.27207658661,1448.3049980158728,1449.3060564462014,1491.5007,1414.3967
2025-08-17 17:00:00,1293.0,1349.0,1338.7672318676036,1343.3349523809522,1362.1817519213341,1355.1659,1455.5767
2025-08-17 18:00:00,1314.0,1536.0,1441.093243256783,1432.2322202380956,1405.232173151411,1424.6262,1358.8296
2025-08-17 19:00:00,604.0,1331.0,1089.5256516826573,923.2905138888891,906.1825458563848,920.5441,1253.503
2025-08-17 20:00:00,378.0,1019.0,613.4240316325105,465.74168452380974,452.3984341396212,467.66882,794.9674
2025-08-17 21:00:00,429.0,831.0,509.9045459905037,439.48567063492044,431.5446483805621,449.63043,455.61462
2025-08-17 22:00:00,428.0,752.0,538.9508950487781,491.5581130952381,467.51539547518956,478.29547,346.6142
2025-08-17 23:00:00,218.0,634.0,316.57372866190605,268.1269265873017,257.45512173600054,287.21548,267.71335
2025-08-18 00:00:00,126.0,456.0,286.3435345653048,141.316494047619,133.2385721887055,150.73407,147.97733
2025-08-18 01:00:00,44.0,376.0,87.2433821143253,48.00195833333334,53.67777502138801,56.546738,65.48309
2025-08-18 02:00:00,24.0,235.0,0.0,23.466950396825396,22.781390106520096,19.374138,38.45935
2025-08-18 03:00:00,32.0,119.0,0.0,23.98369949494949,23.75611142157497,29.144693,17.726746
2025-08-18 04:00:00,56.0,65.0,0.0,56.114751984126976,52.06488667612059,48.0608,31.061401
2025-08-18 05:00:00,160.0,70.0,121.31807067842567,165.51063095238095,165.533567453765,153.37532,167.99643
2025-08-18 06:00:00,436.0,128.0,489.3782834251907,491.9939781746032,507.43298569693223,502.66318,443.56952
2025-08-18 07:00:00,906.0,283.0,915.1970775880422,1053.0782321428574,1047.0945951428657,1085.6583,946.49805
2025-08-18 08:00:00,1375.0,529.0,1254.3757637384438,1624.0484437229431,1590.9715952560086,1600.7281,1418.4305
2025-08-18 09:00:00,961.0,838.0,1233.5246118289308,1028.4763988095237,1061.086076278853,1057.2003,898.2681
2025-08-18 10:00:00,566.0,1203.0,913.3850643548526,635.3212500000002,598.9928928370528,598.76514,682.2323
2025-08-18 11:00:00,673.0,1304.0,954.9271925079792,854.6902837301589,799.2459408805997,820.00555,683.1555
2025-08-18 12:00:00,814.0,1296.0,1036.0473444054148,950.7222738095238,932.6363843411483,957.98804,812.1074
2025-08-18 13:00:00,821.0,1394.0,1134.122869226467,1058.5514642857142,1074.911884272211,1062.4738,840.6533
2025-08-18 14:00:00,843.0,1423.0,1120.597875553169,1022.5185178571431,1058.7111200533068,1019.8246,942.5653
2025-08-18 15:00:00,1071.0,1409.0,1232.1867154241618,1232.182753968254,1192.5817713052322,1247.5854,1142.2754
2025-08-18 16:00:00,1253.0,1384.0,1380.9123358176867,1585.023734126984,1518.5368636992805,1524.8956,1325.375
2025-08-18 17:00:00,1673.0,1293.0,1504.3140509250863,2054.792755952381,2033.9876428935265,1984.5646,1960.4264
2025-08-18 18:00:00,1427.0,1314.0,1498.0639328549278,1591.5352678571423,1501.1681324021083,1574.6716,1652.927
2025-08-18 19:00:00,1170.0,604.0,1264.8862169731633,1495.298226190477,1415.785049948496,1434.1526,1124.7397
2025-08-18 20:00:00,770.0,378.0,875.9128564912342,918.9187738095237,885.1459888629396,903.66254,974.96155
2025-08-18 21:00:00,617.0,429.0,678.7674868270257,685.7648055555557,646.0201458060774,654.4496,704.40955
2025-08-18 22:00:00,394.0,428.0,488.11824195012923,456.72991666666684,437.46366035148594,453.6373,446.229
2025-08-18 23:00:00,250.0,218.0,234.51566752383536,284.58845833333334,264.38306223444675,275.7208,249.88855
2025-08-19 00:00:00,123.0,126.0,217.9781272030757,144.44148412698416,144.60584891226986,153.64851,124.85834
2025-08-19 01:00:00,38.0,44.0,42.19548390249179,46.62590476190479,44.833408701228365,49.147724,63.16632
2025-08-19 02:00:00,30.0,24.0,0.0,25.407448412698407,27.278734401271052,28.321285,26.90326
2025-08-19 03:00:00,17.0,32.0,0.0,22.51019444444445,21.521234092396682,15.882394,15.630005
2025-08-19 04:00:00,44.0,56.0,0.0,53.84020634920636,53.01116953229875,49.85464,30.432861
2025-08-19 05:00:00,157.0,160.0,144.60509148744939,166.49932142857145,165.23308786462792,161.47412,158.21805
2025-08-19 06:00:00,430.0,436.0,510.30354614839723,432.5760669191919,464.7140716064858,452.12958,484.71185
2025-08-19 07:00:00,949.0,906.0,1094.9625153233346,1088.7532142857144,1099.5522644928103,1126.6019,1022.97766
2025-08-19 08:00:00,1538.0,1375.0,1532.8901451568104,1821.4858755411258,1791.4896555275777,1811.8263,1668.9845
2025-08-19 09:00:00,1015.0,961.0,1386.9773565331864,1306.991625,1275.2853641514585,1233.4336,1041.5944
2025-08-19 10:00:00,625.0,566.0,844.4682634376506,685.2791130952385,660.6459189143811,670.81177,754.6365
2025-08-19 11:00:00,643.0,673.0,761.26850157221,712.9513333333334,688.2089086217201,701.4775,730.13043
2025-08-19 12:00:00,785.0,814.0,952.2622545889826,980.6065476190477,951.7298819133343,982.5616,858.70447
2025-08-19 13:00:00,787.0,821.0,922.4317298216505,935.1595297619053,906.9689145375236,930.22687,877.4415
2025-08-19 14:00:00,904.0,843.0,1026.445565313472,1088.8928174603175,1063.2755373527903,1098.4918,899.45496
2025-08-19 15:00:00,1142.0,1071.0,1215.5025465278593,1321.2078690476194,1311.7176608944787,1393.993,1246.2771
2025-08-19 16:00:00,1642.0,1253.0,1472.1619100226528,2041.8481309523806,1869.290396021767,1828.7611,1573.4181
2025-08-19 17:00:00,2384.0,1673.0,1855.2492085850631,2639.1091071428564,2466.3433878068795,2417.331,2343.3694
2025-08-19 18:00:00,1998.0,1427.0,1866.2862460985834,2154.690351190476,2135.2933252929574,2115.5718,2136.118
2025-08-19 19:00:00,1429.0,1170.0,1589.3746313294291,1675.6830238095247,1652.1855347119026,1686.8595,1515.6575
2025-08-19 20:00:00,1069.0,770.0,1169.1458434151384,1104.4730714285713,1086.0589920613256,1131.318,1146.3728
2025-08-19 21:00:00,823.0,617.0,929.826710525452,920.4857579365079,904.3136089042973,918.31116,917.46405
2025-08-19 22:00:00,431.0,394.0,603.972206086518,572.6484781746033,576.7115897402226,600.6946,660.7892
2025-08-19 23:00:00,183.0,250.0,201.2364781170388,242.08206493506498,236.0648616012797,249.49216,353.61456
2025-08-20 00:00:00,70.0,123.0,139.537865711971,86.92741269841274,88.43477050463306,82.01381,137.92914
2025-08-20 01:00:00,34.0,38.0,0.0,39.345841991341985,39.92492356192995,36.310337,50.275574
2025-08-20 02:00:00,14.0,30.0,0.0,19.921960497835496,18.274241077083236,15.761211,16.596497
2025-08-20 03:00:00,10.0,17.0,0.0,16.99212896825397,14.588344617168696,13.273013,17.199036
2025-08-20 04:00:00,45.0,44.0,0.0,49.184018037518065,49.69978901727081,46.035698,42.80768
2025-08-20 05:00:00,153.0,157.0,122.85120401799992,162.9568333333333,152.60503828193293,152.60854,176.07172
2025-08-20 06:00:00,436.0,430.0,589.0496499789637,510.2201785714283,524.8418840026824,528.5972,459.04095
2025-08-20 07:00:00,948.0,949.0,1054.7792600712603,1056.0504642857147,1063.3850594945368,1024.6302,1142.4535
2025-08-20 08:00:00,1459.0,1538.0,1428.3379608114435,1558.7051507936499,1540.900257526802,1546.9199,1727.7886
2025-08-20 09:00:00,906.0,1015.0,1226.1697866508082,971.1633273809526,1002.6824508574989,1004.1201,935.39417
2025-08-20 10:00:00,617.0,625.0,847.2346181682557,793.3950515873019,727.737069619904,745.70874,646.7617
2025-08-20 11:00:00,644.0,643.0,781.9720958336309,785.7648670634918,769.8285543021171,775.01276,746.8807
2025-08-20 12:00:00,792.0,785.0,898.1915639657948,927.2154603174604,895.4365401563115,911.6999,908.31384
2025-08-20 13:00:00,803.0,787.0,942.9924273112698,965.6852103174605,964.821539205605,954.3144,920.95917
2025-08-20 14:00:00,884.0,904.0,1021.7607353359549,1048.7935892857147,1046.6991360352627,1055.252,960.39813
2025-08-20 15:00:00,1201.0,1142.0,1177.1987217047697,1220.0991527777778,1216.2736027807844,1236.854,1301.8551
2025-08-20 16:00:00,1643.0,1642.0,1581.698150333054,2048.103452380952,1880.8541345451279,1960.9336,1522.228
2025-08-20 17:00:00,2402.0,2384.0,2057.0518489626215,2721.770833333332,2503.398432597654,2623.6934,2480.292
2025-08-20 18:00:00,2054.0,1998.0,2078.9106307631164,2456.3141884920637,2380.8969735742785,2405.8154,2377.1355
2025-08-20 19:00:00,1526.0,1429.0,1714.9808248671784,1765.9395753968251,1695.4420213923738,1794.2632,1720.5372
2025-08-20 20:00:00,1172.0,1069.0,1263.6587093098756,1144.9898154761902,1162.8961476198122,1182.6659,1234.5696
2025-08-20 21:00:00,948.0,823.0,1012.370001554322,944.9860059523812,940.8925366981462,954.14984,930.7384
2025-08-20 22:00:00,633.0,431.0,726.838046475177,688.6826488095244,697.3561116567083,718.2766,686.2391
2025-08-20 23:00:00,330.0,183.0,367.2780270063578,392.7554484126984,395.01240473453896,402.75085,407.67352
2025-08-21 00:00:00,174.0,70.0,297.18869954827267,198.07918253968256,201.7811289366845,195.22174,187.58585
2025-08-21 01:00:00,68.0,34.0,61.03525053468229,77.79082142857145,77.50006636873388,73.39339,96.206116
2025-08-21 02:00:00,47.0,14.0,12.898063523935775,58.33334523809524,56.92523803081899,53.738197,34.0459
2025-08-21 03:00:00,31.0,10.0,0.0,28.146470238095233,28.712266037759978,33.88075,29.402649
2025-08-21 04:00:00,39.0,45.0,0.0,47.015738095238085,45.198163877394634,41.661385,32.50067
2025-08-21 05:00:00,169.0,153.0,158.36336389126006,197.38399404761904,190.70925673019013,187.63045,141.49194
2025-08-21 06:00:00,445.0,436.0,531.3025369467588,473.99255555555544,490.68166224043154,484.51254,456.86975
2025-08-21 07:00:00,965.0,948.0,1143.4794791554327,1191.2394999999997,1226.2010725049959,1201.4404,1040.2908
2025-08-21 08:00:00,1512.0,1459.0,1523.5372361442644,1736.3436607142858,1764.7009950024474,1755.6887,1816.3136
2025-08-21 09:00:00,1046.0,906.0,1374.9992190715075,1490.905726190476,1308.9878485842926,1302.4972,1048.5875
2025-08-21 10:00:00,668.0,617.0,904.4446593126008,764.9488273809521,724.4479776635548,748.0994,767.7566
2025-08-21 11:00:00,711.0,644.0,887.5113826280875,919.1204880952384,890.3928646208932,920.9907,788.343
2025-08-21 12:00:00,842.0,792.0,974.8342279920117,1045.3891904761904,989.4466174730036,1036.797,969.739
2025-08-21 13:00:00,778.0,803.0,929.1417002934761,982.14358531746,943.1141131984549,939.9547,983.2834
2025-08-21 14:00:00,913.0,884.0,1039.6278663660178,1097.168551587301,1103.9434718717805,1105.0747,993.36163
2025-08-21 15:00:00,1079.0,1201.0,1182.8481455137214,1247.7966170634922,1254.880054440447,1255.8953,1341.3113
2025-08-21 16:00:00,1511.0,1643.0,1530.8175103529657,2036.529777777777,1807.6346539514461,1812.8635,1528.0614
2025-08-21 17:00:00,2166.0,2402.0,1922.970908870669,2496.2447083333336,2424.9133800810337,2513.7002,2471.4827
2025-08-21 18:00:00,2065.0,2054.0,2043.4884805704885,2490.6776289682543,2374.2640199911057,2439.0203,2133.8494
2025-08-21 19:00:00,1602.0,1526.0,1763.8713433691687,1793.9764761904762,1741.9740620619236,1829.414,1585.995
2025-08-21 20:00:00,1148.0,1172.0,1436.2901671381833,1497.9422738095243,1394.0952126539285,1400.2598,1208.2261
2025-08-21 21:00:00,890.0,948.0,1058.0018820642533,964.7691291208794,982.0410342733135,981.4916,1004.0934
2025-08-21 22:00:00,671.0,633.0,757.5074586635033,713.3222361111111,693.5121709816748,707.29926,739.18945
2025-08-21 23:00:00,387.0,330.0,481.5831672935244,467.63888293650785,484.7868889053903,480.80832,482.63797
2025-08-22 00:00:00,189.0,174.0,356.3612861945173,244.91449999999998,245.3700258052004,240.00381,256.9886
2025-08-22 01:00:00,104.0,68.0,121.67909491097049,115.43472161172163,109.91951811009201,104.39989,125.777985
2025-08-22 02:00:00,50.0,47.0,9.680301790570752,57.804416666666675,52.9641690741825,52.979897,56.86615
2025-08-22 03:00:00,24.0,31.0,0.0,33.680380952380936,31.63159338949955,26.308418,19.20465
2025-08-22 04:00:00,40.0,39.0,0.0,45.72684325396826,43.67433359894676,42.21389,33.243652
2025-08-22 05:00:00,183.0,169.0,157.1242432819597,201.82499404761916,202.43254977131423,190.72847,144.35431
2025-08-22 06:00:00,367.0,445.0,428.5655348794767,399.6100773809523,379.1248727521594,386.76935,442.79742
2025-08-22 07:00:00,842.0,965.0,1032.5422646142997,1073.2628452380955,1050.5294223410724,1080.0371,825.3159
2025-08-22 08:00:00,1276.0,1512.0,1432.5690948859906,1591.1716250000004,1485.4217046386027,1534.8154,1430.8816
2025-08-22 09:00:00,1010.0,1046.0,1352.9965613979157,1546.482422619047,1383.8440260362847,1398.1489,1019.7918
2025-08-22 10:00:00,797.0,668.0,1096.2760301425901,1227.0868551587303,1143.5549836873136,1130.4989,909.47266
2025-08-22 11:00:00,958.0,711.0,1034.4924424424398,1123.572047619048,1103.891916018265,1124.9839,1064.9487
2025-08-22 12:00:00,1166.0,842.0,1172.5259086285532,1313.5580535714282,1346.3950004432559,1373.1307,1197.0796
2025-08-22 13:00:00,1208.0,778.0,1188.400240286851,1355.835892857143,1359.7922073556226,1373.6824,1270.4751
2025-08-22 14:00:00,1170.0,913.0,1255.6386834661448,1465.4690120851374,1433.9349068558877,1443.174,1453.718
2025-08-22 15:00:00,1495.0,1079.0,1389.0899434963926,1739.2539722222218,1707.4956400319613,1659.1401,1742.9437
2025-08-22 16:00:00,1753.0,1511.0,1668.6209639657056,2206.824299603174,1970.6688359170396,1961.9757,1925.4231
2025-08-22 17:00:00,2094.0,2166.0,1916.574386227989,2337.791557539683,2269.311372262567,2339.8384,2360.7925
2025-08-22 18:00:00,1924.0,2065.0,1961.925734237862,2109.042948412699,2162.163609263941,2183.9597,2050.4524
2025-08-22 19:00:00,1664.0,1602.0,1716.6133738310107,1786.9297142857138,1705.034208183694,1767.5276,1721.7686
2025-08-22 20:00:00,1143.0,1148.0,1340.8695948700251,1269.7915555555558,1239.7487195568015,1243.5306,1266.1941
2025-08-22 21:00:00,934.0,890.0,1074.6095239234323,1046.9569922161172,1042.1716208067653,1014.7807,998.9692
2025-08-22 22:00:00,800.0,671.0,854.1060439713483,838.7997857142856,796.3099366125871,820.19775,881.77136
2025-08-22 23:00:00,624.0,387.0,686.8124846802352,715.841277777778,728.3062198456287,686.9057,708.6722
2025-08-23 00:00:00,496.0,189.0,643.4344371913238,472.62755158730147,466.37608271776185,470.0926,521.08984
2025-08-23 01:00:00,298.0,104.0,472.48374854329154,355.3229464285715,357.96297032222714,342.41287,333.0683
2025-08-23 02:00:00,172.0,50.0,210.30193012114358,182.2838214285714,180.5766791392911,185.48698,197.69528
2025-08-23 03:00:00,86.0,24.0,74.67586355683557,93.02795833333336,97.35488569962136,89.37219,81.89105
2025-08-23 04:00:00,42.0,40.0,0.0,51.67329761904762,52.57515161645604,46.762043,46.68225
2025-08-23 05:00:00,89.0,183.0,61.54877422086963,104.0540476190476,99.84316571071149,94.60357,72.86035
2025-08-23 06:00:00,166.0,367.0,174.98891952803893,179.15693650793648,169.1656128256676,165.91432,198.96658
2025-08-23 07:00:00,334.0,842.0,541.9697264356303,415.070130952381,443.1934153237513,437.74478,376.28537
2025-08-23 08:00:00,614.0,1276.0,930.8337680471254,747.6146186868688,759.1547008740152,761.23206,664.90515
2025-08-23 09:00:00,981.0,1010.0,1101.396094527579,1072.0881924603177,1072.3395931884936,1099.7076,1105.5447
2025-08-23 10:00:00,1186.0,797.0,1217.6599259933769,1264.1006726190474,1310.3183912241877,1339.2728,1404.4948
2025-08-23 11:00:00,1535.0,958.0,1447.3711857619085,1904.2830178571435,1754.3237533724525,1747.4949,1604.2134
2025-08-23 12:00:00,1584.0,1166.0,1544.4011560087133,1775.9647500000003,1789.5560168942015,1786.0536,1762.105
2025-08-23 13:00:00,1572.0,1208.0,1524.188778933937,1728.0775357142854,1738.178806438232,1710.6184,1791.4441
2025-08-23 14:00:00,1595.0,1170.0,1569.4767815374612,1946.0280952380938,1850.1691862145774,1851.6368,1752.3579
2025-08-23 15:00:00,1578.0,1495.0,1629.4765238195914,1828.880619047618,1822.798172847656,1808.8915,1802.2106
2025-08-23 16:00:00,1585.0,1753.0,1663.0262475519844,1810.221373015872,1806.005943603884,1748.1174,1781.2267
2025-08-23 17:00:00,1617.0,2094.0,1694.8896397344563,1633.3503789682538,1675.5974121071133,1670.2395,1695.6721
2025-08-23 18:00:00,1503.0,1924.0,1705.681231116272,1714.6475205627708,1624.4587785805122,1664.5743,1591.9512
2025-08-23 19:00:00,1355.0,1664.0,1599.310258783431,1533.3418717532468,1454.4019855602849,1507.1206,1469.4963
2025-08-23 20:00:00,1154.0,1143.0,1320.5073182464898,1223.7331666666664,1243.9992939265092,1223.1755,1224.5212
2025-08-23 21:00:00,909.0,934.0,1117.4707405947813,1059.1675061050062,1095.4556783201622,1076.7358,937.26074
2025-08-23 22:00:00,824.0,800.0,941.8855009854003,855.3001964285713,916.7486742318486,893.2356,819.81934
2025-08-23 23:00:00,720.0,624.0,834.07085084742,809.8588331529579,835.336992763932,815.61066,712.03326
2025-08-24 00:00:00,527.0,496.0,772.3338808806825,530.0931260822512,552.201474597495,551.3631,587.5387
2025-08-24 01:00:00,349.0,298.0,487.1690859342927,339.96293849206353,345.76355656427575,329.09082,385.3166
2025-08-24 02:00:00,232.0,172.0,301.289478536678,239.31042460317465,232.50301242714778,229.72069,218.01352
2025-08-24 03:00:00,130.0,86.0,150.04742887844583,148.52342857142852,152.59097464860992,150.02193,130.75266
2025-08-24 04:00:00,51.0,42.0,0.0,67.28899999999999,65.91889976526754,60.12193,79.5907
2025-08-24 05:00:00,49.0,89.0,0.0,61.27954761904762,58.99920827157845,55.52991,78.258606
2025-08-24 06:00:00,105.0,166.0,25.298477783357384,132.02352380952385,127.00553011759146,121.75844,150.07358
2025-08-24 07:00:00,286.0,334.0,340.4206414708509,362.5757002164503,372.81787781499304,366.0861,290.21118
2025-08-24 08:00:00,542.0,614.0,656.6231805815046,602.8108333333336,606.948122672522,603.5891,578.52313
2025-08-24 09:00:00,882.0,981.0,999.6423452556683,977.5238988095241,995.6797584902182,984.07776,977.27795
2025-08-24 10:00:00,1146.0,1186.0,1200.8360420214258,1196.6306785714291,1185.0750985496013,1187.8285,1328.4697
2025-08-24 11:00:00,1433.0,1535.0,1409.4408127796287,1478.5054404761902,1454.1619139354746,1475.0325,1441.7529
2025-08-24 12:00:00,1465.0,1584.0,1538.1402558669465,1654.695351190476,1581.5199619620548,1626.4764,1537.4865
2025-08-24 13:00:00,1461.0,1572.0,1517.6136056746477,1589.0655932539678,1538.675183401045,1589.1543,1588.904
2025-08-24 14:00:00,1500.0,1595.0,1513.19458610722,1580.5152301587304,1540.8173276502378,1580.9883,1565.0347
2025-08-24 15:00:00,1455.0,1578.0,1584.0277036833104,1727.9319583333338,1642.3764512372995,1706.1582,1528.4016
2025-08-24 16:00:00,1466.0,1585.0,1556.7307434526037,1639.4433214285714,1608.2872561792688,1631.0242,1607.6648
2025-08-24 17:00:00,1523.0,1617.0,1589.0537310117052,1723.0175238095242,1676.7656107212074,1712.386,1606.301
2025-08-24 18:00:00,1366.0,1503.0,1507.1233591235045,1519.9095027056273,1462.6419800065814,1508.227,1483.1694
2025-08-24 19:00:00,1058.0,1355.0,1342.25659244118,1286.4455238095238,1275.761702736672,1255.7537,1178.3855
2025-08-24 20:00:00,797.0,1154.0,1075.0840361375615,958.6935079365081,938.940803709844,950.21936,899.03064
2025-08-24 21:00:00,632.0,909.0,840.0343399664453,793.9335434704186,739.0833663841793,762.6904,698.55597
2025-08-24 22:00:00,421.0,824.0,604.776486774462,526.5321125541125,500.513570464875,516.3965,530.3014
2025-08-24 23:00:00,227.0,720.0,371.098647451077,310.15687301587303,298.73692456392325,315.453,312.76294
2025-08-25 00:00:00,97.0,527.0,248.88342812195174,116.13947420634923,109.1312020333498,112.94372,203.73752
2025-08-25 01:00:00,45.0,349.0,76.13644063292543,51.6006746031746,48.18554489612743,55.38912,65.54248
2025-08-25 02:00:00,35.0,232.0,1.5002322043249023,39.01731222943722,35.72189422675189,32.594406,39.375
2025-08-25 03:00:00,30.0,130.0,0.0,34.63845238095237,31.434410203284635,27.49918,28.625916
2025-08-25 04:00:00,55.0,51.0,0.0,61.3396646825397,59.70588133583058,53.38482,57.36035
2025-08-25 05:00:00,157.0,49.0,119.95282976360198,192.43397619047622,186.84586874064536,185.41016,152.9737
2025-08-25 06:00:00,420.0,105.0,459.12882915996136,481.12920833333345,485.6155199204943,492.36688,446.07455
2025-08-25 07:00:00,1022.0,286.0,959.3702258410146,1167.1662619047625,1155.0199953869158,1187.788,1011.76733
2025-08-25 08:00:00,1536.0,542.0,1355.5948285567542,2014.89991468254,1869.0205616579929,1856.912,1683.0219
2025-08-25 09:00:00,888.0,882.0,1262.2098333477954,1033.1870595238097,1037.9670899126525,1045.6617,1073.8325
2025-08-25 10:00:00,637.0,1146.0,925.4654853472298,685.0593333333328,651.7909551195273,645.65643,724.8994
2025-08-25 11:00:00,671.0,1433.0,1055.0573878955659,855.7385793650797,836.136851813495,851.9559,761.29297
2025-08-25 12:00:00,813.0,1465.0,1082.6958512995952,955.9688988095238,899.0827177394855,922.2394,909.3863
2025-08-25 13:00:00,830.0,1461.0,1123.8566922803948,997.2196607142855,1003.9971992234917,986.5613,908.8165
2025-08-25 14:00:00,910.0,1500.0,1207.2597156897014,1149.0167321428573,1131.5243800196815,1111.131,941.13745
2025-08-25 15:00:00,1227.0,1455.0,1398.2244368997194,1626.1560119047617,1515.925260336984,1553.4272,1180.4277
2025-08-25 16:00:00,1541.0,1466.0,1481.022581461386,1678.6809940476192,1564.145358541639,1615.3251,1602.2224
2025-08-25 17:00:00,2289.0,1523.0,1780.4777952502416,2512.315410714285,2296.973726552807,2303.2927,2245.4048
2025-08-25 18:00:00,2010.0,1366.0,1988.7954667309652,2640.574343253967,2307.142712003015,2314.5547,2144.9731
2025-08-25 19:00:00,1595.0,1058.0,1712.202243268275,2070.169061507937,1840.304601766431,1909.5729,1824.8706
2025-08-25 20:00:00,1105.0,797.0,1346.3415315693576,1350.9094662698415,1316.1577632587775,1313.7837,1325.9802
2025-08-25 21:00:00,777.0,632.0,990.2427945693639,937.0067857142861,915.5897739061804,914.5664,962.6136
2025-08-25 22:00:00,457.0,421.0,621.0336249364312,568.9074303751804,534.1467951334649,561.22064,621.01636
2025-08-25 23:00:00,305.0,227.0,380.8981185438679,411.24988690476164,370.4433443774078,368.40518,318.20197
2025-08-26 00:00:00,113.0,97.0,224.10212835544468,137.15970634920637,139.21245537100882,137.41379,170.48071
2025-08-26 01:00:00,49.0,45.0,74.69367760735452,61.939785714285726,61.343002773482475,52.97588,50.595215
2025-08-26 02:00:00,23.0,35.0,0.0,28.132809523809513,25.76726600123376,21.514605,19.094177
2025-08-26 03:00:00,13.0,30.0,0.0,18.869549603174598,17.084699568307,15.457224,0.0
2025-08-26 04:00:00,53.0,55.0,0.0,50.39951190476191,49.975047014960104,46.698067,23.973877
2025-08-26 05:00:00,190.0,157.0,183.69860464246932,189.4244285714285,191.27713121834,186.79205,151.28793
2025-08-26 06:00:00,533.0,420.0,658.203941955046,591.1854642857144,606.2395359614449,614.2489,509.10928
2025-08-26 07:00:00,1234.0,1022.0,1273.9302311297233,1500.4959603174605,1424.1037135246165,1446.4574,1241.6384
2025-08-26 08:00:00,1932.0,1536.0,1768.1941506609298,2417.699073412698,2304.161182451669,2249.0632,2010.5338
2025-08-26 09:00:00,1076.0,888.0,1503.8929956889986,1545.0371309523805,1476.448897190557,1373.9916,1232.4885
2025-08-26 10:00:00,660.0,637.0,1001.3086163907453,849.0562083333331,823.9619928312826,873.46423,785.42786
2025-08-26 11:00:00,787.0,671.0,941.6791179197742,971.8919265873019,923.68446249711,969.5136,824.4935
2025-08-26 12:00:00,906.0,813.0,994.2128549420688,1021.8451170634913,979.536163279261,1001.6566,975.9247
2025-08-26 13:00:00,864.0,830.0,1049.6112540550598,1127.2340992063494,1052.493139486676,1086.2092,954.70044
2025-08-26 14:00:00,992.0,910.0,1070.3941013939532,1105.0526369047618,1075.9684093093383,1077.71,1038.5671
2025-08-26 15:00:00,1316.0,1227.0,1395.4962163943328,1752.5965357142863,1614.018441388012,1618.4512,1427.9904
2025-08-26 16:00:00,1719.0,1541.0,1608.1412594537596,2124.4009841269844,1883.938404090348,1931.0905,1885.349
2025-08-26 17:00:00,2690.0,2289.0,2053.967817850942,2720.675849206348,2512.45246697442,2622.698,2734.4917
2025-08-26 18:00:00,2259.0,2010.0,2239.8585665866194,2656.320730158729,2366.3106265872375,2420.0894,2403.1895
2025-08-26 19:00:00,1644.0,1595.0,1845.410378814048,1888.3128338744586,1754.4159023502932,1856.2367,1855.2219
2025-08-26 20:00:00,1142.0,1105.0,1442.8144691322505,1481.996154761905,1408.7067686038386,1411.6951,1338.5957
2025-08-26 21:00:00,812.0,777.0,963.2547058688339,897.9228928571423,866.0233069608649,859.34155,1041.343
2025-08-26 22:00:00,590.0,457.0,750.5118197806007,727.4779583333334,711.2142891609742,728.1567,661.06055
2025-08-26 23:00:00,279.0,305.0,378.84540848960125,383.4276190476191,358.1050080674969,372.04456,416.7174
2025-08-27 00:00:00,126.0,113.0,226.7733848601373,145.1942936507936,140.12204708151805,139.05714,163.64105
2025-08-27 01:00:00,55.0,49.0,59.2358474215913,64.2767857142857,63.26740775852423,60.803238,54.98999
2025-08-27 02:00:00,28.0,23.0,0.0,29.989555555555558,29.99390542235926,28.221968,24.302856
2025-08-27 03:00:00,14.0,13.0,0.0,12.218059523809524,13.46325878581124,13.678152,12.209045
2025-08-27 04:00:00,43.0,53.0,0.0,51.691785714285714,54.1195869174508,53.10713,29.287048
2025-08-27 05:00:00,164.0,190.0,190.66894207742092,190.52400595238083,196.14276673488928,189.20659,165.77475
2025-08-27 06:00:00,487.0,533.0,627.8173600576722,552.246728174603,568.4682491106144,572.219,530.3095
2025-08-27 07:00:00,1226.0,1234.0,1317.2715728376556,1522.3908531746033,1428.4132565831385,1459.9078,1241.9495
2025-08-27 08:00:00,1940.0,1932.0,1815.9568029195575,2276.781220238096,2192.3142067006047,2205.7412,2015.4922
2025-08-27 09:00:00,1136.0,1076.0,1535.9722025833603,1511.5720059523803,1405.7841327759238,1348.8729,1185.1152
2025-08-27 10:00:00,706.0,660.0,1023.3944860279355,855.6641329365077,856.0261321387367,916.64703,781.66077
2025-08-27 11:00:00,732.0,787.0,984.3719266621304,968.6806646825395,934.0116285536133,987.6016,865.88666
2025-08-27 12:00:00,867.0,906.0,963.4993611947733,926.0381726190477,891.4387887223385,923.7407,1027.8297
2025-08-27 13:00:00,893.0,864.0,1012.9637082824106,1007.5236269841271,998.6266781306125,1002.1994,995.0265
2025-08-27 14:00:00,998.0,992.0,1159.4952107190588,1228.578654761905,1184.4311292702166,1254.3281,1065.0708
2025-08-27 15:00:00,1319.0,1316.0,1320.5523396014496,1461.5070357142858,1393.108121311246,1444.4956,1517.8184
2025-08-27 16:00:00,1861.0,1719.0,1688.4682898198937,2265.857595238096,2010.7479640413521,2013.6136,1818.968
2025-08-27 17:00:00,2677.0,2690.0,2223.089631067932,2948.7751964285703,2663.0887389599106,2760.6887,2859.0457
2025-08-27 18:00:00,2232.0,2259.0,2320.244024920826,2621.873529761904,2324.8868010217698,2427.6907,2478.6804
2025-08-27 19:00:00,1621.0,1644.0,1856.4279511554175,1883.8074529220776,1800.9857497739456,1899.3086,1835.7489
2025-08-27 20:00:00,1176.0,1142.0,1353.9497271797038,1274.443142857143,1227.4875407081272,1278.7865,1288.1033
2025-08-27 21:00:00,866.0,812.0,965.4759933738185,873.8508690476193,880.3336582851964,908.1348,966.40894
2025-08-27 22:00:00,623.0,590.0,757.0762023781214,684.5771170634919,682.614038329505,700.50726,657.66
2025-08-27 23:00:00,316.0,279.0,391.06389461058177,411.8572519841268,405.5582696324207,416.81595,388.20148
2025-08-28 00:00:00,129.0,126.0,210.97601558190195,146.14249801587297,147.26775475027017,146.20723,178.41858
2025-08-28 01:00:00,44.0,55.0,11.167248752144019,55.77525793650795,54.06081761082382,49.751987,61.85669
2025-08-28 02:00:00,37.0,28.0,0.0,32.44330952380951,34.31678388305619,36.041897,18.729553
2025-08-28 03:00:00,16.0,14.0,0.0,16.715281746031746,32.16474010090541,28.736177,9.39801
2025-08-28 04:00:00,43.0,43.0,0.0,43.00750703463204,37.12612937683456,38.198154,39.017395
2025-08-28 05:00:00,169.0,164.0,156.68576856485055,193.38980555555557,190.6937122814188,189.12859,153.98102
2025-08-28 06:00:00,484.0,487.0,595.4907962162506,529.7290595238094,539.5481455005013,544.8339,519.3073
2025-08-28 07:00:00,1124.0,1226.0,1224.6997616392962,1273.2412222222222,1273.288255857075,1291.4581,1181.0994
2025-08-28 08:00:00,1780.0,1940.0,1758.8835655618143,2128.369972222222,2024.0123830962975,2072.4927,1839.3882
2025-08-28 09:00:00,1123.0,1136.0,1557.6211782949285,1789.7935396825408,1642.398275639818,1554.2034,1124.1559
2025-08-28 10:00:00,655.0,706.0,956.0260642171502,820.3738750000001,800.5964641840071,815.90674,820.97565
2025-08-28 11:00:00,719.0,732.0,852.6168304198727,803.5672063492062,800.0849296999296,825.28217,832.0645
2025-08-28 12:00:00,919.0,867.0,1024.5941383337954,1125.8086309523806,1026.9936030646454,1086.1658,972.1417
2025-08-28 13:00:00,992.0,893.0,1126.7515038565189,1254.4149444444447,1214.931622316409,1256.1171,1010.9801
2025-08-28 14:00:00,951.0,998.0,1137.5335045463735,1219.0302242063492,1179.1312347532655,1164.9255,1171.7097
2025-08-28 15:00:00,1504.0,1319.0,1441.2118910076929,1991.62498015873,1749.879214739738,1736.8273,1594.2386
2025-08-28 16:00:00,1752.0,1861.0,1759.5042992977571,2265.3960833333344,2010.9719159004865,2069.4768,1968.1844
2025-08-28 17:00:00,2526.0,2677.0,2168.4360920486647,2948.609101190475,2559.2710820724037,2685.561,2790.4385
2025-08-28 18:00:00,2142.0,2232.0,2205.767084751188,2405.468022727273,2325.9145530776814,2403.8936,2364.9644
2025-08-28 19:00:00,1633.0,1621.0,1817.9038966261546,1840.7372440476186,1814.7129047256835,1900.8589,1854.8225
2025-08-28 20:00:00,1168.0,1176.0,1402.5537567806928,1303.072595238095,1293.285000046291,1336.9895,1297.0518
2025-08-28 21:00:00,901.0,866.0,1148.0290899201555,1060.0355892857144,1087.3711046480641,1086.2438,1014.6671
2025-08-28 22:00:00,745.0,623.0,887.0051999733449,831.4688849206345,829.5004847405254,833.1921,836.221
2025-08-28 23:00:00,410.0,316.0,492.9504096082755,459.3085615079362,477.85522339580285,482.22153,545.3826
2025-08-29 00:00:00,213.0,129.0,367.6464923709134,255.6120674603174,252.92333971890415,258.81128,239.68787
2025-08-29 01:00:00,105.0,44.0,103.50805478962582,115.15261507936512,111.44065799677648,106.63631,120.51767
2025-08-29 02:00:00,39.0,37.0,0.0,44.69850595238094,54.583623253470854,47.034912,48.275696
2025-08-29 03:00:00,17.0,16.0,0.0,21.2332573953824,22.27560396999019,19.487745,12.384094
2025-08-29 04:00:00,49.0,43.0,0.0,57.54089682539684,57.030741702981054,54.681206,19.887878
2025-08-29 05:00:00,155.0,169.0,151.7312289627891,179.09925595238101,180.90296223843086,173.98215,155.64981
2025-08-29 06:00:00,379.0,484.0,493.1422021548664,418.98724999999985,424.47831345866234,425.04074,456.4969
2025-08-29 07:00:00,808.0,1124.0,1035.82114607109,936.2665952380952,941.3458438263661,949.93976,897.17664
2025-08-29 08:00:00,1351.0,1780.0,1573.3703507724495,1860.5699583333333,1618.710448489266,1663.6604,1408.7883
2025-08-29 09:00:00,1053.0,1123.0,1354.2069896772668,1250.8262083333334,1298.0872290518073,1258.8706,1152.2373
2025-08-29 10:00:00,939.0,655.0,1112.8732720949788,1207.1373849206348,1128.5269617323436,1128.8735,997.2658
2025-08-29 11:00:00,920.0,719.0,1069.5790516120953,1186.0304067460318,1118.67969725771,1143.9464,1120.6871
2025-08-29 12:00:00,1188.0,919.0,1137.6819848275202,1219.6011785714293,1256.4806249885219,1261.5347,1257.8009
2025-08-29 13:00:00,1262.0,992.0,1293.3262354745762,1519.855821428571,1464.4743991147604,1493.8727,1293.7201
2025-08-29 14:00:00,1371.0,951.0,1306.6824390395648,1543.9386329365082,1476.7115449518565,1499.7919,1467.9185
2025-08-29 15:00:00,1758.0,1504.0,1611.741590374395,2043.2142380952373,1955.4407799288454,1938.2845,1788.3646
2025-08-29 16:00:00,1845.0,1752.0,1806.743381811113,2287.7816726190463,2212.0162924338542,2179.9043,2094.5576
2025-08-29 17:00:00,1990.0,2526.0,2030.3005427329924,2454.480781746032,2395.302648881842,2463.7034,2503.6929
2025-08-29 18:00:00,1755.0,2142.0,1959.9555627957884,2128.132299603175,2121.518209259667,2143.9863,2107.4944
2025-08-29 19:00:00,1511.0,1633.0,1685.3870895411012,1776.5920178571419,1680.5512419054864,1723.621,1695.3407
2025-08-29 20:00:00,1087.0,1168.0,1419.6165682555225,1445.8173690476187,1387.1134965898152,1390.7158,1277.1035
2025-08-29 21:00:00,791.0,901.0,1017.7719559904031,969.4792083333335,972.9264896678136,943.13824,1067.9591
2025-08-29 22:00:00,730.0,745.0,838.4918426726174,796.4466783910534,779.368758894735,767.1376,867.1334
2025-08-29 23:00:00,633.0,410.0,639.6866317129193,627.6841666666669,672.3951824057337,632.5285,700.01447
2025-08-30 00:00:00,459.0,213.0,690.3055707091333,483.7550146103894,508.17354349101873,503.5182,481.48932
2025-08-30 01:00:00,299.0,105.0,423.1075062312508,306.4583055555556,284.61693274633114,285.38498,326.34567
2025-08-30 02:00:00,180.0,39.0,234.24663049694368,181.8047857142857,180.84394609803113,188.20427,164.89774
2025-08-30 03:00:00,73.0,17.0,113.79130954211058,84.47242316017314,90.17424482461813,90.96312,86.42145
2025-08-30 04:00:00,40.0,49.0,0.0,47.92881818181819,41.41818072200463,39.74102,33.7558
2025-08-30 05:00:00,88.0,155.0,59.75293860178135,104.64408333333331,98.25355801199065,95.609276,58.11438
2025-08-30 06:00:00,166.0,379.0,228.32458762500931,198.63247222222216,181.91588259598038,179.18578,194.08948
2025-08-30 07:00:00,327.0,808.0,521.8295097186225,376.21482142857144,375.23610627266794,373.7783,386.68628
2025-08-30 08:00:00,515.0,1351.0,869.989752612629,590.2258928571426,597.8356477693853,608.0168,653.3074
2025-08-30 09:00:00,906.0,1053.0,1079.821422671751,1029.9498591269846,1013.8675599354286,1020.6661,1030.9901
2025-08-30 10:00:00,1221.0,939.0,1245.1573938195188,1229.0760357142854,1309.938341036434,1321.6718,1320.1123
2025-08-30 11:00:00,1431.0,920.0,1381.576462150119,1577.0631666666661,1527.0074484622996,1561.8562,1527.4414
2025-08-30 12:00:00,1379.0,1188.0,1443.6518960572103,1519.1967638888889,1542.7341361466883,1548.6057,1675.4004
2025-08-30 13:00:00,1463.0,1262.0,1484.096492346186,1650.2714781746026,1622.1668738800522,1676.5299,1686.501
2025-08-30 14:00:00,1597.0,1371.0,1542.6671877515996,1685.3850761183267,1683.6656357607565,1710.6974,1680.9712
2025-08-30 15:00:00,1616.0,1758.0,1617.521453046353,1654.9354922438672,1667.3962673659626,1691.8346,1689.2423
2025-08-30 16:00:00,1492.0,1845.0,1660.2511665470122,1702.3531944444449,1683.6921506829951,1702.7501,1672.7634
2025-08-30 17:00:00,1493.0,1990.0,1640.8247688614583,1631.679089285714,1622.2259337870123,1630.9595,1649.0912
2025-08-30 18:00:00,1561.0,1755.0,1651.398694741638,1645.950200396826,1557.1116181602376,1623.9896,1545.7573
2025-08-30 19:00:00,1383.0,1511.0,1598.3787179964522,1543.8579384920633,1489.9123146096094,1521.0548,1410.31
2025-08-30 20:00:00,960.0,1087.0,1263.6701215095504,1100.50968975469,1157.8890633310007,1194.5459,1210.7461
2025-08-30 21:00:00,726.0,791.0,889.8891666973291,805.1675119047619,828.2130234006462,835.6329,899.34015
2025-08-30 22:00:00,703.0,730.0,834.2516406674249,793.525577200577,812.5289799997423,801.3952,700.18384
2025-08-30 23:00:00,595.0,633.0,743.1442300148092,718.8715595238094,721.4728766069155,701.8007,621.47565
2025-08-31 00:00:00,429.0,459.0,722.6685848334401,483.88613492063496,496.6724564100356,487.9111,472.29874
2025-08-31 01:00:00,325.0,299.0,484.36060497101425,316.036363095238,321.48179129057286,312.95172,296.47995
2025-08-31 02:00:00,153.0,180.0,241.68462975638795,172.38250595238085,174.74039431221527,166.68094,178.38394
2025-08-31 03:00:00,80.0,73.0,89.5759618804667,80.18248214285713,82.24588526112103,85.99013,84.980286
2025-08-31 04:00:00,47.0,40.0,0.0,55.433636904761904,51.92761956460893,51.170044,31.365784
2025-08-31 05:00:00,57.0,88.0,0.0,62.557228174603196,62.12150453343119,57.56442,39.11566
2025-08-31 06:00:00,110.0,166.0,57.39712102064061,132.27249242424247,120.31414117701313,119.15712,109.70996
2025-08-31 07:00:00,266.0,327.0,319.3361932538778,303.79033928571437,304.5330359503214,300.0542,256.9902
2025-08-31 08:00:00,503.0,515.0,661.5820416914798,620.8861071428573,640.0451748050134,638.9892,542.19617
2025-08-31 09:00:00,808.0,906.0,962.3595962817806,859.7633293650798,885.0715754812564,882.8585,912.51843
2025-08-31 10:00:00,1133.0,1221.0,1203.0478859894183,1124.0463293650794,1147.384978810854,1142.6954,1186.5524
2025-08-31 11:00:00,1288.0,1431.0,1406.4186986179868,1412.5713472222224,1423.7490062239492,1403.526,1270.1328
2025-08-31 12:00:00,1422.0,1379.0,1479.7482656692882,1548.8649861111107,1530.7323871750432,1550.0347,1415.5833
2025-08-31 13:00:00,1423.0,1463.0,1478.608183574861,1487.1875912698413,1480.3638614673796,1525.859,1549.5404
2025-08-31 14:00:00,1528.0,1597.0,1540.35801248881,1553.8128075396817,1564.1237122573948,1598.7621,1622.6609
2025-08-31 15:00:00,1667.0,1616.0,1632.3109189960496,1729.8162658730162,1717.735737732965,1731.4873,1710.4319
2025-08-31 16:00:00,1423.0,1492.0,1618.5912868661194,1747.3854107142856,1736.2989637943667,1714.7631,1779.8541
2025-08-31 17:00:00,1521.0,1493.0,1582.659506523764,1733.2512599206357,1645.477015173402,1736.8331,1753.9882
2025-08-31 18:00:00,1623.0,1561.0,1607.048432785306,1550.665886904762,1536.1064577448562,1594.3612,1603.4326
2025-08-31 19:00:00,1210.0,1383.0,1501.9247806748544,1388.3065357142855,1370.8646478412968,1397.1306,1405.6833
2025-08-31 20:00:00,871.0,960.0,1119.0696327009643,1006.3100270562769,1030.496196531276,1051.8455,1100.5236
2025-08-31 21:00:00,788.0,726.0,855.4646168983347,750.8757857142857,768.4084923919874,772.6616,833.13214
2025-08-31 22:00:00,590.0,703.0,736.6216234243611,660.3769226190475,620.7738220069513,651.0403,664.70605
2025-08-31 23:00:00,501.0,595.0,627.0653389370905,581.6270514069263,562.0018805506429,555.12244,477.5419
2025-09-01 00:00:00,376.0,429.0,661.8327048319496,455.38647023809557,420.31514037149094,414.9965,287.8397
2025-09-01 01:00:00,166.0,325.0,351.4757660696801,175.7805952380952,187.92770923366606,196.14981,178.80405
2025-09-01 02:00:00,81.0,153.0,123.49197043390433,82.1445773809524,85.9625725437639,84.930176,83.17346
2025-09-01 03:00:00,56.0,80.0,28.686134030661833,60.314267857142866,59.26602449650993,59.935333,50.6344
2025-09-01 04:00:00,46.0,47.0,0.0,40.239452380952386,41.74868744933061,49.09216,48.393433
2025-09-01 05:00:00,71.0,57.0,0.0,83.37769246031743,77.86135106191773,75.953415,70.558655
2025-09-01 06:00:00,126.0,110.0,63.73915496776897,136.50366269841268,123.27061960081453,126.79811,154.805
2025-09-01 07:00:00,253.0,266.0,294.4941647805925,311.502,310.9462603969099,301.99628,300.4528
2025-09-01 08:00:00,463.0,503.0,603.3805327896008,551.7970416666666,583.7238491381813,588.89703,554.7743
2025-09-01 09:00:00,748.0,808.0,857.4412170890242,751.6732936507937,729.6556694282325,735.1278,799.15497
2025-09-01 10:00:00,993.0,1133.0,1174.9427490667301,1107.518248015873,1047.44371323555,1089.4836,949.1655
2025-09-01 11:00:00,1299.0,1288.0,1381.1176791643256,1412.4404484126978,1384.573021021688,1438.6875,1248.6321
2025-09-01 12:00:00,1368.0,1422.0,1472.7042214609432,1492.088424603174,1475.7674615353453,1494.8124,1496.6548
2025-09-01 13:00:00,1372.0,1423.0,1459.8477975639757,1481.9022063492055,1419.3160105937475,1447.3533,1593.3516
2025-09-01 14:00:00,1502.0,1528.0,1516.0518720122084,1560.5097559523813,1493.3807298331562,1539.491,1566.9211
2025-09-01 15:00:00,1527.0,1667.0,1635.1929310075036,1723.3842619047618,1601.5948524407654,1662.9258,1559.1055
2025-09-01 16:00:00,1477.0,1423.0,1609.7191480042284,1769.0029126984127,1683.8671725399638,1737.5057,1607.3206
2025-09-01 17:00:00,1339.0,1521.0,1576.4964554070302,1666.3737876984126,1723.0878720748344,1704.8538,1597.5917
2025-09-01 18:00:00,1343.0,1623.0,1542.3273971897884,1545.9940039682533,1541.6097004502321,1545.0095,1459.4653
2025-09-01 19:00:00,1121.0,1210.0,1346.0864476611805,1284.672686507936,1210.274023840606,1265.3843,1209.5974
2025-09-01 20:00:00,715.0,871.0,989.3989919441965,895.2862142857145,853.22322446614,871.66864,828.2511
2025-09-01 21:00:00,520.0,788.0,707.3177551016778,583.8927200577201,581.320705061135,589.90247,576.99133
2025-09-01 22:00:00,396.0,590.0,522.1077335392133,468.6870654761905,425.42721992722323,440.43048,401.74713
2025-09-01 23:00:00,196.0,501.0,280.456925678768,249.02269841269845,225.50418837018066,250.2662,279.3293
2025-09-02 00:00:00,77.0,376.0,248.57895983919792,115.14638095238097,105.92819928563692,116.0547,149.0138
2025-09-02 01:00:00,45.0,166.0,61.190452187314236,50.86101190476189,48.76146604578805,55.885674,54.73633
2025-09-02 02:00:00,21.0,81.0,0.0,25.824803571428564,29.113177137850755,27.38526,12.690735
2025-09-02 03:00:00,15.0,56.0,0.0,18.85139285714285,19.37197895260452,18.071514,4.7401123
2025-09-02 04:00:00,49.0,46.0,0.0,50.905654761904735,49.36888764317849,49.526478,18.132874
2025-09-02 05:00:00,166.0,71.0,200.760921740345,213.93069444444438,207.80388471423333,212.03845,170.28653
2025-09-02 06:00:00,452.0,126.0,535.3869477945196,533.0949722222219,552.7475582544855,543.4686,511.6811
2025-09-02 07:00:00,1147.0,253.0,1035.3758580343444,1356.665744047619,1305.3001994625656,1322.9647,1156.2505
2025-09-02 08:00:00,1831.0,463.0,1424.5038608021775,2166.048702380952,2075.5468578601485,2065.8616,1747.937
2025-09-02 09:00:00,989.0,748.0,1336.650393760749,1063.1941904761907,1090.9786562337551,1104.8292,980.62305
2025-09-02 10:00:00,607.0,993.0,981.6028689137308,747.0233044733046,723.7783961468759,721.3549,629.5421
2025-09-02 11:00:00,659.0,1299.0,959.1325887377792,788.6170674603175,782.0931444758684,811.8834,712.57074
2025-09-02 12:00:00,833.0,1368.0,1087.4838576154264,982.9328611111113,976.4565588693937,1001.45447,839.93616
2025-09-02 13:00:00,796.0,1372.0,1040.409064885239,923.1322579365077,883.987675105696,909.8497,856.50885
2025-09-02 14:00:00,859.0,1502.0,1148.7555732173228,1006.5845654761902,1005.8359603301643,1029.9905,945.1409
2025-09-02 15:00:00,1224.0,1527.0,1384.5773525503926,1576.6425595238095,1513.8147976058365,1503.6365,1338.9268
2025-09-02 16:00:00,1687.0,1477.0,1609.1412762776874,2162.0909861111113,1992.5575287819713,2060.5967,1751.8834
2025-09-02 17:00:00,2469.0,1339.0,1791.2992687504184,2553.1027718253963,2501.088070139423,2454.147,2529.3643
2025-09-02 18:00:00,2052.0,1343.0,1985.399215450615,2509.2304980158724,2393.7500734193486,2429.4314,2174.3657
2025-09-02 19:00:00,1494.0,1121.0,1669.3625227576968,1758.7692599206348,1747.7731550666886,1812.6725,1553.4274
2025-09-02 20:00:00,1002.0,715.0,1182.584318781575,1101.016202380952,1086.739199318851,1130.1766,1155.6133
2025-09-02 21:00:00,705.0,520.0,862.0832940123032,844.0641011904758,808.8413522937939,845.2259,805.2143
2025-09-02 22:00:00,494.0,396.0,603.8127800118301,586.7558450577199,561.0474293498368,578.73566,519.855
2025-09-02 23:00:00,235.0,196.0,272.3138518704754,292.6424880952382,281.5618177423211,293.29468,287.61832
2025-09-03 00:00:00,103.0,77.0,176.33150957864837,121.38903571428567,118.52055052737475,118.780495,123.09134
2025-09-03 01:00:00,41.0,45.0,29.4353974366918,53.74245238095238,52.88417692256662,56.185146,42.800232
2025-09-03 02:00:00,32.0,21.0,0.0,33.697450396825396,33.39864713860661,28.277212,19.434875
2025-09-03 03:00:00,13.0,15.0,0.0,15.528952380952378,17.924084790830715,19.801897,16.305359
2025-09-03 04:00:00,40.0,49.0,0.0,44.822017857142846,42.772065527430044,39.992363,39.183655
2025-09-03 05:00:00,164.0,166.0,173.46768695575446,198.87372023809522,199.60726624253815,194.84773,167.93338
2025-09-03 06:00:00,497.0,452.0,564.1036331931433,478.54320436507936,511.10214528232035,504.07263,514.6692
2025-09-03 07:00:00,1295.0,1147.0,1274.7011939266583,1530.7082876984132,1450.9369293747056,1455.4429,1272.5936
2025-09-03 08:00:00,1992.0,1831.0,1716.422425061135,1931.0611547619046,2044.3834773113535,1972.0352,2041.1707
2025-09-03 09:00:00,1054.0,989.0,1535.9631451415867,1567.6686904761902,1485.7162160837804,1436.4426,1107.8047
2025-09-03 10:00:00,694.0,607.0,991.3278518255082,846.2417857142857,851.3319617970552,900.8274,766.8872
2025-09-03 11:00:00,738.0,659.0,868.5296291301485,790.8616011904761,800.0321939801127,834.4537,859.5957
2025-09-03 12:00:00,866.0,833.0,955.3018302376611,939.2956468253967,913.9880154304659,940.4125,1002.969
2025-09-03 13:00:00,804.0,796.0,944.2582910999919,941.3427142857141,921.5031587039972,913.6259,980.49866
2025-09-03 14:00:00,990.0,859.0,1110.4264298901371,1228.1000396825395,1192.112648587416,1210.9214,1026.696
2025-09-03 15:00:00,1277.0,1224.0,1293.5965285682128,1414.9500654761907,1369.4917024436127,1394.1392,1508.1816
2025-09-03 16:00:00,1764.0,1687.0,1653.6646619054902,2150.224916666667,1976.3479095456062,2041.7719,1794.5449
2025-09-03 17:00:00,2640.0,2469.0,2147.8821665065598,2828.2014999999983,2567.941789136353,2624.0305,2735.1165
2025-09-03 18:00:00,2336.0,2052.0,2236.7223089070803,2658.5044603174597,2400.6725022836076,2460.9434,2436.539
2025-09-03 19:00:00,1685.0,1494.0,1855.7751087076363,1896.6257624458876,1836.88285858797,1908.5906,1830.3816
2025-09-03 20:00:00,1144.0,1002.0,1352.812087464882,1287.6594623015872,1201.0665840113145,1260.5853,1360.0311
2025-09-03 21:00:00,837.0,705.0,997.8527966078946,952.4624047619043,939.5580032594747,936.349,1049.6576
2025-09-03 22:00:00,580.0,494.0,742.5781544061947,703.2555932539683,701.700336223964,713.1315,741.27185
2025-09-03 23:00:00,306.0,235.0,406.2148761938945,448.26247619047604,413.13380104274154,425.89032,427.2918
2025-09-04 00:00:00,108.0,103.0,210.38965501972547,137.58408333333333,142.18559319874763,141.2386,191.19406
2025-09-04 01:00:00,54.0,41.0,27.594290089531796,60.10667857142855,58.93556443507623,57.167313,61.00409
2025-09-04 02:00:00,30.0,32.0,0.0,42.58998412698413,41.82704528041304,39.989433,17.60376
2025-09-04 03:00:00,16.0,13.0,0.0,21.724202380952377,21.458926711746944,19.472832,11.341858
2025-09-04 04:00:00,37.0,40.0,0.0,38.5624404761905,36.97774552746484,37.360054,37.191223
2025-09-04 05:00:00,172.0,164.0,198.30630409325693,213.77649206349204,207.27443601589636,204.21378,141.07141
2025-09-04 06:00:00,525.0,497.0,637.7923746315157,572.3839464285713,559.827866062031,593.18726,524.5726
2025-09-04 07:00:00,1281.0,1295.0,1331.1510617535496,1484.4581924603176,1426.3632978277221,1458.8726,1243.2865
2025-09-04 08:00:00,2049.0,1992.0,1806.2797713258713,2147.185053571428,2146.816777157397,2144.1235,1971.0723
2025-09-04 09:00:00,1163.0,1054.0,1580.7627164703188,1625.0838452380945,1598.7900508449513,1476.8639,1146.3867
2025-09-04 10:00:00,736.0,694.0,988.7059482791733,831.9555784632029,827.253883102087,871.69073,791.7008
2025-09-04 11:00:00,769.0,738.0,915.0135564075384,905.0175046897547,875.9724646313277,916.4597,863.5301
2025-09-04 12:00:00,882.0,866.0,1031.2006301073616,1074.4383869047615,1021.850397818297,1064.6356,1030.0599
2025-09-04 13:00:00,874.0,804.0,977.3099972056623,988.0804662698412,955.9945113891905,968.63837,1080.8108
2025-09-04 14:00:00,949.0,990.0,1096.1598272476324,1164.7207023809524,1140.4194972098414,1143.5205,1180.1687
2025-09-04 15:00:00,767.0,1277.0,1084.0332411049308,1015.645896825397,1044.3618895674927,1051.1592,1547.1753
2025-09-04 16:00:00,1377.0,1764.0,1394.6933185187704,1628.448696428571,1471.9594485961923,1510.0951,1508.6476
2025-09-04 17:00:00,2282.0,2640.0,1931.5068158213373,2545.644555555556,2511.4365073407735,2574.931,2336.8276
2025-09-04 18:00:00,2074.0,2336.0,2054.295318773605,2270.216349206349,2266.886857577478,2229.7993,2130.065
2025-09-04 19:00:00,1388.0,1685.0,1682.0344675107385,1606.0612480158732,1600.3296479739317,1629.7786,1480.448
2025-09-04 20:00:00,784.0,1144.0,1087.8463650691945,987.1531369047624,924.8105504077197,928.1782,1065.9758
2025-09-04 21:00:00,782.0,837.0,853.4328866911407,808.3880057720058,816.2855096601461,800.9415,834.39984
2025-09-04 22:00:00,668.0,580.0,760.633008197982,713.1116944444442,723.0782622541736,728.4558,666.7573
2025-09-04 23:00:00,388.0,306.0,421.67682073213393,421.75917857142844,417.11974886273066,425.49564,484.00354
2025-09-05 00:00:00,238.0,108.0,411.00242774974095,326.0696388888888,293.739086370926,292.47192,218.33142
2025-09-05 01:00:00,107.0,54.0,108.86213812475029,110.48176785714286,115.76454028594607,114.261055,143.46838
2025-09-05 02:00:00,48.0,30.0,0.0,58.4697738095238,56.38728825806713,55.616795,57.58142
2025-09-05 03:00:00,25.0,16.0,0.0,29.58801190476191,30.532650483618628,33.611,27.074646
2025-09-05 04:00:00,53.0,37.0,0.0,52.552380952380965,53.90834291601759,54.448086,43.074158
2025-09-05 05:00:00,148.0,172.0,125.28189595988698,177.00148809523813,173.59624660679813,172.92477,150.18518
2025-09-05 06:00:00,433.0,525.0,552.0696388357524,507.4787261904761,522.4631721742542,522.98883,458.5261
2025-09-05 07:00:00,995.0,1281.0,1153.9194940648524,1193.089269841269,1211.2020113562219,1198.7589,1010.08514
2025-09-05 08:00:00,1636.0,2049.0,1724.1565479814965,2130.2669920634926,1961.186002317815,2022.2004,1568.0327
2025-09-05 09:00:00,1045.0,1163.0,1394.951730434041,1179.4201964285717,1180.3851915674004,1143.382,1162.6675
2025-09-05 10:00:00,834.0,736.0,1055.5155233966186,1006.6407321428576,989.203179441623,994.98706,890.2305
2025-09-05 11:00:00,980.0,769.0,1080.632725053121,1230.1868690476192,1194.0453999094577,1213.183,999.7333
2025-09-05 12:00:00,1102.0,882.0,1171.9181106657152,1277.9551904761909,1297.3835788173578,1316.5258,1189.8748
2025-09-05 13:00:00,1165.0,874.0,1171.5825491574274,1327.9828432539682,1285.9053198796435,1298.2372,1291.8574
2025-09-05 14:00:00,1202.0,949.0,1255.4417120935245,1444.730509920635,1393.3033847153845,1421.3608,1494.0425
2025-09-05 15:00:00,1513.0,767.0,1338.2029559398243,1800.2177916666665,1700.8339252157405,1698.1014,1840.8959
2025-09-05 16:00:00,1865.0,1377.0,1667.350364915653,2365.0873472222224,2059.4333274958326,2093.7153,2065.0535
2025-09-05 17:00:00,2324.0,2282.0,2008.5769260978745,2529.0218928571426,2353.2201484713246,2428.2937,2456.5847
2025-09-05 18:00:00,2027.0,2074.0,2027.7885751448923,2288.876678571429,2182.9707905377345,2264.3618,2119.1895
2025-09-05 19:00:00,1688.0,1388.0,1694.213741001489,1798.595503968254,1716.0745384020045,1760.4253,1652.8646
2025-09-05 20:00:00,1124.0,784.0,1244.9404010187613,1261.4714107142856,1211.175630968598,1190.7733,1302.5298
2025-09-05 21:00:00,944.0,782.0,1026.1801981596118,981.1936250000002,991.2963780420731,988.7817,1042.9128
2025-09-05 22:00:00,883.0,668.0,931.6655400172563,935.441763888889,959.3058008356176,914.0531,922.05664
2025-09-05 23:00:00,728.0,388.0,736.2852225532877,754.161844155844,790.1810889517067,751.02814,763.1304
2025-09-06 00:00:00,479.0,238.0,712.4377816995483,540.8028777056278,553.2504656520738,563.5273,534.1168
2025-09-06 01:00:00,327.0,107.0,463.3652723172914,362.68038095238103,345.33443986897237,336.4331,337.39792
2025-09-06 02:00:00,245.0,48.0,299.1183755915632,252.9439325396826,244.63076765808114,240.5386,180.44739
2025-09-06 03:00:00,84.0,25.0,108.89031224330864,110.21641269841268,122.35226446960316,110.48263,101.177765
2025-09-06 04:00:00,58.0,53.0,0.0,80.38786706349202,79.92290394084452,72.15035,49.025696
2025-09-06 05:00:00,76.0,148.0,41.789167947796955,100.03179960317462,89.86884904740118,83.66725,86.60071
2025-09-06 06:00:00,205.0,433.0,286.1232851211905,255.11292063492067,236.36725308964154,235.72572,171.57745
2025-09-06 07:00:00,404.0,995.0,632.645021927236,480.95072619047613,486.67630493711266,480.30853,440.3175
2025-09-06 08:00:00,719.0,1636.0,1006.1994982737388,791.7294761904761,781.1926137692941,787.7123,726.5813
2025-09-06 09:00:00,1093.0,1045.0,1135.7276341862994,1096.9922519841268,1105.6825039018518,1100.7557,1116.4329
2025-09-06 10:00:00,1543.0,834.0,1357.803569685882,1663.8668591269845,1603.1817402680238,1628.3746,1438.7007
2025-09-06 11:00:00,1682.0,980.0,1508.6814049039135,1813.5235476190471,1724.2446774904665,1775.3855,1708.2244
2025-09-06 12:00:00,1729.0,1102.0,1488.8226719025624,1696.6131369047619,1722.575246850648,1704.6293,1792.3148
2025-09-06 13:00:00,1830.0,1165.0,1507.5462435671254,1789.8493095238089,1766.0510446265278,1792.5969,1767.3329
2025-09-06 14:00:00,1830.0,1202.0,1545.8486748016826,1844.8802857142855,1786.21327935248,1803.8875,1742.5996
2025-09-06 15:00:00,1628.0,1513.0,1567.9033794639913,1710.7503492063493,1729.9260046708373,1744.4672,1729.5293
2025-09-06 16:00:00,1050.0,1865.0,1377.260447700151,1336.0626130952378,1244.3414062362765,1274.0018,1495.437
2025-09-06 17:00:00,575.0,2324.0,1090.77393978795,761.3769852092354,768.8645052526422,769.5044,940.7264
2025-09-06 18:00:00,926.0,2027.0,1199.5015124718711,1072.274779761905,1075.0926492750991,1060.3615,734.4048
2025-09-06 19:00:00,971.0,1688.0,1194.4106953149599,1014.0128809523811,1006.2891040847182,1016.8284,1124.1062
2025-09-06 20:00:00,820.0,1124.0,1019.5430702681172,936.4092321428574,921.2427199926618,903.7546,955.8568
2025-09-06 21:00:00,684.0,944.0,842.2119014940246,707.3403432539683,747.8951963671907,759.15784,841.78235
2025-09-06 22:00:00,720.0,883.0,768.7396608391957,686.1166944444443,711.840004184928,691.93384,665.533
2025-09-06 23:00:00,546.0,728.0,615.0984276696865,542.0366210317463,557.4574931298729,565.38214,566.2094
2025-09-07 00:00:00,323.0,479.0,524.3452782705444,310.2632182539683,314.54006534723976,319.22208,380.67102
2025-09-07 01:00:00,162.0,327.0,297.41087626975644,173.1467559523809,189.82491884110368,179.87163,236.51709
2025-09-07 02:00:00,149.0,245.0,236.32965725286834,138.52853968253967,144.16837448002272,148.87054,143.62744
2025-09-07 03:00:00,67.0,84.0,35.45208443075717,69.38074999999999,66.44721438463085,67.023056,92.31641
2025-09-07 04:00:00,32.0,58.0,0.0,35.658676587301585,35.41464695841615,41.91778,44.382935
2025-09-07 05:00:00,46.0,76.0,0.0,55.14586706349204,47.61097606598986,48.225838,60.21649
2025-09-07 06:00:00,125.0,205.0,98.52376159677408,148.01490476190475,145.57373817905074,140.86919,115.98486
2025-09-07 07:00:00,166.0,404.0,181.81865924916065,205.00596031746034,185.3097376365957,182.84525,283.97272
2025-09-07 08:00:00,238.0,719.0,304.20109435692854,282.71499801587294,255.64623509564154,262.4949,400.55396
2025-09-07 09:00:00,585.0,1093.0,712.2006721323002,643.21,625.1731409648592,628.90393,582.89136
2025-09-07 10:00:00,943.0,1543.0,1105.0726228815658,996.2201428571424,1007.5906523528408,1008.7561,960.44086
2025-09-07 11:00:00,1162.0,1682.0,1322.244845258711,1306.1206249999998,1286.2962611255177,1315.5814,1251.9216
2025-09-07 12:00:00,1457.0,1729.0,1445.7426566700753,1482.811101190476,1513.9464173451354,1479.2966,1464.6302
2025-09-07 13:00:00,1495.0,1830.0,1587.9427129202563,1620.4612043650795,1576.9008677221784,1611.4382,1619.0544
2025-09-07 14:00:00,1461.0,1830.0,1622.9623889157147,1652.8303174603172,1578.4232458174752,1624.9777,1701.0604
2025-09-07 15:00:00,1542.0,1628.0,1557.7903581772252,1538.9843055555552,1538.3339713223816,1589.1826,1699.0024
2025-09-07 16:00:00,1523.0,1050.0,1476.1551979988358,1582.3643869047614,1561.3371613009385,1589.0249,1577.1328
2025-09-07 17:00:00,1503.0,575.0,1388.3333814006,1710.5026924603183,1708.52544345855,1726.2607,1472.9799
2025-09-07 18:00:00,1611.0,926.0,1450.2882676601976,1515.314876984127,1487.7581829239218,1578.4463,1406.4316
2025-09-07 19:00:00,1239.0,971.0,1395.711903682627,1479.4950952380955,1399.870880570026,1430.2192,1217.8351
2025-09-07 20:00:00,772.0,820.0,1027.7806973543936,954.7530932539682,935.3113916686971,941.8735,922.4404
2025-09-07 21:00:00,501.0,684.0,743.5166824504397,686.4922976190475,656.0412505236061,676.6745,670.8252
2025-09-07 22:00:00,449.0,720.0,635.5691230919962,562.0802480158729,536.0351896650276,531.47,493.50162
2025-09-07 23:00:00,284.0,546.0,412.0849469436915,362.6758690476191,359.94724751841267,370.83945,310.3445
2025-09-08 00:00:00,104.0,323.0,278.6909738735689,121.45474206349205,123.8594620262997,129.44356,161.22928
2025-09-08 01:00:00,43.0,162.0,87.24560087510645,58.71455753968254,52.73208123063254,49.34306,61.19409
2025-09-08 02:00:00,23.0,149.0,23.48438961810632,31.422214285714276,30.699487110871306,27.741995,19.28479
2025-09-08 03:00:00,24.0,67.0,0.0,34.5929880952381,29.52740110842106,26.613695,10.487976
2025-09-08 04:00:00,34.0,32.0,0.0,37.84008333333335,36.38851761941736,38.419334,19.510803
2025-09-08 05:00:00,177.0,46.0,203.41283763074597,240.6009682539683,221.89734806295388,224.62405,106.05975
2025-09-08 06:00:00,449.0,125.0,474.38661847524986,455.554767857143,456.86743018607143,452.81732,465.4228
2025-09-08 07:00:00,1120.0,166.0,977.4638698395119,1269.7027202380953,1257.6140858657516,1256.9048,972.0658
2025-09-08 08:00:00,1787.0,238.0,1304.2168010361056,1890.1252738095247,1805.6978228272399,1808.9951,1603.0872
2025-09-08 09:00:00,960.0,585.0,1310.4660892513857,1153.66325,1151.909257191757,1154.4686,995.2871
2025-09-08 10:00:00,598.0,943.0,948.4865113318856,748.9323392857144,718.7558908224254,723.87445,719.01556
2025-09-08 11:00:00,681.0,1162.0,942.0455798112389,878.7780892857145,810.0007825666814,825.3954,804.3672
2025-09-08 12:00:00,786.0,1457.0,1099.4150447174175,1008.4489642857145,982.4653706720557,980.0758,934.92554
2025-09-08 13:00:00,882.0,1495.0,1208.220538558096,1184.1829801587303,1148.1272851626031,1153.5974,948.5508
2025-09-08 14:00:00,896.0,1461.0,1229.593322035128,1208.2875932539685,1176.682549961318,1199.7073,1034.8898
2025-09-08 15:00:00,1244.0,1542.0,1388.8286001702563,1537.7910753968251,1421.2905369094287,1482.2538,1309.428
2025-09-08 16:00:00,1644.0,1523.0,1578.4544202044553,1981.7360317460311,1797.3471183518632,1877.551,1684.4547
2025-09-08 17:00:00,2489.0,1503.0,1854.5057852925975,2657.0084682539677,2477.3939680341223,2419.8496,2366.7637
2025-09-08 18:00:00,2093.0,1611.0,2065.7872132940993,2599.9915039682523,2316.551078599019,2332.1304,2182.3232
2025-09-08 19:00:00,1515.0,1239.0,1710.2809502373989,1901.3480476190484,1738.2916587319148,1820.1942,1716.5406
2025-09-08 20:00:00,1032.0,772.0,1172.7440805010287,1124.6464464285714,1088.3275116583723,1124.0111,1178.7183
2025-09-08 21:00:00,606.0,501.0,800.2864432966031,774.6191587301588,754.3006948561818,760.6273,831.784
2025-09-08 22:00:00,452.0,449.0,522.5624980821364,501.32093073593074,484.9515759227097,484.28693,544.0631
2025-09-08 23:00:00,260.0,284.0,260.6772713495334,292.8720059523809,278.74046876704534,287.97882,286.89694
2025-09-09 00:00:00,89.0,104.0,175.95592923330986,121.51447619047626,117.90282769381446,116.61502,124.26419
2025-09-09 01:00:00,30.0,43.0,0.0,45.75413965201464,40.92920916674814,40.240395,41.17444
2025-09-09 02:00:00,25.0,23.0,0.0,31.87063690476191,30.12923440507843,33.91331,10.818848
2025-09-09 03:00:00,21.0,24.0,0.0,22.49615674603175,21.96616330380303,17.256014,5.921509
2025-09-09 04:00:00,37.0,34.0,0.0,42.565952380952375,43.63150795763947,41.191265,30.098633
2025-09-09 05:00:00,162.0,177.0,160.7806787698625,185.81044642857137,189.0626781000677,185.5026,153.76004
2025-09-09 06:00:00,500.0,449.0,582.3510878697632,483.1260178571429,512.573654252312,504.68903,507.75882
2025-09-09 07:00:00,1260.0,1120.0,1253.2768634805868,1436.9302460317463,1394.2189228578122,1403.7559,1255.1624
2025-09-09 08:00:00,2046.0,1787.0,1768.9286323159654,2202.012607142857,2233.260105834897,2201.415,2059.535
2025-09-09 09:00:00,1089.0,960.0,1487.7831482549943,1198.84985515873,1213.0751752650199,1198.9994,1149.907
2025-09-09 10:00:00,672.0,598.0,992.8209295965981,886.5576349206343,861.3479444165865,903.70776,727.7276
2025-09-09 11:00:00,729.0,681.0,868.3147500220532,817.2429563492059,809.2309480599989,838.80084,862.21796
2025-09-09 12:00:00,846.0,786.0,937.1587657407297,932.8215714285715,909.6682928839898,929.63135,1009.0619
2025-09-09 13:00:00,837.0,882.0,1021.6864725320972,1032.3139325396817,1011.3005097447794,1035.5073,985.7065
2025-09-09 14:00:00,865.0,896.0,1040.2394115585594,1099.470109126984,1043.0140087932234,1073.0656,1054.3151
2025-09-09 15:00:00,1307.0,1244.0,1337.0924306427523,1673.5835541125539,1578.1329491896706,1579.5314,1433.2926
2025-09-09 16:00:00,1727.0,1644.0,1658.5807875615121,2289.682208333333,1987.830268249696,2000.3652,1878.9926
2025-09-09 17:00:00,2609.0,2489.0,2122.5776207587596,2795.5285952380946,2563.4353587988826,2639.4243,2764.5085
2025-09-09 18:00:00,2278.0,2093.0,2171.3669503128476,2515.2379960317458,2367.3607453074947,2467.943,2345.5269
2025-09-09 19:00:00,1612.0,1515.0,1775.5551111867512,1775.606402777778,1732.640458929343,1783.5221,1677.222
2025-09-09 20:00:00,1102.0,1032.0,1319.9063478814123,1277.627220238095,1220.6469454004941,1268.3717,1258.4695
2025-09-09 21:00:00,811.0,606.0,896.820383434396,874.216202380952,868.78946609506,886.23334,1011.22723
2025-09-09 22:00:00,557.0,452.0,699.6085858583651,700.4398373015874,689.4635605988872,693.03424,684.2123
2025-09-09 23:00:00,229.0,260.0,255.3750382606442,289.27624999999983,283.53427828941363,299.43005,401.8684
2025-09-10 00:00:00,117.0,89.0,212.86533477296848,155.6560694444444,154.3106007046763,153.38918,152.62863
2025-09-10 01:00:00,52.0,30.0,60.58279237445572,67.25708134920635,66.75643662116536,63.70387,64.42456
2025-09-10 02:00:00,31.0,25.0,0.0,35.457142857142856,32.718631506749134,32.085968,29.97522
2025-09-10 03:00:00,11.0,21.0,0.0,16.580476190476187,15.447034106082922,15.754141,4.163513
2025-09-10 04:00:00,38.0,37.0,0.0,42.833980158730164,39.700955315006816,51.833843,34.437866
2025-09-10 05:00:00,150.0,162.0,139.90602880015757,169.593423992674,168.8856868178477,169.46205,155.3591
2025-09-10 06:00:00,505.0,500.0,630.8394835407028,568.1534107142857,571.7442821896299,570.13306,492.27606
2025-09-10 07:00:00,1151.0,1260.0,1246.813031665367,1279.0761547619047,1275.5833984717328,1296.3512,1310.5085
2025-09-10 08:00:00,1389.0,2046.0,1652.104925382935,1770.1422613636366,1848.8798424687957,1802.3901,1925.6094
2025-09-10 09:00:00,454.0,1089.0,954.245692734222,621.6561127344878,585.5725949930037,607.7319,1018.8602
2025-09-10 10:00:00,313.0,672.0,442.21957820524676,414.3645535714284,408.24864996767343,423.08353,403.8386
2025-09-10 11:00:00,438.0,729.0,507.29211592032505,539.7848730158732,528.8141572947738,528.8195,504.33865
2025-09-10 12:00:00,550.0,846.0,601.7280852002835,623.4879444444445,610.5818193291913,619.4413,695.722
2025-09-10 13:00:00,509.0,837.0,660.00201548313,695.9799444444443,675.9066596355627,672.16284,759.3771
2025-09-10 14:00:00,540.0,865.0,715.0160332015794,739.4451071428573,737.759365066708,730.9538,883.9921
2025-09-10 15:00:00,1052.0,1307.0,1113.1860071483898,1271.5148869047623,1196.9223379341508,1209.3193,1178.9119
2025-09-10 16:00:00,1593.0,1727.0,1535.9306254817952,1900.642994047619,1736.952211617669,1794.5565,1548.3557
2025-09-10 17:00:00,2242.0,2609.0,2002.816957297004,2532.706630952381,2568.952498459624,2575.5864,2415.6882
2025-09-10 18:00:00,1850.0,2278.0,2018.1427717422787,2171.487424603175,2239.988721124612,2215.549,1943.3334
2025-09-10 19:00:00,1487.0,1612.0,1674.135974129439,1648.8693811327553,1623.3922589475403,1702.6766,1372.2957
2025-09-10 20:00:00,949.0,1102.0,1171.1726278851056,1052.4538789682538,1032.6464758332115,1013.6557,1095.1736
2025-09-10 21:00:00,725.0,811.0,880.0815721244277,794.7458095238093,777.9023239476687,816.38995,801.98224
2025-09-10 22:00:00,523.0,557.0,627.8758114853439,573.9797023809524,569.8014403750245,595.4798,607.2354
2025-09-10 23:00:00,277.0,229.0,334.10649983549956,342.6310674603176,334.09729552937927,348.5442,324.1139
2025-09-11 00:00:00,101.0,117.0,161.79593936271328,111.38973809523813,107.37099246705257,109.290504,153.98425
2025-09-11 01:00:00,50.0,52.0,50.56289099009098,67.48893452380952,65.72104379677413,64.925606,40.055237
2025-09-11 02:00:00,25.0,31.0,0.0,32.59088095238094,32.50084812125432,35.849827,7.1516113
2025-09-11 03:00:00,13.0,11.0,0.0,21.746761904761907,20.033648545989546,20.918394,3.0996704
2025-09-11 04:00:00,41.0,38.0,0.0,35.700250000000004,35.688181888928895,37.66521,48.12445
2025-09-11 05:00:00,143.0,150.0,125.673811362143,168.80254899267402,161.0509351094514,159.29575,100.832855
2025-09-11 06:00:00,506.0,505.0,612.8064095407668,534.8154702380953,532.7742225318974,527.8892,416.27783
2025-09-11 07:00:00,1215.0,1151.0,1282.9115331702915,1416.9395178571422,1396.074976588659,1419.7994,1169.0359
2025-09-11 08:00:00,1952.0,1389.0,1725.1127732756079,2400.897251984127,2280.7047776346085,2188.6677,1963.5735
2025-09-11 09:00:00,1048.0,454.0,1368.0783186150215,1441.5315714285714,1378.7228553314899,1335.1842,1190.7615
2025-09-11 10:00:00,667.0,313.0,865.56175955165,862.3846677489179,818.9350601042133,838.511,785.7336
2025-09-11 11:00:00,670.0,438.0,752.2396602514336,771.2432817460315,761.7065978080035,780.6052,889.1432
2025-09-11 12:00:00,849.0,550.0,865.9394096210954,955.8817619047621,915.1804500903397,941.51105,1004.81177
2025-09-11 13:00:00,911.0,509.0,916.5500440777032,1047.3885595238091,1038.9187465444754,1025.7985,989.96094
2025-09-11 14:00:00,898.0,540.0,961.850988949514,1128.3118571428574,1069.4892947895678,1084.9556,1114.3728
2025-09-11 15:00:00,1315.0,1052.0,1245.6001705343594,1506.6170488816738,1434.7066856450813,1471.3685,1566.4966
2025-09-11 16:00:00,1768.0,1593.0,1619.709742210052,2110.9707420634923,1967.2200008269888,2009.5096,1801.8402
2025-09-11 17:00:00,2595.0,2242.0,2033.4511140367752,2707.651287698412,2453.6548036377226,2510.3013,2762.239
2025-09-11 18:00:00,2033.0,1850.0,2050.2301361656537,2330.347660714286,2245.7957078844474,2285.643,2300.7905
2025-09-11 19:00:00,1516.0,1487.0,1721.8706946531886,1807.1376626984136,1736.2798547300868,1831.7383,1586.5631
2025-09-11 20:00:00,1028.0,949.0,1203.2758740372349,1135.3957976190475,1122.0028650141633,1135.6007,1239.2687
2025-09-11 21:00:00,831.0,725.0,951.3231688683538,934.3447341269843,938.4485023692516,913.8439,938.1382
2025-09-11 22:00:00,656.0,523.0,731.1040167590759,718.4208313492064,715.4761047438316,712.3899,733.53754
2025-09-11 23:00:00,471.0,277.0,498.2540209330527,523.2940833333332,498.7856735001765,518.4667,447.17828
2025-09-12 00:00:00,217.0,101.0,327.25140426468727,243.7599404761904,241.0744707205472,245.1078,224.97366
2025-09-12 01:00:00,110.0,50.0,77.81225943838717,108.26169841269837,101.74813299830042,102.92216,113.85138
2025-09-12 02:00:00,58.0,25.0,0.0,64.89559523809523,65.587668783477,69.34516,58.09607
2025-09-12 03:00:00,16.0,13.0,0.0,23.916178571428564,22.882734876683056,22.780853,25.811218
2025-09-12 04:00:00,51.0,41.0,0.0,56.53885281385283,54.25090177431531,52.834026,47.409546
2025-09-12 05:00:00,159.0,143.0,123.6859686320829,177.34068452380953,167.1253006928211,167.79436,155.24637
2025-09-12 06:00:00,427.0,506.0,563.263411783893,535.0213928571426,544.6117056339608,546.66016,454.16528
2025-09-12 07:00:00,954.0,1215.0,1118.5037519139028,1119.0096210317463,1138.640185137942,1127.8811,1015.3249
2025-09-12 08:00:00,1578.0,1952.0,1614.057094725562,1814.0399880952373,1707.5833820837493,1754.9961,1541.1931
2025-09-12 09:00:00,1003.0,1048.0,1406.9554454347353,1472.3930833333334,1331.3349758538634,1299.104,1093.5442
2025-09-12 10:00:00,792.0,667.0,1068.0412437829116,1180.7701922799422,1099.5611669848943,1090.7236,926.72186
2025-09-12 11:00:00,909.0,670.0,1005.7359491322846,1080.929718253968,1059.7300323689997,1090.8906,1064.5085
2025-09-12 12:00:00,1110.0,849.0,1128.1434750887258,1278.6843928571432,1291.7531157096078,1309.5199,1216.7705
2025-09-12 13:00:00,1089.0,911.0,1151.0846979457997,1306.9710932539683,1267.288492862358,1292.7784,1302.8518
2025-09-12 14:00:00,1269.0,898.0,1307.2362881856106,1713.1307876984129,1572.8477576488222,1617.7683,1515.579
2025-09-12 15:00:00,1649.0,1315.0,1552.8302899120304,2148.122833333333,1938.1471427682418,1886.6348,1916.9622
2025-09-12 16:00:00,1895.0,1768.0,1792.9387256511473,2403.4055496031747,2189.743800691339,2233.5144,2172.371
2025-09-12 17:00:00,2394.0,2595.0,2087.753342898636,2674.637734126985,2424.022244446426,2444.5007,2496.6206
2025-09-12 18:00:00,2206.0,2033.0,2051.7668478217984,2247.398277777778,2167.613224527233,2206.308,2063.4617
2025-09-12 19:00:00,1628.0,1516.0,1767.5146403328647,1860.6156250000006,1769.5646135994612,1796.577,1690.5266
2025-09-12 20:00:00,1166.0,1028.0,1288.2128011805253,1280.63708531746,1248.5140082330922,1242.1217,1285.9609
2025-09-12 21:00:00,962.0,831.0,976.4900179908428,946.7326607142859,953.1835305853597,949.6267,1025.7971
2025-09-12 22:00:00,864.0,656.0,895.3380708976883,893.0399583333333,917.5501389022166,893.6754,896.0528
2025-09-12 23:00:00,744.0,471.0,742.2947468350716,778.0505643939391,777.5624306691803,747.50574,772.3034
2025-09-13 00:00:00,511.0,217.0,751.0178308952878,585.5675081168831,602.5735639593289,601.22784,558.77563
2025-09-13 01:00:00,377.0,110.0,431.1275301882846,339.1236785714285,324.3272064358995,326.24673,384.0498
2025-09-13 02:00:00,240.0,58.0,310.57731084002364,250.82616269841273,247.06950529573913,257.99954,195.0635
2025-09-13 03:00:00,112.0,16.0,106.81948777504141,110.21180952380955,121.08558929201742,127.57309,121.311615
2025-09-13 04:00:00,53.0,51.0,0.0,62.80872619047617,64.9865961568978,61.158154,53.35266
2025-09-13 05:00:00,78.0,159.0,13.689890543299157,92.94333928571436,90.8919514659748,84.7448,71.565
2025-09-13 06:00:00,146.0,427.0,142.17416901261674,169.7857380952381,156.54526353130632,153.79196,185.47696
2025-09-13 07:00:00,356.0,954.0,573.4869204579879,425.28017857142856,458.7699751896973,449.3448,366.46097
2025-09-13 08:00:00,670.0,1578.0,1028.2973139150151,818.9475833333329,825.102564880286,826.5027,704.46436
2025-09-13 09:00:00,1045.0,1003.0,1110.9682344966627,1124.6491706349204,1120.0411831299336,1110.1422,1172.9983
2025-09-13 10:00:00,1340.0,792.0,1302.4385020928798,1485.2442043650794,1469.3242538699176,1497.0353,1440.4763
2025-09-13 11:00:00,1568.0,909.0,1398.783700782019,1573.559777777778,1562.8781018682369,1629.2184,1703.6344
2025-09-13 12:00:00,1738.0,1110.0,1571.4431961348066,1943.8806666666655,1891.3962904150771,1893.3406,1779.0034
2025-09-13 13:00:00,1773.0,1089.0,1605.2221738893065,2032.331476190476,1913.3038034586407,1906.1107,1871.4454
2025-09-13 14:00:00,1874.0,1269.0,1669.7694038655993,2049.9387261904753,2081.6488699957144,2033.9651,1901.1035
2025-09-13 15:00:00,1828.0,1649.0,1720.9694770141016,1943.744595238095,1905.2562565375304,1916.8666,1937.5856
2025-09-13 16:00:00,1677.0,1895.0,1733.5831238331054,1818.9188134920632,1867.988986332984,1807.63,1915.6278
2025-09-13 17:00:00,1716.0,2394.0,1815.0575169630467,1842.1248829365086,1809.9504934719228,1847.4517,1816.9824
2025-09-13 18:00:00,1767.0,2206.0,1815.4668600465188,1865.4153670634914,1793.7145795281976,1874.439,1723.5973
2025-09-13 19:00:00,1539.0,1628.0,1620.4796308170426,1536.1515833333335,1532.7211879260765,1542.4976,1562.967
2025-09-13 20:00:00,1110.0,1166.0,1276.2727069649627,1221.6696130952378,1204.2413707476492,1222.4045,1267.8203
2025-09-13 21:00:00,974.0,962.0,1082.773352391278,1010.0713750000009,1048.854490269195,1026.5105,979.25104
2025-09-13 22:00:00,929.0,864.0,985.2182581286893,951.915505952381,963.1735028364183,947.1977,883.18726
2025-09-13 23:00:00,754.0,744.0,890.7842253635442,835.216382936508,861.3996842682509,837.58606,774.40265
2025-09-14 00:00:00,592.0,511.0,832.1149496210303,593.6228035714286,595.8066770824227,603.15936,610.46277
2025-09-14 01:00:00,426.0,377.0,560.5574525763768,399.90718668831175,396.39293912054615,379.4502,422.62555
2025-09-14 02:00:00,284.0,240.0,455.80901215951326,342.2984920634922,337.9985664958435,341.83356,241.30084
2025-09-14 03:00:00,152.0,112.0,189.34837786763126,179.7565,178.4767749365858,169.61935,164.005
2025-09-14 04:00:00,69.0,53.0,0.0,81.85826587301585,87.45799943607354,85.22914,78.75293
2025-09-14 05:00:00,207.0,78.0,216.97518351640565,218.64650595238095,216.36469318052312,230.37567,93.098206
2025-09-14 06:00:00,566.0,146.0,530.418460548579,551.3712222222224,588.5692149586546,573.895,259.68744
2025-09-14 07:00:00,426.0,356.0,555.4636338212772,470.6122559523808,507.3694798280364,501.7356,598.2532
2025-09-14 08:00:00,731.0,670.0,808.8211079348988,809.798711538461,833.3937644666979,835.72504,851.6688
2025-09-14 09:00:00,1169.0,1045.0,1078.3939518770367,1052.0942023809523,1076.851629194033,1041.3674,1156.4583
2025-09-14 10:00:00,1566.0,1340.0,1399.342875299388,1471.0487617243864,1459.5764926301563,1473.8424,1460.061
2025-09-14 11:00:00,1536.0,1568.0,1573.312144508242,1681.342138888889,1604.2601423020603,1647.913,1711.7522
2025-09-14 12:00:00,1625.0,1738.0,1570.9807059493432,1635.6518412698415,1611.1342936493013,1659.7273,1804.9863
2025-09-14 13:00:00,1679.0,1773.0,1587.4844464326457,1657.3883749999995,1627.1074677964043,1679.0289,1727.1147
2025-09-14 14:00:00,1643.0,1874.0,1623.0420170713046,1686.0331607142848,1641.1273212182616,1678.6399,1667.7374
2025-09-14 15:00:00,1586.0,1828.0,1604.3586896966713,1669.5555416666662,1642.8707628831487,1689.2385,1685.649
2025-09-14 16:00:00,1731.0,1677.0,1616.0739350633244,1773.5207420634924,1728.0557235200272,1740.4275,1657.6377
2025-09-14 17:00:00,1640.0,1716.0,1656.7648621655023,1794.4538147546887,1767.3090681357933,1810.7612,1636.4574
2025-09-14 18:00:00,1441.0,1767.0,1547.4923752709988,1546.243101190477,1484.87937222784,1492.0844,1570.946
2025-09-14 19:00:00,1227.0,1539.0,1441.2796983905082,1408.2817321428572,1335.3026235644352,1390.7181,1281.7546
2025-09-14 20:00:00,785.0,1110.0,1074.0113560620662,1016.0214920634924,982.0422422629911,979.6719,985.8605
2025-09-14 21:00:00,601.0,974.0,805.9230177594012,716.8627242063491,699.4266900880725,720.5936,724.1036
2025-09-14 22:00:00,503.0,929.0,639.0467851833544,541.6348192640693,531.6886567102619,549.0536,494.2912
2025-09-14 23:00:00,283.0,754.0,408.39627907295505,331.620619047619,328.8633818831449,354.7991,296.62048
2025-09-15 00:00:00,128.0,592.0,337.23264206265924,174.32982738095234,157.896147259315,164.63046,170.23453
2025-09-15 01:00:00,55.0,426.0,101.61610909247895,68.03680952380951,63.45863936733412,60.469444,77.72095
2025-09-15 02:00:00,26.0,284.0,0.0,34.32257142857142,30.275374624013445,31.99265,26.624634
2025-09-15 03:00:00,27.0,152.0,0.0,32.145619047619036,29.37082239795911,27.419695,20.814209
2025-09-15 04:00:00,39.0,69.0,0.0,55.185940476190495,52.694401840812105,51.896553,36.446716
2025-09-15 05:00:00,172.0,207.0,169.4704913478912,205.39772420634912,203.1539062887725,201.54457,171.68936
2025-09-15 06:00:00,450.0,566.0,611.2879288673587,559.2821666666666,582.8391241040836,576.8105,494.5294
2025-09-15 07:00:00,1184.0,426.0,1064.094598834675,1392.4445396825402,1342.9029325967635,1362.0735,1122.0304
2025-09-15 08:00:00,1808.0,731.0,1459.260536066806,2129.711696428571,1986.161210653033,1959.7484,1799.188
2025-09-15 09:00:00,955.0,1169.0,1422.0699270071318,1149.977672619048,1126.7751322175252,1157.1218,1103.6832
2025-09-15 10:00:00,675.0,1566.0,1108.2631228586072,816.6319296536797,807.3638017138777,808.978,774.2096
2025-09-15 11:00:00,696.0,1536.0,1036.2246464525122,858.782119047619,819.1880576065325,832.81836,845.27374
2025-09-15 12:00:00,931.0,1625.0,1198.5415753579982,1199.5039484126987,1115.0493180066467,1165.1965,952.1803
2025-09-15 13:00:00,932.0,1679.0,1204.1116986891163,1079.193738095238,1075.7183730223883,1097.8868,986.219
2025-09-15 14:00:00,946.0,1643.0,1257.7774256583843,1210.8116547619054,1157.261290352082,1206.258,1015.2075
2025-09-15 15:00:00,1290.0,1586.0,1391.8857613391306,1538.772430555555,1456.5230612482408,1482.4714,1302.8224
2025-09-15 16:00:00,1637.0,1731.0,1653.2352060807407,2130.7219424603177,1923.064381381678,2002.1893,1659.1086
2025-09-15 17:00:00,2542.0,1640.0,1825.044710992179,2571.5691289682527,2370.951451047756,2395.7778,2401.746
2025-09-15 18:00:00,2129.0,1441.0,1987.1269554246514,2486.2997936507936,2314.292855992632,2370.3745,2142.3965
2025-09-15 19:00:00,1523.0,1227.0,1627.3574555267091,1647.9147777777782,1631.5840170533488,1668.1995,1706.6272
2025-09-15 20:00:00,934.0,785.0,1191.4219958963045,1153.062976190476,1126.411959204019,1149.3267,1182.2874
2025-09-15 21:00:00,757.0,601.0,821.8176073279068,787.2853825757574,787.8108893940773,790.135,874.6933
2025-09-15 22:00:00,486.0,503.0,623.4304430323077,586.1374341630591,574.8929825099291,592.2374,579.3699
2025-09-15 23:00:00,248.0,283.0,301.999622937942,306.81129166666665,307.4207114215769,318.10553,325.1516
2025-09-16 00:00:00,138.0,128.0,253.5847923152201,154.7979623015873,161.07499572759738,156.39189,160.30273
2025-09-16 01:00:00,46.0,55.0,21.58938689852755,51.557803571428586,50.415115272101204,44.383984,62.637817
2025-09-16 02:00:00,28.0,26.0,0.0,27.913119047619034,26.719690538766997,25.61194,20.033203
2025-09-16 03:00:00,15.0,27.0,0.0,16.9295119047619,21.438029987212605,21.190022,8.345337
2025-09-16 04:00:00,46.0,39.0,0.0,60.345253968253964,57.9440493703983,58.89154,30.97882
2025-09-16 05:00:00,172.0,172.0,188.18298371748807,205.30277380952379,199.99431427112575,203.22296,175.74414
2025-09-16 06:00:00,527.0,450.0,606.0323561507521,535.6178988095238,544.4150499561925,538.42706,536.9122
2025-09-16 07:00:00,1276.0,1184.0,1264.375204944582,1292.430279761905,1298.55317626681,1335.6708,1268.4957
2025-09-16 08:00:00,2063.0,1808.0,1803.4481238555534,2311.380363095238,2209.6041453254916,2207.395,2004.6888
2025-09-16 09:00:00,1087.0,955.0,1519.341420343442,1480.1220297619045,1397.88332301883,1332.3125,1200.6443
2025-09-16 10:00:00,637.0,675.0,924.1125353148595,760.3358273809521,744.6559586574517,754.01294,760.61536
2025-09-16 11:00:00,651.0,696.0,817.1948372546664,802.5684126984128,787.3236889554247,809.2086,818.2506
2025-09-16 12:00:00,791.0,931.0,868.2618894272559,883.6553869047622,835.4819106410774,832.0849,955.4332
2025-09-16 13:00:00,712.0,932.0,958.0512704400135,972.0858690476188,929.3612918814945,937.0491,909.3339
2025-09-16 14:00:00,657.0,946.0,887.5583812784171,912.7549642857143,856.3530463508577,870.48895,974.07996
2025-09-16 15:00:00,708.0,1290.0,917.6889919918274,851.1439186507934,847.114557244711,848.26764,1199.2197
2025-09-16 16:00:00,546.0,1637.0,859.0062484842749,652.8242083333334,659.7239117015447,653.7362,1159.891
2025-09-16 17:00:00,770.0,2542.0,1191.6729003526789,922.617113095238,920.1552378640629,932.2398,1017.2498
2025-09-16 18:00:00,1099.0,2129.0,1328.6487920183952,1233.5636488095242,1178.6645190371853,1204.0259,1170.4746
2025-09-16 19:00:00,502.0,1523.0,1032.6801616268629,744.8063849206347,742.0279239640428,804.74243,959.45764
2025-09-16 20:00:00,350.0,934.0,608.5739439262634,496.0402222222222,485.1072036634922,475.40103,538.2689
2025-09-16 21:00:00,426.0,757.0,516.3219954147804,464.83922619047627,462.1966555574366,459.8081,443.57266
2025-09-16 22:00:00,373.0,486.0,504.3673603765695,496.4184067460317,482.0089924851551,469.24008,343.6916
2025-09-16 23:00:00,221.0,248.0,265.678526328639,288.57042658730154,270.5723456688352,271.85577,299.2153
2025-09-17 00:00:00,95.0,138.0,220.1496112042562,123.10788095238095,115.94507603508129,119.83633,153.81375
2025-09-17 01:00:00,42.0,46.0,66.08492484498834,48.548589285714286,45.61424640026929,45.77603,46.9256
2025-09-17 02:00:00,27.0,28.0,1.5091166388755255,29.27146825396825,28.463956266420215,31.664986,14.920959
2025-09-17 03:00:00,16.0,15.0,0.0,22.53853968253968,17.402762249033824,18.908045,13.088562
2025-09-17 04:00:00,38.0,46.0,0.0,41.82452976190474,34.57350083547358,38.626827,51.72235
2025-09-17 05:00:00,159.0,172.0,220.6340760562669,190.57519246031742,186.8657170610232,190.54092,125.90561
2025-09-17 06:00:00,417.0,527.0,559.2899476741645,428.5001210317461,451.1680036509587,439.31625,439.85156
2025-09-17 07:00:00,1094.0,1276.0,1277.937503707356,1262.4171904761906,1244.5697693181091,1293.1151,973.5683
2025-09-17 08:00:00,1773.0,2063.0,1771.3868928668596,2017.032166666667,2046.9331519660955,2045.5326,1771.3938
2025-09-17 09:00:00,903.0,1087.0,1361.6606346137085,977.2003571428568,1008.5435881408936,1043.6156,1078.6807
2025-09-17 10:00:00,514.0,637.0,764.0119222859721,620.4881190476193,576.0141444874498,597.5034,675.51654
2025-09-17 11:00:00,532.0,651.0,669.6766139866444,669.3771686507934,672.4635456780971,666.2822,667.54065
2025-09-17 12:00:00,637.0,791.0,754.8883063749427,791.5153690476191,726.9928575149637,751.3999,766.8752
2025-09-17 13:00:00,755.0,712.0,843.4763475518243,842.3250436507936,820.6172759637072,851.84326,748.37
2025-09-17 14:00:00,772.0,657.0,909.3551952017847,948.3770674603177,927.7919900468121,933.41644,884.1684
2025-09-17 15:00:00,1117.0,708.0,1081.6482241713384,1310.1758968253969,1295.2941341741187,1260.791,1265.078
2025-09-17 16:00:00,1556.0,546.0,1264.5594247531549,1775.1041785714283,1711.0028690078657,1711.7639,1461.0776
2025-09-17 17:00:00,2412.0,770.0,1574.8943162954336,2427.7768194444448,2372.597865462982,2303.361,2060.1287
2025-09-17 18:00:00,1892.0,1099.0,1785.0588593402433,2059.020400793651,2070.9195096296517,2037.3379,1999.069
2025-09-17 19:00:00,1380.0,502.0,1311.9662203326818,1431.1754424603173,1422.8453696656309,1439.2379,1439.6089
2025-09-17 20:00:00,883.0,350.0,956.6040707189925,1005.1754880952379,986.0967552358326,1009.7298,1057.0862
2025-09-17 21:00:00,766.0,426.0,807.3321982386058,813.6457857142855,825.6765530879694,829.5526,861.48456
2025-09-17 22:00:00,552.0,373.0,648.8160005922314,686.3701607142857,661.6950891983203,671.6751,666.2835
2025-09-17 23:00:00,254.0,221.0,251.2448143159682,283.1935059523809,273.27259211708287,289.71964,382.72235
2025-09-18 00:00:00,134.0,95.0,211.62089657817012,149.30228571428572,145.57193102577338,147.07501,147.82822
2025-09-18 01:00:00,61.0,42.0,84.14513066617224,76.3481845238095,76.813795507452,71.94966,70.601135
2025-09-18 02:00:00,22.0,27.0,0.0,24.33,22.70700916721811,23.190063,41.110962
2025-09-18 03:00:00,21.0,16.0,0.0,25.485190476190475,20.886995696648754,22.017794,9.902222
2025-09-18 04:00:00,45.0,38.0,0.0,48.157152777777775,46.801765335527556,46.875824,49.423584
2025-09-18 05:00:00,168.0,159.0,173.18269315171034,199.40995833333335,198.3994018607785,194.8768,157.47815
2025-09-18 06:00:00,489.0,417.0,590.3683606320874,529.5181825396825,549.9780338615508,552.6729,483.49628
2025-09-18 07:00:00,1215.0,1094.0,1262.311166055437,1409.3232202380946,1343.620261384754,1403.3518,1197.3552
2025-09-18 08:00:00,1980.0,1773.0,1716.8313613062708,2029.6035535714284,2047.9073744969626,1992.7548,1985.6298
2025-09-18 09:00:00,1101.0,903.0,1521.4971320896957,1633.3067559523809,1589.9212937650777,1478.5939,1157.2485
2025-09-18 10:00:00,733.0,514.0,956.3119721471346,869.32244047619,859.3384557746624,902.1882,798.64996
2025-09-18 11:00:00,690.0,532.0,793.449973272513,801.790202380952,808.1906463520979,811.3694,879.57776
2025-09-18 12:00:00,915.0,637.0,959.9319412041284,1160.968640873016,1076.7469750388234,1092.2872,1018.9874
2025-09-18 13:00:00,873.0,755.0,964.731012862153,996.9650674603172,967.8974798330463,979.4497,1063.313
2025-09-18 14:00:00,1010.0,772.0,1063.5201296460405,1229.2328928571426,1212.4641795478187,1221.7913,1206.3383
2025-09-18 15:00:00,1329.0,1117.0,1246.6805494859514,1457.4543452380954,1415.5068646193135,1411.8423,1631.9077
2025-09-18 16:00:00,1738.0,1556.0,1582.1959180065933,1991.9050158730156,1810.3673054097499,1884.6345,1808.2664
2025-09-18 17:00:00,2665.0,2412.0,2104.0952126490047,2770.395777777777,2467.423651427697,2565.0544,2785.3604
2025-09-18 18:00:00,2356.0,1892.0,2184.1943103022295,2650.577926587301,2359.028500202375,2414.0188,2463.9722
2025-09-18 19:00:00,1713.0,1380.0,1755.8736722678489,1830.8318313492077,1845.860568265433,1892.4546,1814.1384
2025-09-18 20:00:00,1074.0,883.0,1277.3426226794413,1278.9123246753247,1225.5578924341212,1251.0574,1277.3456
2025-09-18 21:00:00,908.0,766.0,1038.2898924986807,1048.1541289682539,1021.8327547254682,1013.0309,1032.8816
2025-09-18 22:00:00,709.0,552.0,803.863828087779,815.3051686507933,776.2648096459961,793.3938,843.165
2025-09-18 23:00:00,475.0,254.0,485.2866734615607,529.684869047619,522.3046849122104,528.5148,516.7084
2025-09-19 00:00:00,215.0,134.0,349.8871901739373,249.94516071428555,250.15230345244757,258.76334,259.995
2025-09-19 01:00:00,117.0,61.0,141.92217628829712,132.08720039682538,140.2717127660918,134.86125,131.21988
2025-09-19 02:00:00,64.0,22.0,2.55759253572694,68.10839682539682,66.23485037285039,68.411674,72.375244
2025-09-19 03:00:00,31.0,21.0,0.0,31.60979761904763,30.738913120931038,29.981031,31.45868
2025-09-19 04:00:00,49.0,45.0,0.0,58.39966666666668,51.73305505249092,51.986042,58.82074
2025-09-19 05:00:00,164.0,168.0,142.8076984866455,205.50363095238092,201.01125628366438,205.52184,169.74118
2025-09-19 06:00:00,439.0,489.0,501.0602241289236,457.4498809523808,461.74141396845425,471.29428,501.76703
2025-09-19 07:00:00,1009.0,1215.0,1107.1505404320903,1091.911369047619,1093.394974131444,1053.0393,984.71796
2025-09-19 08:00:00,1592.0,1980.0,1597.138598423665,1699.558714285714,1645.3954384583706,1713.0935,1571.9363
2025-09-19 09:00:00,1111.0,1101.0,1440.943172755341,1565.8102738095245,1449.7513646237235,1371.59,1091.378
2025-09-19 10:00:00,841.0,733.0,1057.4104027846042,1010.7471666666668,1053.6293114484693,1040.977,952.1556
2025-09-19 11:00:00,912.0,690.0,975.807297492378,1032.680666666666,1021.4546639807844,1047.2152,1049.2458
2025-09-19 12:00:00,1106.0,915.0,1092.6588510150673,1222.2920714285715,1218.9232805588344,1247.5553,1219.3667
2025-09-19 13:00:00,1159.0,873.0,1125.5820122696032,1313.4487420634919,1279.031491779184,1298.8517,1315.6011
2025-09-19 14:00:00,1210.0,1010.0,1249.526332552083,1473.451343434344,1446.3720125684247,1480.0786,1531.9377
2025-09-19 15:00:00,1708.0,1329.0,1545.269049312037,2269.8555813492053,2023.280343195903,2038.9695,1882.6465
2025-09-19 16:00:00,1956.0,1738.0,1766.0480827208705,2293.21339484127,2049.285467183275,2040.0131,2155.3198
2025-09-19 17:00:00,2348.0,2665.0,2144.412578928632,2872.146630952382,2462.961073362145,2533.6208,2557.0923
2025-09-19 18:00:00,2137.0,2356.0,2139.278464355765,2392.737327380952,2303.0753363580548,2369.744,2222.2766
2025-09-19 19:00:00,1712.0,1713.0,1713.6785484917366,1721.6679339133088,1687.1574682580003,1678.2897,1815.2086
2025-09-19 20:00:00,1150.0,1074.0,1329.704266505832,1285.2398392857142,1248.5094878087325,1290.3096,1291.0195
2025-09-19 21:00:00,936.0,908.0,1037.62579087786,972.5457599206352,1005.7756413055362,1011.54236,1068.4174
2025-09-19 22:00:00,914.0,709.0,816.6938493443618,848.83996518759,819.2830741471469,794.5986,967.12134
2025-09-19 23:00:00,794.0,475.0,723.6727442062283,773.1131765873013,797.8615429006933,749.5254,742.89154
2025-09-20 00:00:00,553.0,215.0,780.472095914065,608.9882976190478,623.5957468859797,613.8698,558.5833
2025-09-20 01:00:00,327.0,117.0,443.2046626504391,339.2632261904761,330.7932212628481,338.7276,405.3385
2025-09-20 02:00:00,290.0,64.0,352.12686209548593,291.6732896825397,295.9381816745446,289.6648,211.58987
2025-09-20 03:00:00,91.0,31.0,118.91150150792447,110.07483928571433,121.46575560439507,133.7659,143.70877
2025-09-20 04:00:00,44.0,49.0,0.0,55.936809523809515,55.23645606207669,54.25884,70.51367
2025-09-20 05:00:00,78.0,164.0,0.0,90.10214880952381,83.46706961620738,78.28675,68.35083
2025-09-20 06:00:00,167.0,439.0,205.091178135004,207.1890416666667,207.09279823913405,201.02596,203.30994
2025-09-20 07:00:00,431.0,1009.0,697.3047722796075,572.0319047619049,555.5984263206797,562.84357,409.68872
2025-09-20 08:00:00,712.0,1592.0,1084.1156179954662,893.4310238095239,893.5779925593381,880.77124,812.7394
2025-09-20 09:00:00,1104.0,1111.0,1183.5023848965147,1170.51628968254,1184.6673597092472,1164.6362,1244.1425
2025-09-20 10:00:00,1376.0,841.0,1321.3354065513577,1574.6414940476184,1534.2539363800179,1546.4651,1507.9757
2025-09-20 11:00:00,1531.0,912.0,1365.9715739877406,1644.7516071428558,1604.3913383502463,1606.9612,1713.1398
2025-09-20 12:00:00,1644.0,1106.0,1458.4319287811836,1725.0006323953826,1736.3528688155839,1760.6493,1795.7401
2025-09-20 13:00:00,1679.0,1159.0,1446.3702943011435,1706.2643690476186,1713.75310090507,1708.466,1593.1376
2025-09-20 14:00:00,1873.0,1210.0,1477.5024591829517,1798.5839246031749,1736.746811648324,1774.3618,1538.5665
2025-09-20 15:00:00,1992.0,1708.0,1719.2152654839085,1976.017648809523,1963.1120233319798,2008.5941,1703.6976
2025-09-20 16:00:00,1771.0,1956.0,1777.653540449077,1937.5144880952366,1907.0236693210752,1924.5214,1917.5924
2025-09-20 17:00:00,1793.0,2348.0,1862.1611232134087,2000.7045654761903,1954.6620952529263,2005.0646,1862.4281
2025-09-20 18:00:00,1715.0,2137.0,1812.507306070509,1929.946484126984,1891.9492644352606,1916.3009,1711.3058
2025-09-20 19:00:00,1556.0,1712.0,1572.1302791933845,1544.3109940476193,1502.821710484397,1538.14,1434.029
2025-09-20 20:00:00,1143.0,1150.0,1275.1474835622857,1211.5804027777779,1259.954960157729,1257.3433,1181.1388
2025-09-20 21:00:00,917.0,936.0,1024.1851560527796,1016.170392857143,1032.063907124749,1004.37585,1003.1699
2025-09-20 22:00:00,842.0,914.0,867.2111669006235,786.505736111111,852.1726188921467,820.9848,872.0891
2025-09-20 23:00:00,744.0,794.0,752.3766588456411,726.994228174603,704.0364364989339,716.9653,724.19116
2025-09-21 00:00:00,547.0,553.0,796.0330594424723,572.6239285714287,592.9871571351955,595.81396,540.79474
2025-09-21 01:00:00,391.0,327.0,571.3570082167571,422.65780952380965,462.61697863315777,430.0969,432.0807
2025-09-21 02:00:00,252.0,290.0,408.16678517954256,308.77817261904767,300.7849691853744,301.50177,273.60162
2025-09-21 03:00:00,132.0,91.0,140.14248182169263,138.02121428571434,147.63452615549926,147.76498,172.23917
2025-09-21 04:00:00,56.0,44.0,0.0,63.92570833333331,64.53312642784326,60.933887,92.699585
2025-09-21 05:00:00,58.0,78.0,0.0,78.35288492063488,78.00550952187395,73.99693,73.12933
2025-09-21 06:00:00,129.0,167.0,67.36815081871612,157.38391666666658,160.29707067339945,155.77129,169.66827
2025-09-21 07:00:00,292.0,431.0,336.0594647998535,361.4091666666667,368.3231092352481,370.75415,323.80692
2025-09-21 08:00:00,443.0,712.0,581.1757875198024,554.8355714285713,531.8846090629293,548.48535,584.6196
2025-09-21 09:00:00,863.0,1104.0,952.2518946834598,940.8714365079368,970.2284992502305,986.07587,944.34424
2025-09-21 10:00:00,1297.0,1376.0,1305.2506607544528,1407.4099940476183,1420.0481671279447,1416.348,1377.6218
2025-09-21 11:00:00,1439.0,1531.0,1452.3688607658735,1586.1599781746017,1531.955744240423,1584.7449,1575.5209
2025-09-21 12:00:00,1580.0,1644.0,1519.4364134135112,1633.932535714286,1590.488476178298,1645.9285,1573.6946
2025-09-21 13:00:00,1574.0,1679.0,1557.859367321892,1665.7919206349206,1639.3296433252378,1652.9305,1714.0363
2025-09-21 14:00:00,1461.0,1873.0,1584.0619085536002,1651.8995158730154,1616.8623224071782,1659.7279,1810.6935
2025-09-21 15:00:00,1562.0,1992.0,1578.1629743364058,1627.3411210317458,1627.499175567939,1659.334,1780.1921
2025-09-21 16:00:00,1579.0,1771.0,1607.672756647814,1759.416350468976,1684.5217625970795,1688.9916,1665.6027
2025-09-21 17:00:00,1462.0,1793.0,1542.676580965933,1566.1120530303028,1551.2529340981125,1587.6948,1644.8937
2025-09-21 18:00:00,1301.0,1715.0,1479.7554326740665,1467.2760833333339,1442.4952600627032,1462.222,1330.1057
2025-09-21 19:00:00,971.0,1556.0,1240.9426735223533,1070.3419166666672,1050.020930016615,1095.1672,1026.6082
2025-09-21 20:00:00,650.0,1143.0,903.1555967135928,767.679994047619,765.6632567235174,788.11536,792.72437
2025-09-21 21:00:00,479.0,917.0,684.5200584005551,588.035761904762,576.3573716650957,585.6346,655.0508
2025-09-21 22:00:00,468.0,842.0,626.3964667663168,560.766986111111,536.3911540394969,532.86383,496.37567
2025-09-21 23:00:00,251.0,744.0,368.0794947946931,288.33123809523806,298.1336934828026,312.5946,350.2786
2025-09-22 00:00:00,154.0,547.0,351.55660884569414,181.14424999999991,175.83100987793844,174.51416,159.54941
2025-09-22 01:00:00,60.0,391.0,125.48163798442619,72.9132619047619,71.91193565826384,80.38814,75.524475
2025-09-22 02:00:00,19.0,252.0,9.800357868938818,34.23644246031744,25.55919205335401,25.906738,35.73535
2025-09-22 03:00:00,16.0,132.0,0.0,19.04760335497835,17.871787825433103,19.847147,15.018066
2025-09-22 04:00:00,39.0,56.0,0.0,42.31748809523807,37.367267039355305,38.675198,33.734436
2025-09-22 05:00:00,167.0,58.0,159.98232098027268,213.8182242063491,207.68782539587338,210.08565,137.28384
2025-09-22 06:00:00,455.0,129.0,489.20162110040843,528.0000515873015,532.5648881749938,536.2488,476.566
2025-09-22 07:00:00,1024.0,292.0,947.3514854472362,1205.5132341269834,1177.8386900744624,1177.4766,1067.0188
2025-09-22 08:00:00,1701.0,443.0,1401.2993958954276,2327.571253968254,2016.4126013423843,2071.9758,1763.9933
2025-09-22 09:00:00,958.0,863.0,1286.8195875591393,1027.9699047619047,1048.2638446103983,1046.1735,1155.3125
2025-09-22 10:00:00,617.0,1297.0,1014.1704254375594,759.0337619047615,740.001813016454,755.22534,723.274
2025-09-22 11:00:00,681.0,1439.0,1033.215268358993,940.3932261904764,893.3244135396744,928.7028,792.62
2025-09-22 12:00:00,848.0,1580.0,1072.1130257736697,952.097654761905,908.6151732080097,926.6955,939.43054
2025-09-22 13:00:00,927.0,1574.0,1181.1224976557883,1152.5840694444441,1121.4326463846992,1123.8406,947.0979
2025-09-22 14:00:00,884.0,1461.0,1129.754572178129,1008.7491666666666,1019.3731685705209,1025.7104,976.4838
2025-09-22 15:00:00,1297.0,1562.0,1390.136442313696,1635.354689935065,1501.9664919271872,1538.5211,1284.7996
2025-09-22 16:00:00,1722.0,1579.0,1640.399419545954,2268.1343075396826,1959.2521011524677,2001.93,1630.0742
2025-09-22 17:00:00,2548.0,1462.0,1862.6547799604627,2684.0961269841264,2448.120487499272,2439.1821,2404.0535
2025-09-22 18:00:00,2085.0,1301.0,1959.6210457921675,2497.784668650793,2339.4846695737624,2351.3535,2268.754
2025-09-22 19:00:00,1511.0,971.0,1558.8557878659428,1715.0361825396833,1669.6823718470282,1701.79,1680.7786
2025-09-22 20:00:00,957.0,650.0,1141.6540412173165,1139.784333333333,1104.4563060602409,1136.6252,1143.2051
2025-09-22 21:00:00,726.0,479.0,802.5396624850899,815.3474523809521,805.8929939084807,815.5809,879.6758
2025-09-22 22:00:00,509.0,468.0,580.612310043976,567.8360753968255,564.7838695933141,577.8713,590.08044
2025-09-22 23:00:00,233.0,251.0,250.2584126009346,288.3606547619047,279.7923333967545,300.17087,327.59827
2025-09-23 00:00:00,89.0,154.0,182.80922513645328,122.76188492063494,120.9650667187191,119.53158,145.55487
2025-09-23 01:00:00,48.0,60.0,32.61409587832907,56.28319642857144,52.783431027384985,54.443996,61.883728
2025-09-23 02:00:00,22.0,19.0,0.0,31.581041666666664,30.202323257371926,29.103945,34.143616
2025-09-23 03:00:00,17.0,16.0,0.0,21.494738095238098,18.263714422834244,17.329912,15.568909
2025-09-23 04:00:00,37.0,39.0,0.0,40.949529761904756,43.156428936354516,39.369778,39.39984
2025-09-23 05:00:00,186.0,167.0,174.8914580595697,195.70279166666663,200.0271135716874,192.7315,163.20535
2025-09-23 06:00:00,503.0,455.0,590.7271435420778,530.4462043650793,547.8282225076241,550.8062,529.2184
2025-09-23 07:00:00,1172.0,1024.0,1200.5817124912292,1327.3320019841274,1300.4770349787186,1322.5947,1250.1532
2025-09-23 08:00:00,1942.0,1701.0,1712.624433393394,2154.626238095238,2156.360932392081,2085.6785,1970.3824
2025-09-23 09:00:00,1058.0,958.0,1498.162853673201,1520.6675178571431,1383.1873359292094,1334.0742,1143.2266
2025-09-23 10:00:00,656.0,617.0,940.7800661722458,862.1983075396826,815.743974270542,870.23315,808.53253
2025-09-23 11:00:00,735.0,681.0,803.539804667028,775.4803412698411,760.4990124309695,781.72437,861.9933
2025-09-23 12:00:00,886.0,848.0,1006.2055787168927,1175.8220773809526,1057.9718190163674,1089.1549,968.4945
2025-09-23 13:00:00,896.0,927.0,1023.4268011136423,1070.2908194444437,1036.4785796511965,1056.8641,977.79846
2025-09-23 14:00:00,935.0,884.0,1066.1193656046205,1133.220734126984,1117.59519671972,1123.9376,1042.9581
2025-09-23 15:00:00,1420.0,1297.0,1333.9716473533667,1605.9320119047618,1547.3116184064484,1590.24,1519.6654
2025-09-23 16:00:00,1434.0,1722.0,1543.8272319431367,1670.1280317460319,1634.6260176388462,1674.3126,1849.1864
2025-09-23 17:00:00,2191.0,2548.0,1845.0655627388467,2260.7996845238094,2370.3518922306525,2416.132,2560.5808
2025-09-23 18:00:00,2007.0,2085.0,2021.90175192731,2521.9516230158724,2389.900389101679,2461.8022,1922.969
2025-09-23 19:00:00,1451.0,1511.0,1581.56616149202,1560.3014226190487,1535.9157770547554,1572.9247,1594.8
2025-09-23 20:00:00,983.0,957.0,1167.7503453557765,1105.2841626984125,1115.4156574056806,1113.1005,1063.3137
2025-09-23 21:00:00,774.0,726.0,881.5971246449178,833.1476666666663,855.5433279763453,837.9498,891.4862
2025-09-23 22:00:00,532.0,509.0,591.4651842289808,568.357490079365,569.0367262217283,584.9528,631.66077
2025-09-23 23:00:00,217.0,233.0,200.3231489793414,252.44721428571418,248.9771678519611,260.89407,271.5459
2025-09-24 00:00:00,112.0,89.0,183.97051848716922,133.0191468253969,129.7017263981639,132.18564,117.45773
2025-09-24 01:00:00,35.0,48.0,36.09692413772461,52.644001984127,50.96572722691001,51.063797,68.557434
2025-09-24 02:00:00,20.0,22.0,0.0,27.61988095238095,25.835768907879064,29.784294,24.136475
2025-09-24 03:00:00,12.0,17.0,0.0,19.448202380952388,18.831559252111973,15.975208,27.11316
2025-09-24 04:00:00,40.0,37.0,0.0,49.837627164502166,51.32479249952818,46.95632,44.22931
2025-09-24 05:00:00,174.0,186.0,181.93862369611747,206.49165674603162,198.57621682542919,203.79842,189.6094
2025-09-24 06:00:00,497.0,503.0,621.0273405805024,567.439367063492,594.8574729091664,591.7574,566.54144
2025-09-24 07:00:00,1144.0,1172.0,1227.9991950564226,1290.3155892857142,1317.818121043582,1335.906,1386.1726
2025-09-24 08:00:00,1976.0,1942.0,1739.2371903131368,2060.2563869047617,2113.367593768687,2142.0632,1915.4918
2025-09-24 09:00:00,1146.0,1058.0,1542.9937723332928,1597.5905000000002,1520.7529026291866,1436.274,1128.8757
2025-09-24 10:00:00,680.0,656.0,994.7907205774552,896.2117499999996,873.2864448984473,925.63715,805.3666
2025-09-24 11:00:00,689.0,735.0,834.2128917094135,804.0238571428569,792.6548425380223,814.93713,884.51404
2025-09-24 12:00:00,878.0,886.0,987.94714754855,1099.2441011904762,1013.3273482169296,1053.5016,1023.1534
2025-09-24 13:00:00,893.0,896.0,1037.763063849153,1140.0726309523814,1110.3393419653594,1097.879,1036.4563
2025-09-24 14:00:00,973.0,935.0,1099.3681855955942,1296.139861111111,1225.2394155304248,1254.9675,1123.2853
2025-09-24 15:00:00,1354.0,1420.0,1342.7333467756189,1566.641339105339,1496.9868839286414,1512.1018,1547.4624
2025-09-24 16:00:00,1544.0,1434.0,1466.437321758996,1770.369142316017,1676.3095014375378,1676.6372,1795.174
2025-09-24 17:00:00,2207.0,2191.0,1829.458571084821,2423.9783679653683,2297.707060033046,2368.693,2445.2788
2025-09-24 18:00:00,1766.0,2007.0,1831.498684319257,1941.891430555556,1928.5849705930666,1928.629,2108.699
2025-09-24 19:00:00,1286.0,1451.0,1417.067164773163,1352.2108901515146,1348.8360139240494,1369.6912,1332.0803
2025-09-24 20:00:00,1018.0,983.0,1115.4282198679089,1052.3191666666667,1045.260758512421,1062.6907,907.4032
2025-09-24 21:00:00,775.0,774.0,898.1571021072509,841.9413611111107,826.8845796193239,862.64136,848.59326
2025-09-24 22:00:00,576.0,532.0,662.7651925074177,602.388612914863,604.1205617956686,620.98175,638.64966
2025-09-24 23:00:00,291.0,217.0,294.0715615790508,321.245378968254,339.8056611425756,336.7485,361.2276
2025-09-25 00:00:00,139.0,112.0,227.81531935456144,153.15124404761903,166.7136935075744,164.83553,160.65738
2025-09-25 01:00:00,75.0,35.0,81.03923471721089,89.56897222222221,87.64366287355158,80.55809,72.32172
2025-09-25 02:00:00,25.0,20.0,0.0,35.84069642857141,32.98561875575275,28.983095,39.14734
2025-09-25 03:00:00,23.0,12.0,0.0,31.962509920634925,32.41990367049863,30.082096,11.244629
2025-09-25 04:00:00,46.0,40.0,0.0,49.670809523809524,48.1318199594197,48.00149,67.35736
2025-09-25 05:00:00,169.0,174.0,161.2124922598477,197.10361309523813,198.48328962065784,194.31906,155.84329
2025-09-25 06:00:00,464.0,497.0,571.0407812766579,523.3001388888889,535.4886600031904,523.6746,396.8766
2025-09-25 07:00:00,494.0,1144.0,799.3369649537103,573.9745238095237,625.3311093831209,613.44904,1095.9954
2025-09-25 08:00:00,691.0,1976.0,1125.7643561304005,883.0511190476193,927.8591550342471,905.7446,1168.1805
2025-09-25 09:00:00,822.0,1146.0,1076.142032936567,1082.6270894660895,1047.0733712818512,1032.366,490.18594
2025-09-25 10:00:00,606.0,680.0,829.9544059135496,808.7241190476191,753.4820698538558,767.90326,635.38696
2025-09-25 11:00:00,631.0,689.0,781.5250390663821,788.1829674908423,774.4801406189509,790.31274,747.43445
2025-09-25 12:00:00,729.0,878.0,869.629973909862,874.9795376984126,875.9094234140894,862.12805,949.71875
2025-09-25 13:00:00,737.0,893.0,901.3627927006053,896.2671031746034,866.0751618900567,880.7823,1070.4888
2025-09-25 14:00:00,878.0,973.0,1040.730077979998,1155.1350476190476,1060.1806792082573,1086.4806,1133.8445
2025-09-25 15:00:00,1265.0,1354.0,1330.2367674644938,1551.0995983044725,1490.6437617700478,1502.9597,1516.7031
2025-09-25 16:00:00,1666.0,1544.0,1596.2731514246502,2151.3149067460313,1899.185917202001,1949.8184,1804.1827
2025-09-25 17:00:00,2466.0,2207.0,1967.2915394062754,2596.8666051587297,2410.982762119931,2483.2063,2449.3284
2025-09-25 18:00:00,2068.0,1766.0,2010.3481371679363,2365.9510634920634,2244.3181763201283,2278.37,2069.7993
2025-09-25 19:00:00,1506.0,1286.0,1607.9333303706198,1593.4454107142863,1659.1404432424417,1660.1547,1574.632
2025-09-25 20:00:00,1095.0,1018.0,1284.7187989491586,1198.819027777778,1236.4472155895378,1247.1044,1136.7532
2025-09-25 21:00:00,768.0,775.0,908.081548255733,853.9065515873011,847.5846338364726,875.7017,998.5243
2025-09-25 22:00:00,652.0,576.0,760.7485594907441,783.1661486291487,746.5517049530653,751.5644,656.5683
2025-09-25 23:00:00,428.0,291.0,480.6474239435488,525.0414345238095,496.30443200190535,498.53354,472.98975
2025-09-26 00:00:00,220.0,139.0,368.9790017920325,256.82852777777765,258.4442565536379,265.42294,210.34189
2025-09-26 01:00:00,126.0,75.0,146.28356790392257,129.91781547619053,128.0156896381302,120.440674,124.47354
2025-09-26 02:00:00,66.0,25.0,13.99680624046698,72.9996130952381,72.65128728472247,75.12493,64.875854
2025-09-26 03:00:00,30.0,23.0,0.0,40.56864880952382,39.885091544729434,38.616615,28.504639
2025-09-26 04:00:00,40.0,46.0,0.0,46.102486111111105,44.47815026801004,48.109917,66.554504
2025-09-26 05:00:00,164.0,169.0,145.12918311814133,194.3920357142857,197.66133853270267,192.25406,158.06363
2025-09-26 06:00:00,442.0,464.0,533.1960581164766,506.23509126984135,517.2687837228432,513.24457,461.05554
2025-09-26 07:00:00,973.0,494.0,966.9711410053667,1130.8239404761903,1108.9389182798757,1114.3949,948.101
2025-09-26 08:00:00,1520.0,691.0,1294.0281626475708,1704.668083333333,1560.890902278818,1661.2771,1561.3909
2025-09-26 09:00:00,1114.0,822.0,1300.4104721984368,1239.719392857143,1274.3410942603045,1235.2423,1110.334
2025-09-26 10:00:00,774.0,606.0,978.5701234183614,942.3875575396825,930.888244551093,977.55084,952.31665
2025-09-26 11:00:00,930.0,631.0,974.0636324777945,1090.9634999999998,1080.367853919844,1071.6047,1017.6428
2025-09-26 12:00:00,1081.0,729.0,1086.8106829839712,1327.2717658730162,1276.6179509856631,1280.6676,1200.3511
2025-09-26 13:00:00,1176.0,737.0,1184.9702788065879,1505.6261924603175,1436.837723142413,1494.2035,1306.9597
2025-09-26 14:00:00,1175.0,878.0,1245.285379254176,1525.5433791486294,1506.887234101058,1515.164,1584.9846
2025-09-26 15:00:00,1576.0,1265.0,1515.4034154799147,2206.0478988095233,1951.0328035293537,1907.5952,1934.0685
2025-09-26 16:00:00,1854.0,1666.0,1720.7981780282873,2293.5381488095236,2087.4320674405867,2064.56,2161.9443
2025-09-26 17:00:00,2202.0,2466.0,2055.649601438035,2766.814333333333,2382.22989370766,2459.6448,2552.0503
2025-09-26 18:00:00,2129.0,2068.0,1977.8032191448945,2275.6978968253966,2164.4693104265575,2236.915,2136.5103
2025-09-26 19:00:00,1573.0,1506.0,1642.6065828316232,1665.862279761905,1672.9526064870063,1665.8301,1641.622
2025-09-26 20:00:00,1066.0,1095.0,1228.438547949923,1205.3268376623375,1188.7630945056374,1200.712,1179.3806
2025-09-26 21:00:00,898.0,768.0,990.6667261753389,998.7278174603175,984.6010624611562,991.3855,1017.54974
2025-09-26 22:00:00,848.0,652.0,848.3889034326397,846.1039583333335,867.6654069778937,853.34125,929.453
2025-09-26 23:00:00,809.0,428.0,679.8529330750396,729.9707321428572,751.375270229055,703.0816,758.55334
2025-09-27 00:00:00,549.0,220.0,716.372112427182,553.8257857142856,575.5194091810414,571.84814,523.90936
2025-09-27 01:00:00,371.0,126.0,502.67904521924515,410.8273452380953,422.0734245529464,407.15414,356.24377
2025-09-27 02:00:00,211.0,66.0,262.3517354136543,220.35379166666658,217.70112587711213,221.14241,222.06113
2025-09-27 03:00:00,127.0,30.0,102.48147946881636,131.15820238095236,129.7951674885462,126.25438,114.96283
2025-09-27 04:00:00,54.0,40.0,0.0,57.2136388888889,59.00789926484729,58.829937,72.76947
2025-09-27 05:00:00,73.0,164.0,0.0,83.12234325396828,79.13383832509945,76.73574,84.04315
2025-09-27 06:00:00,161.0,442.0,170.5556003417596,170.877,172.06796593467743,169.52031,190.5788
2025-09-27 07:00:00,347.0,973.0,561.9804932107728,412.0874722222221,440.3943482352733,433.1245,390.58813
2025-09-27 08:00:00,659.0,1520.0,1001.616422365126,816.9103809523805,822.0583346020024,821.7119,728.3924
2025-09-27 09:00:00,1033.0,1114.0,1135.5671863832406,1103.4787222222221,1106.6554016608372,1104.015,1167.6973
2025-09-27 10:00:00,1266.0,774.0,1176.7731736162589,1329.7047738095239,1313.1979587963444,1302.7687,1434.2385
2025-09-27 11:00:00,1360.0,930.0,1300.9662655769948,1459.3181706349199,1443.1717724722305,1509.9795,1597.1135
2025-09-27 12:00:00,1284.0,1081.0,1318.7554249226218,1479.1554523809527,1486.258607817765,1475.2365,1621.4982
2025-09-27 13:00:00,1425.0,1176.0,1347.9203501740653,1486.0112757936506,1477.4472104056479,1530.6887,1620.2427
2025-09-27 14:00:00,1177.0,1175.0,1253.4046410525848,1307.820489718614,1303.1358602414757,1324.5516,1620.8342
2025-09-27 15:00:00,826.0,1576.0,1167.8009313670218,1065.7988046536793,1084.2122802095716,1096.05,1516.4181
2025-09-27 16:00:00,1014.0,1854.0,1261.612930841059,1207.3177678571428,1192.3731355666043,1178.298,1304.1301
2025-09-27 17:00:00,1034.0,2202.0,1320.6146186799979,1064.1887500000003,1124.483772299138,1119.43,1293.9241
2025-09-27 18:00:00,1051.0,2129.0,1380.0345486784763,1220.375712121212,1200.803208986237,1178.6683,1102.5365
2025-09-27 19:00:00,654.0,1573.0,987.9738775665776,767.8812252886001,759.3032088744428,791.55853,970.0058
2025-09-27 20:00:00,377.0,1066.0,587.9045094470958,468.98818253968267,476.15097017640744,475.49112,685.58905
2025-09-27 21:00:00,475.0,898.0,602.6150662484288,548.6093531746034,530.5867515502258,538.54266,536.9773
2025-09-27 22:00:00,584.0,848.0,663.0382567988711,576.5225853174602,595.8748741125785,595.21655,568.25854
2025-09-27 23:00:00,622.0,809.0,723.422138789322,650.9951369047619,652.2532384460907,658.9601,505.60526
2025-09-28 00:00:00,468.0,549.0,722.291322888516,456.584126984127,471.50419475925514,474.4851,437.6394
2025-09-28 01:00:00,317.0,371.0,540.2848685689376,367.0161845238097,369.8656022071462,346.77258,320.0547
2025-09-28 02:00:00,223.0,211.0,347.997257321051,262.4227202380952,246.18356127088245,240.64136,209.70782
2025-09-28 03:00:00,105.0,127.0,127.86286337657634,105.62009920634921,111.90811308314869,113.929695,119.65036
2025-09-28 04:00:00,65.0,54.0,0.0,66.0939384920635,66.69930791777914,65.77705,60.848145
2025-09-28 05:00:00,54.0,73.0,0.0,64.05856547619048,61.61176255476933,62.718807,84.41992
2025-09-28 06:00:00,120.0,161.0,76.46229689354584,147.71569047619047,140.45423672292767,138.57083,126.461975
2025-09-28 07:00:00,248.0,347.0,314.59753052086523,310.96062698412703,313.24383177520707,310.49304,281.84225
2025-09-28 08:00:00,533.0,659.0,668.0770219192941,571.1571230158733,591.2163503021727,591.1962,540.5424
2025-09-28 09:00:00,910.0,1033.0,990.122785325274,895.1795238095236,936.7302666103906,929.76013,996.6587
2025-09-28 10:00:00,1338.0,1266.0,1406.1812223596066,1592.337057539683,1498.8266251725588,1573.6377,1313.1653
2025-09-28 11:00:00,1565.0,1360.0,1482.0812189834633,1516.2291249999994,1525.0778287342987,1555.6323,1631.9315
2025-09-28 12:00:00,1800.0,1284.0,1617.1604217303625,1973.5377261904755,1904.395394783217,1892.3898,1686.5428
2025-09-28 13:00:00,1649.0,1425.0,1630.168620182381,1793.4135337301586,1771.2909740584475,1780.6375,1773.7372
2025-09-28 14:00:00,1703.0,1177.0,1515.196582075883,1741.0069444444441,1691.497419652696,1716.7618,1786.9397
2025-09-28 15:00:00,1710.0,826.0,1469.4853991771606,1802.0532142857146,1761.502156319251,1773.5151,1746.5618
2025-09-28 16:00:00,1591.0,1014.0,1489.0332560665406,1753.75128968254,1697.6073975007182,1697.4147,1735.5782
2025-09-28 17:00:00,1675.0,1034.0,1489.7309362053556,1719.7602857142858,1734.4872522892185,1725.1008,1655.6945
2025-09-28 18:00:00,1485.0,1051.0,1480.2499486889851,1635.456801587302,1547.3461057317545,1614.9081,1511.0577
2025-09-28 19:00:00,1037.0,654.0,1127.4093924900649,1143.5710119047617,1098.2798614488345,1175.0154,1290.8317
2025-09-28 20:00:00,756.0,377.0,812.9718732738336,849.2033214285713,868.2866893145278,877.38763,889.61035
2025-09-28 21:00:00,574.0,475.0,684.7484093255367,708.2636726190478,698.9361748864466,711.39355,706.75824
2025-09-28 22:00:00,459.0,584.0,597.0066130479604,591.913234126984,585.2483250286414,578.5435,500.96027
2025-09-28 23:00:00,252.0,622.0,407.6059968629203,388.8382202380951,371.57283676903734,374.38013,315.0593
2025-09-29 00:00:00,142.0,468.0,321.11168695759415,177.28322619047617,179.84675016615245,175.22046,167.61566
2025-09-29 01:00:00,48.0,317.0,96.04526493550043,70.01925757575758,66.86203850896413,73.64288,77.151794
2025-09-29 02:00:00,31.0,223.0,0.0,41.13276659451658,39.66448603272162,41.73388,40.26593
2025-09-29 03:00:00,26.0,105.0,0.0,36.266412698412694,33.38821431186585,34.98063,29.452637
2025-09-29 04:00:00,34.0,65.0,0.0,47.54068055555555,42.46831805957134,44.38301,56.14148
2025-09-29 05:00:00,156.0,54.0,112.67432846045313,190.90645833333332,187.7885043580157,183.0737,161.41464
2025-09-29 06:00:00,429.0,120.0,480.30170572626685,469.3856507936507,509.2498817551125,510.0793,463.5197
2025-09-29 07:00:00,1091.0,248.0,967.5372370108971,1191.5179702380954,1209.2684114469182,1228.4783,1048.6763
2025-09-29 08:00:00,1714.0,533.0,1316.4739585935336,1780.4815833333334,1800.9435176667466,1777.1992,1702.7185
2025-09-29 09:00:00,954.0,910.0,1338.3816291365033,1118.0212440476196,1107.1346527654796,1097.8619,1019.6653
2025-09-29 10:00:00,662.0,1338.0,1046.047425734448,860.3227103174602,811.7065056475392,833.1009,746.636
2025-09-29 11:00:00,694.0,1565.0,978.3642663520823,789.4660725108225,779.8014702643422,788.2094,828.5478
2025-09-29 12:00:00,858.0,1800.0,1102.077129373355,964.1794742063497,920.6218798729661,948.6033,935.82996
2025-09-29 13:00:00,891.0,1649.0,1228.2071805152054,1214.913035714286,1186.4298555430948,1202.7225,956.5707
2025-09-29 14:00:00,846.0,1703.0,1205.2231947640148,1155.9959543650791,1145.2071980157934,1125.5414,1034.555
2025-09-29 15:00:00,1352.0,1710.0,1434.8615903918108,1838.871327380952,1638.0139606269527,1649.3033,1307.1238
2025-09-29 16:00:00,1571.0,1591.0,1545.8468113959098,1855.271101731602,1708.9247572558345,1739.018,1718.2576
2025-09-29 17:00:00,2430.0,1675.0,1797.5956431837164,2595.2070753968246,2344.85990263102,2330.0813,2340.3052
2025-09-29 18:00:00,2004.0,1485.0,1853.609767764129,2143.4306428571426,2156.3781427854024,2186.0605,2079.1797
2025-09-29 19:00:00,1438.0,1037.0,1537.5882771813008,1722.276773809525,1687.8564479379431,1698.5594,1442.6814
2025-09-29 20:00:00,890.0,756.0,1016.116555530783,1004.5505694444446,963.3363705128228,959.70276,1081.9326
2025-09-29 21:00:00,693.0,574.0,794.8320373410141,810.8808154761904,759.1707267655495,795.9875,786.2015
2025-09-29 22:00:00,449.0,459.0,559.8668971548996,553.8831369047618,531.3660607703341,548.3982,559.20807
2025-09-29 23:00:00,227.0,252.0,166.22857693712456,239.20167207792198,228.94110475346758,243.17293,303.012
2025-09-30 00:00:00,100.0,142.0,202.82183701132988,134.68589285714287,141.9459924275236,140.64078,123.63214
2025-09-30 01:00:00,46.0,48.0,53.802901531960856,64.26960119047618,62.24386179105958,56.245613,67.362
2025-09-30 02:00:00,25.0,31.0,0.0,28.062976190476185,28.344390273355668,24.625858,37.83075
2025-09-30 03:00:00,9.0,26.0,0.0,10.648535714285718,11.343348499864966,11.484361,17.225952
2025-09-30 04:00:00,47.0,34.0,0.0,50.00046230158732,55.53074389388189,47.95093,45.201355
2025-09-30 05:00:00,170.0,156.0,171.07512086705515,211.81958928571427,199.12319426044957,200.53438,168.6087
2025-09-30 06:00:00,450.0,429.0,548.723894779025,493.68820436507923,516.5649542440616,516.842,502.3418
2025-09-30 07:00:00,1182.0,1091.0,1217.000339373356,1321.7992738095238,1285.226284646922,1297.1068,1198.5786
2025-09-30 08:00:00,2139.0,1714.0,1756.571051248267,2308.6549464285713,2217.6975334703557,2167.6013,2026.4235
2025-09-30 09:00:00,1157.0,954.0,1569.1606528677107,1637.4092440476193,1571.5753953487324,1446.5537,1229.4303
2025-09-30 10:00:00,658.0,662.0,953.0920736301837,844.607619047619,815.0003883157239,862.8113,849.7169
2025-09-30 11:00:00,675.0,694.0,810.2857984078914,841.1258726551227,803.7673288784974,828.5058,845.685
2025-09-30 12:00:00,796.0,858.0,918.0300452757023,1003.2901785714284,950.1893232652001,942.82965,970.30963
2025-09-30 13:00:00,856.0,891.0,992.7533693145838,1052.0482876984127,1047.8260880020734,1033.6367,993.60254
2025-09-30 14:00:00,922.0,846.0,1064.5181119786848,1214.7398829365077,1137.3895786665728,1171.6364,1083.02
2025-09-30 15:00:00,1282.0,1352.0,1371.7187352296155,1745.3210183982678,1598.5173909291718,1646.942,1568.3687
2025-09-30 16:00:00,1756.0,1571.0,1577.8842879808303,2044.7139563492062,1866.4722521003855,1970.798,1973.7224
2025-09-30 17:00:00,2689.0,2430.0,2058.5429693112246,2711.6897539682536,2511.019115226357,2576.1108,2562.4072
2025-09-30 18:00:00,2182.0,2004.0,2122.8182660115963,2404.2871488095248,2316.8015270789306,2317.2573,2219.2207
2025-09-30 19:00:00,1542.0,1438.0,1683.2816464726234,1651.5053273809526,1630.2033184154654,1697.7152,1591.4175
2025-09-30 20:00:00,971.0,890.0,1171.9945431244123,1135.7960416666667,1094.2817839162874,1105.7104,1171.0281
2025-09-30 21:00:00,862.0,693.0,927.6480956132448,925.0644424603175,919.7800024537933,897.97253,918.1594
2025-09-30 22:00:00,652.0,449.0,709.4977227218179,687.3745853174602,674.8149318715775,686.3017,675.6162
2025-09-30 23:00:00,311.0,227.0,383.3888560269455,405.0417916666667,395.60956764756946,409.5704,386.40237
2025-10-01 00:00:00,145.0,100.0,271.3914618642602,179.3490416666666,178.6947967535642,180.45407,180.65231
2025-10-01 01:00:00,60.0,46.0,71.47101789884334,70.561,72.04813958867997,73.76586,74.86359
2025-10-01 02:00:00,21.0,25.0,0.0,31.878347222222228,33.64240808724691,30.255842,29.618958
2025-10-01 03:00:00,15.0,9.0,91.23669634215958,16.84507142857142,26.58989991073389,28.58097,12.782593
2025-10-01 04:00:00,50.0,47.0,0.0,58.38889087301589,56.02731742331388,56.06847,27.20221
2025-10-01 05:00:00,152.0,170.0,145.99169565916463,168.2700966117216,170.9847160629632,160.60707,110.81589
2025-10-01 06:00:00,462.0,450.0,544.6919700498767,485.8023234126984,516.9346900775954,502.83435,447.95456
2025-10-01 07:00:00,1133.0,1182.0,1233.2651065113791,1295.7656011904758,1296.7946986563863,1334.6195,1242.2141
2025-10-01 08:00:00,2075.0,2139.0,1883.9033867452151,2400.816359126984,2332.6283787790276,2369.074,2062.4282
2025-10-01 09:00:00,1187.0,1157.0,1611.418801395675,1581.3880357142853,1511.7151494815828,1453.5454,1241.8176
2025-10-01 10:00:00,769.0,658.0,1083.9169614324062,984.5063690476188,964.8127469087735,1016.32074,818.02136
2025-10-01 11:00:00,873.0,675.0,1069.6349519898365,1250.3155634920638,1170.1138556681644,1222.6038,890.51636
2025-10-01 12:00:00,989.0,796.0,1086.8333850265453,1279.6733551587306,1234.9159338528066,1249.5736,1088.2739
2025-10-01 13:00:00,1008.0,856.0,1141.1412962886768,1354.7451150793654,1267.5000091790585,1286.5629,1082.334
2025-10-01 14:00:00,1071.0,922.0,1223.149881384278,1486.8395277777784,1407.9298246754677,1458.8975,1193.5842
2025-10-01 15:00:00,1345.0,1282.0,1380.248136326743,1641.3979821428566,1568.6397143985007,1616.067,1716.3704
2025-10-01 16:00:00,1805.0,1756.0,1711.755934895422,2374.418035714286,2109.833233731944,2132.2163,1976.7587
2025-10-01 17:00:00,2780.0,2689.0,2176.7553171369955,2899.63538095238,2614.4453020848628,2654.738,2853.8723
2025-10-01 18:00:00,2265.0,2182.0,2265.0572439963807,2601.520890873014,2404.6541655762535,2452.069,2273.8242
2025-10-01 19:00:00,1563.0,1542.0,1723.406714852476,1733.3448690476187,1749.1271507449362,1746.2129,1670.1781
2025-10-01 20:00:00,1051.0,971.0,1229.592592984619,1188.9924345238096,1200.0374784986068,1180.3114,1177.6294
2025-10-01 21:00:00,896.0,862.0,974.8079180297032,950.7450674603173,954.4477423941457,943.5448,952.3032
2025-10-01 22:00:00,629.0,652.0,749.2294639804153,686.0148015873015,702.5049585239312,707.0598,708.2314
2025-10-01 23:00:00,374.0,311.0,416.77507658224846,449.87252380952384,431.78865885456844,452.60876,408.87488
2025-10-02 00:00:00,146.0,145.0,318.8453274320311,196.7304047619048,213.44544989982145,216.81042,177.08072
2025-10-02 01:00:00,55.0,60.0,52.523174877107294,77.65676785714285,83.06290511689485,82.70322,79.70227
2025-10-02 02:00:00,43.0,21.0,0.0,54.18248214285713,51.778518280966985,49.912735,22.427002
2025-10-02 03:00:00,22.0,15.0,0.0,29.845283730158723,30.047527201630842,28.567545,16.591675
2025-10-02 04:00:00,30.0,50.0,0.0,32.94178084415584,33.24619457076541,36.783047,47.96747
2025-10-02 05:00:00,165.0,152.0,166.74559185855958,208.29093452380945,206.07887935116892,206.94339,152.34396
2025-10-02 06:00:00,424.0,462.0,530.7381680117887,479.8454841269839,510.0337841596688,508.6319,500.87262
2025-10-02 07:00:00,994.0,1133.0,1111.97113468866,1193.512349206349,1174.9684123867878,1190.7402,1195.1449
2025-10-02 08:00:00,1804.0,2075.0,1695.488995309657,2069.073505952382,2068.406403903256,2127.8765,1888.7233
2025-10-02 09:00:00,1163.0,1187.0,1549.931729537226,1707.0419424603178,1612.5641271329723,1543.168,1144.2139
2025-10-02 10:00:00,766.0,769.0,1088.2759097638318,1018.7944702380946,1029.523636635794,1064.8097,828.0602
2025-10-02 11:00:00,747.0,873.0,933.9190632042798,886.8541011904761,887.7295217279393,900.3526,911.74695
2025-10-02 12:00:00,988.0,989.0,1097.9980269207535,1245.3372956349203,1179.4059472920733,1213.0537,1065.8918
2025-10-02 13:00:00,995.0,1008.0,1082.06353574595,1125.041106782107,1079.2026785509527,1104.1777,1112.5287
2025-10-02 14:00:00,1085.0,1071.0,1183.6944051251935,1289.403936507937,1277.4677778053795,1278.1547,1231.4908
2025-10-02 15:00:00,1288.0,1345.0,1361.259479638434,1530.292591269841,1536.351842014448,1539.6288,1673.987
2025-10-02 16:00:00,1752.0,1805.0,1677.730495830748,2301.270136904762,1983.5473702622394,2034.9324,1864.0554
2025-10-02 17:00:00,2694.0,2780.0,2167.6324714002812,2911.957541666665,2564.579095751006,2611.5535,2658.0686
2025-10-02 18:00:00,2259.0,2265.0,2193.538405305935,2471.0140257936505,2305.4367952165235,2365.9763,2268.4365
2025-10-02 19:00:00,1608.0,1563.0,1730.5988134152728,1759.4011190476192,1757.7491669256447,1775.7509,1632.7427
2025-10-02 20:00:00,989.0,1051.0,1195.6817998555534,1112.767547619048,1098.5579103797877,1139.6499,1182.9412
2025-10-02 21:00:00,886.0,896.0,1032.762690003264,1006.660406746032,999.6157201751759,985.6555,924.8319
2025-10-02 22:00:00,680.0,629.0,773.6619849767537,715.57573015873,718.7513099612413,733.4133,802.77563
2025-10-02 23:00:00,386.0,374.0,424.3487527378994,417.2362619047617,434.1490119945282,444.26163,496.7696
2025-10-03 00:00:00,233.0,146.0,360.04454808206896,260.19836309523805,255.16977514152705,259.38043,211.45316
2025-10-03 01:00:00,104.0,55.0,152.03294240955807,138.00782142857142,149.48855145244252,145.14995,122.354706
2025-10-03 02:00:00,63.0,43.0,24.604996997669673,82.31375000000001,79.53717483937743,76.679695,62.881958
2025-10-03 03:00:00,26.0,22.0,0.0,33.66070238095237,35.29324419604249,31.45906,38.212097
2025-10-03 04:00:00,46.0,30.0,0.0,46.584553571428586,45.88709796678738,45.083107,46.4657
2025-10-03 05:00:00,163.0,165.0,133.09637532231227,198.5064603174603,194.5663272662648,192.7508,140.76202
2025-10-03 06:00:00,395.0,424.0,452.28448457135016,434.2454954906206,471.0445396361464,459.80698,472.64554
2025-10-03 07:00:00,877.0,994.0,1001.0355883926159,1051.9525813492066,1027.2018625047112,1067.4368,988.5866
2025-10-03 08:00:00,1457.0,1804.0,1483.1244295929318,1672.5604047619051,1578.4270600345167,1652.4031,1528.178
2025-10-03 09:00:00,1051.0,1163.0,1416.740637361645,1637.409438492064,1449.2504747170321,1457.9769,1026.4324
2025-10-03 10:00:00,883.0,766.0,1089.8948348816393,1219.421136724386,1119.5950115156165,1119.691,935.9416
2025-10-03 11:00:00,979.0,747.0,1084.3050039031934,1275.44721031746,1233.7208690595212,1263.8552,1078.8672
2025-10-03 12:00:00,1201.0,988.0,1172.869785971328,1250.835267857143,1330.9003074431744,1310.6371,1259.6821
2025-10-03 13:00:00,1247.0,995.0,1247.4281167830404,1445.5815257936506,1420.2619388709843,1451.032,1352.3943
2025-10-03 14:00:00,1364.0,1085.0,1402.4536534200947,1951.1861964285717,1778.8540941497135,1792.4174,1595.5625
2025-10-03 15:00:00,1724.0,1288.0,1524.1465227629185,2058.7345753968248,1964.0036984508238,1931.8971,1963.9333
2025-10-03 16:00:00,1902.0,1752.0,1825.8155045703206,2473.328892857143,2226.958433739411,2203.6587,2150.7642
2025-10-03 17:00:00,2372.0,2694.0,2119.0604232433643,2832.1494166666685,2471.297793637957,2506.959,2435.8877
2025-10-03 18:00:00,2095.0,2259.0,2138.1230111933583,2438.5939821428574,2275.58827447133,2308.8132,2058.8179
2025-10-03 19:00:00,1490.0,1608.0,1674.8465255455812,1735.1109623015864,1737.4044505927795,1715.8351,1658.7885
2025-10-03 20:00:00,1034.0,989.0,1158.0030413977,1176.186511904762,1139.7318523079534,1140.3817,1176.8094
2025-10-03 21:00:00,890.0,886.0,861.0390738413871,846.544482142857,829.0323503190303,827.58,981.4851
2025-10-03 22:00:00,768.0,680.0,796.0333673292304,783.5822667748918,807.4972745042545,797.19385,846.47986
2025-10-03 23:00:00,694.0,386.0,648.0331554417967,721.9427826479081,731.6915086728976,695.4369,722.67035
2025-10-04 00:00:00,467.0,233.0,665.7247931053581,512.9522646103895,525.4653173841422,518.6492,535.7655
2025-10-04 01:00:00,319.0,104.0,378.8875927434554,287.92533730158726,287.99579647469324,284.00778,366.35077
2025-10-04 02:00:00,226.0,63.0,259.352854353609,219.11621626984117,217.4041073791044,215.48448,187.9317
2025-10-04 03:00:00,74.0,26.0,71.08888183339081,107.11975992063493,111.64879997286907,105.28953,116.80838
2025-10-04 04:00:00,42.0,46.0,0.0,53.175505952380945,52.48443864330658,52.50007,53.12274
2025-10-04 05:00:00,78.0,163.0,0.0,91.95889880952386,86.85420088975972,86.61133,70.463684
2025-10-04 06:00:00,148.0,395.0,184.83662915941403,185.50729761904753,181.95046855978902,181.25166,175.14511
2025-10-04 07:00:00,330.0,877.0,492.1350193991118,374.43024188311705,395.52150424181747,395.6465,391.20667
2025-10-04 08:00:00,554.0,1457.0,891.1181822915396,725.6761547619051,706.5348212465772,709.3734,676.147
2025-10-04 09:00:00,1097.0,1051.0,1146.914634512066,1235.17125,1256.9917155355627,1254.8108,1088.473
2025-10-04 10:00:00,1370.0,883.0,1330.3081307968594,1589.88201984127,1545.4058202102644,1608.88,1486.4304
2025-10-04 11:00:00,1583.0,979.0,1454.8517661272017,1759.9300084776335,1714.2751500729241,1761.5199,1721.8978
2025-10-04 12:00:00,1795.0,1201.0,1599.2770495402801,2030.2486309523802,1927.8172790465285,1933.5964,1875.7695
2025-10-04 13:00:00,1916.0,1247.0,1657.6016203063612,2052.363119047619,2075.767449661569,2097.1394,1967.4862
2025-10-04 14:00:00,1940.0,1364.0,1767.5475495492,2261.5955575396815,2191.367165047117,2241.9116,2039.6495
2025-10-04 15:00:00,1895.0,1724.0,1813.1523239494386,2063.154904761904,2118.730042812011,2119.2974,2125.7417
2025-10-04 16:00:00,1940.0,1902.0,1856.0145228084086,2244.558488095237,2086.9943025641724,2108.2266,2083.8867
2025-10-04 17:00:00,1989.0,2372.0,1939.6643109398194,2051.1197559523807,2028.806281899675,2081.6934,1941.9684
2025-10-04 18:00:00,1673.0,2095.0,1853.2216530565952,1884.9869821428572,1907.0818180672386,1918.0442,1749.6381
2025-10-04 19:00:00,1333.0,1490.0,1485.415873954506,1446.5026210317458,1424.3982449522853,1448.5016,1449.8368
2025-10-04 20:00:00,1028.0,1034.0,1172.3703979080096,1106.0113551587306,1146.1463838953398,1158.3704,1051.1605
2025-10-04 21:00:00,811.0,890.0,942.7229322743128,872.6222261904762,926.2200389122306,938.85394,935.5828
2025-10-04 22:00:00,865.0,768.0,818.0113890380028,779.4787638888889,811.7492013259845,795.2904,808.9291
2025-10-04 23:00:00,755.0,694.0,800.8784240800798,790.1886865079365,780.4170776652257,784.5925,687.1087
2025-10-05 00:00:00,598.0,467.0,777.8652150832863,578.236880952381,589.020718774553,589.17725,565.17365
2025-10-05 01:00:00,349.0,319.0,559.9850940934073,399.0800992063492,413.827368811177,394.5137,414.73804
2025-10-05 02:00:00,254.0,226.0,335.1947259788886,273.9874047619047,266.9439247114554,262.10052,255.76971
2025-10-05 03:00:00,86.0,74.0,51.9468321064312,101.48532142857144,116.58848545194058,110.18789,148.45694
2025-10-05 04:00:00,74.0,42.0,0.0,79.05138690476188,81.18336716301283,89.221344,66.83899
2025-10-05 05:00:00,58.0,78.0,0.0,74.28637698412695,73.18847418620653,70.98931,96.7168
2025-10-05 06:00:00,126.0,148.0,45.93934226771796,155.8069007936508,154.97616320080883,143.9625,160.35016
2025-10-05 07:00:00,283.0,330.0,250.01964357616407,283.47864484126984,288.84776839116114,290.4969,315.23013
2025-10-05 08:00:00,509.0,554.0,676.5985166358063,763.9255793650793,761.8396755625691,742.43744,533.3803
2025-10-05 09:00:00,962.0,1097.0,1012.5346049405675,1015.8627043650797,1025.1258259971016,1019.8648,1030.5725
2025-10-05 10:00:00,1368.0,1370.0,1293.0200089154614,1314.3720595238099,1311.7869523278953,1334.3743,1430.4741
2025-10-05 11:00:00,1642.0,1583.0,1562.136090896865,1788.042654761905,1643.3234607058268,1711.0089,1653.8976
2025-10-05 12:00:00,1979.0,1795.0,1784.1989860268864,2271.6685218253956,2081.266317005377,2040.4633,1798.9037
2025-10-05 13:00:00,1669.0,1916.0,1796.5157439877378,1901.3329215367964,1887.634680451858,1932.9331,1915.1184
2025-10-05 14:00:00,1625.0,1940.0,1704.124547100197,1807.2916596320345,1782.6356968715988,1816.7313,1916.6321
2025-10-05 15:00:00,1935.0,1895.0,1712.560413326319,1887.1145178571421,1825.244931313027,1861.7711,1864.2122
2025-10-05 16:00:00,1784.0,1940.0,1830.37974878699,2019.9342976190476,1971.8645456330526,1994.5609,1807.4785
2025-10-05 17:00:00,1595.0,1989.0,1693.5899555104193,1679.324734126984,1699.6591939428681,1762.1594,1794.7019
2025-10-05 18:00:00,1520.0,1673.0,1555.9066592432566,1584.1779908008664,1548.8517709655926,1550.7317,1533.8624
2025-10-05 19:00:00,1060.0,1333.0,1309.0804339100896,1204.2196547619046,1201.7998690400327,1242.1808,1154.6235
2025-10-05 20:00:00,696.0,1028.0,952.4615852974953,854.7212440476187,883.7027089869309,896.4002,859.27124
2025-10-05 21:00:00,539.0,811.0,687.3705032466672,658.1344246031748,632.186217112835,649.713,662.51447
2025-10-05 22:00:00,443.0,865.0,547.9294472795123,463.4137083333333,449.8155129172614,471.6074,456.09473
2025-10-05 23:00:00,377.0,755.0,483.47106900313184,416.5495059523809,425.52746702018396,427.77762,270.09937
2025-10-06 00:00:00,197.0,598.0,425.991957866365,235.96932539682538,227.1086483565079,241.41669,176.71664
2025-10-06 01:00:00,48.0,349.0,97.90219342091984,66.18984126984128,69.59342042690989,70.24495,103.9859
2025-10-06 02:00:00,30.0,254.0,0.0,40.408220959595944,36.17619940191921,32.220024,31.792664
2025-10-06 03:00:00,27.0,86.0,0.0,32.19365476190476,29.82163556328994,25.174604,27.296814
2025-10-06 04:00:00,57.0,74.0,0.0,75.47447023809522,67.0224889451822,62.63202,41.473083
2025-10-06 05:00:00,141.0,58.0,84.80811395050216,168.12833928571422,164.51186528660443,161.07257,178.37164
2025-10-06 06:00:00,421.0,126.0,510.9354626669807,581.4359166666666,584.6033175085516,574.51117,449.7307
2025-10-06 07:00:00,964.0,283.0,920.859777615703,1247.2468115079357,1212.6745011329526,1204.0487,1138.4287
2025-10-06 08:00:00,1646.0,509.0,1288.237755520417,1869.1251071428571,1739.5361539191697,1789.4412,1755.3065
2025-10-06 09:00:00,944.0,962.0,1312.435237678304,1141.2219007936508,1115.835574238787,1121.9323,1055.5327
2025-10-06 10:00:00,685.0,1368.0,1082.8399078012633,938.6809900793655,878.9006436257987,882.5317,730.81885
2025-10-06 11:00:00,772.0,1642.0,1132.2334680724493,1030.1516011904764,1000.8191983897558,1003.4243,839.1886
2025-10-06 12:00:00,921.0,1979.0,1268.6046366254407,1188.3264166666663,1104.2523581131502,1126.8198,1009.24884
2025-10-06 13:00:00,899.0,1669.0,1166.5331193313464,1015.9380773809524,977.4057545823956,1010.599,1023.4874
2025-10-06 14:00:00,881.0,1625.0,1215.319312292575,1115.1325297619048,1124.9009529946775,1114.8456,1045.2428
2025-10-06 15:00:00,1264.0,1935.0,1454.3011179686507,1650.1746746031747,1575.624796528299,1524.6536,1382.0498
2025-10-06 16:00:00,1662.0,1784.0,1659.5700426354113,2138.740484126984,1976.393509454802,2013.3588,1656.5266
2025-10-06 17:00:00,2335.0,1595.0,1848.1853542343795,2651.3442857142854,2490.1490937531216,2432.6863,2474.9365
2025-10-06 18:00:00,2157.0,1520.0,1980.232614664168,2545.9551408730154,2431.8022640854924,2432.5059,2140.7283
2025-10-06 19:00:00,1403.0,1060.0,1539.4750982620371,1564.8408253968257,1488.5490374911617,1527.9661,1643.5292
2025-10-06 20:00:00,871.0,696.0,1045.985231142702,997.606482142857,988.0713096662295,1009.6413,1133.0714
2025-10-06 21:00:00,695.0,539.0,793.2487929235965,785.3231964285712,763.1144237329249,795.6592,819.32886
2025-10-06 22:00:00,500.0,443.0,567.5655388521801,555.0574006132757,537.3581876956042,548.3881,551.50946
2025-10-06 23:00:00,232.0,377.0,308.28558294629175,295.1439880952381,315.45731228807006,338.589,307.08096
2025-10-07 00:00:00,109.0,197.0,278.94836297707815,143.9290476190476,155.43281093727182,160.69473,140.12686
2025-10-07 01:00:00,52.0,48.0,26.459598025319337,56.74011309523809,65.24836433769026,64.37716,62.163147
2025-10-07 02:00:00,24.0,30.0,0.0,30.517555555555564,31.57280400844537,24.482103,28.608643
2025-10-07 03:00:00,10.0,27.0,0.0,16.978875000000006,17.773564812060137,15.482412,8.591736
2025-10-07 04:00:00,36.0,57.0,0.0,40.752184523809525,41.23328230297331,42.34085,43.099915
2025-10-07 05:00:00,161.0,141.0,135.30677949234922,178.83054166666673,176.20039388110436,172.0812,157.8377
2025-10-07 06:00:00,456.0,421.0,609.4166506387513,597.4633551587299,610.1213020389304,611.0503,472.10403
2025-10-07 07:00:00,1171.0,964.0,1178.110082540576,1348.3449384920634,1289.2405465820746,1322.3259,1238.3306
2025-10-07 08:00:00,2047.0,1646.0,1685.757980257849,2160.540698412698,2166.033160018212,2142.314,2022.6976
2025-10-07 09:00:00,1118.0,944.0,1499.7345975295916,1423.0605595238094,1377.3694864702538,1311.1202,1153.0844
2025-10-07 10:00:00,655.0,685.0,900.7121211919628,725.6380665445665,719.381237809116,729.9914,778.88763
2025-10-07 11:00:00,697.0,772.0,840.6849359635225,793.7381388888887,809.6404149913544,812.31555,814.249
2025-10-07 12:00:00,896.0,921.0,964.5923999043251,995.2971190476186,941.6923873196735,964.5978,976.42847
2025-10-07 13:00:00,929.0,899.0,1054.8598642468671,1174.128849025974,1079.753724740554,1113.7639,963.94604
2025-10-07 14:00:00,978.0,881.0,1089.7584752419527,1262.8147180735934,1199.6211485520485,1207.7015,1056.6671
2025-10-07 15:00:00,1418.0,1264.0,1388.0352812150284,1831.6062261904765,1682.9768211593425,1713.0432,1415.8868
2025-10-07 16:00:00,1733.0,1662.0,1654.3444994145445,2168.823446428571,1938.3091197771394,2033.8131,1850.017
2025-10-07 17:00:00,2685.0,2335.0,2096.2673726932717,2787.7570634920626,2554.8787803040805,2631.8494,2550.338
2025-10-07 18:00:00,2195.0,2157.0,2195.909570651048,2553.1199711399713,2435.444555078687,2500.4,2218.7297
2025-10-07 19:00:00,1450.0,1403.0,1606.9182571434364,1515.8568908730165,1502.6463510439598,1520.6471,1676.1547
2025-10-07 20:00:00,971.0,871.0,1132.6577646745839,1097.2385297619048,1061.5541140845646,1083.7504,1196.9818
2025-10-07 21:00:00,797.0,695.0,867.7279077500818,814.3438571428574,829.7902269705611,845.2112,947.3013
2025-10-07 22:00:00,543.0,500.0,671.439023303431,646.8133511904765,628.8734218548159,641.25287,670.5056
2025-10-07 23:00:00,308.0,232.0,363.18286868424957,421.0027837301587,402.3908861866074,414.3046,381.3037
2025-10-08 00:00:00,138.0,109.0,241.93302289209305,171.07467857142856,174.13222306101528,173.44424,196.36105
2025-10-08 01:00:00,54.0,52.0,17.848966633335408,63.9382738095238,71.29954189642064,65.04001,67.326294
2025-10-08 02:00:00,28.0,24.0,0.0,35.8444880952381,37.91869600802065,33.80537,22.67389
2025-10-08 03:00:00,11.0,10.0,0.0,19.09097023809523,19.22054708592151,16.348745,19.868408
2025-10-08 04:00:00,26.0,36.0,0.0,33.994255952380946,38.050058508250636,33.148804,44.52838
2025-10-08 05:00:00,131.0,161.0,92.72661246624489,153.41118704906208,156.00334414209144,150.3818,135.66885
2025-10-08 06:00:00,384.0,456.0,433.04991739668407,404.48023412698416,391.2742996737299,389.7144,393.7141
2025-10-08 07:00:00,753.0,1171.0,928.3056757133652,862.9173690476189,852.1476451701159,864.53973,945.97687
2025-10-08 08:00:00,1557.0,2047.0,1510.4604620493078,1646.451483766234,1644.4193323841905,1688.0156,1493.2157
2025-10-08 09:00:00,1021.0,1118.0,1351.2935244385444,1137.4367123015882,1108.907018068531,1137.4482,1010.81824
2025-10-08 10:00:00,697.0,655.0,899.954360168648,819.1500308441557,771.835369163909,796.6025,787.95825
2025-10-08 11:00:00,638.0,697.0,811.7892645857218,802.7293928571428,802.0871752327886,809.7088,820.5824
2025-10-08 12:00:00,850.0,896.0,927.7906083416893,955.1478273809531,916.8639765468232,917.016,919.9165
2025-10-08 13:00:00,852.0,929.0,994.6509513064625,1021.3155833333334,995.3202469505103,986.5525,973.73926
2025-10-08 14:00:00,900.0,978.0,1099.3909382054262,1249.8094464285714,1198.5924994333814,1204.7491,1083.6465
2025-10-08 15:00:00,1262.0,1418.0,1405.8450113050942,1799.5286904761906,1642.4604156760895,1683.7966,1418.9333
2025-10-08 16:00:00,1643.0,1733.0,1680.9655758503563,2314.8251250000003,1999.8786550910286,2038.253,1799.6345
2025-10-08 17:00:00,2585.0,2685.0,2061.4415446089683,2666.041400793651,2530.1482066473386,2588.8567,2552.9998
2025-10-08 18:00:00,2231.0,2195.0,2220.7394839108156,2583.1188789682537,2382.938974230427,2457.8638,1909.6866
2025-10-08 19:00:00,1536.0,1450.0,1731.360414623231,1717.1439384920639,1728.5362669220808,1776.9067,1624.19
2025-10-08 20:00:00,1108.0,971.0,1240.571143783815,1157.3010984848486,1153.9856742531497,1189.5021,1176.1709
2025-10-08 21:00:00,798.0,797.0,928.5200611488863,855.2026865079363,832.9943240429852,847.05176,912.96826
2025-10-08 22:00:00,673.0,543.0,780.7493915615919,764.9956150793653,746.6388074605104,758.44214,664.00586
2025-10-08 23:00:00,405.0,308.0,516.8349886623025,502.08874404761895,490.58656374131346,488.82736,446.0482
2025-10-09 00:00:00,175.0,138.0,332.3100551009361,194.33863888888894,209.80579828183292,214.88934,208.13315
2025-10-09 01:00:00,57.0,54.0,78.53066117467517,70.28600992063494,73.06638545324004,73.18639,88.56799
2025-10-09 02:00:00,28.0,28.0,0.0,34.71989285714285,33.01833338437967,29.99011,18.606445
2025-10-09 03:00:00,13.0,11.0,0.0,16.589702380952378,35.45356965968257,31.327532,6.0976562
2025-10-09 04:00:00,44.0,26.0,0.0,45.39624404761906,43.65389963584716,44.867054,36.401
2025-10-09 05:00:00,134.0,131.0,130.75094338872054,165.12323214285712,164.03978311808828,158.5297,130.15091
2025-10-09 06:00:00,415.0,384.0,522.1151480838463,465.4499940476191,481.67383737316266,474.24268,433.79617
2025-10-09 07:00:00,950.0,753.0,993.6763296010947,1034.2419047619048,1027.2784488052007,1042.8138,1176.0548
2025-10-09 08:00:00,1642.0,1557.0,1563.0488147958822,1873.849815476191,1805.7268390293543,1863.457,1849.5023
2025-10-09 09:00:00,1091.0,1021.0,1403.5248100009749,1296.3554523809526,1213.8028062009305,1207.8256,1124.6191
2025-10-09 10:00:00,740.0,697.0,1038.2028154562709,944.1176626984123,934.2256013831152,980.7166,757.2671
2025-10-09 11:00:00,783.0,638.0,961.0362264485535,1012.5685158730158,974.0051874613581,1016.3613,856.8819
2025-10-09 12:00:00,876.0,850.0,1072.829408056118,1202.6128809523811,1172.939503969544,1194.4951,1059.4672
2025-10-09 13:00:00,917.0,852.0,1071.579617050888,1159.959357142857,1138.656811802933,1153.0209,1090.8765
2025-10-09 14:00:00,1034.0,900.0,1140.435937052143,1260.663283730159,1249.5546072536692,1281.3914,1221.0569
2025-10-09 15:00:00,1395.0,1262.0,1443.431866221117,1983.257595238095,1758.4126177123158,1753.3278,1604.1238
2025-10-09 16:00:00,1612.0,1643.0,1629.4307588209226,1980.7417619047617,1871.747540763029,1907.4122,1929.2115
2025-10-09 17:00:00,2399.0,2585.0,2028.3001067027535,2678.386496031746,2531.077193728487,2582.9397,2634.4458
2025-10-09 18:00:00,2042.0,2231.0,2110.280752211118,2468.282656746032,2285.166616652758,2344.2979,2125.2627
2025-10-09 19:00:00,1384.0,1536.0,1670.7067725488535,1661.3686765873008,1651.8652385343369,1693.7036,1557.9634
2025-10-09 20:00:00,1027.0,1108.0,1203.2979533368236,1095.1750615079363,1097.888435815114,1121.1709,1134.9038
2025-10-09 21:00:00,775.0,798.0,900.8947611395943,833.3910773809523,803.7842168002989,836.5531,910.563
2025-10-09 22:00:00,631.0,673.0,790.9382791033696,711.2341865079362,721.3141541247471,725.7107,697.6471
2025-10-09 23:00:00,503.0,405.0,585.3192370399994,572.2364781746031,561.8982004375662,542.2256,485.04648
2025-10-10 00:00:00,205.0,175.0,419.48213614659494,271.63982936507927,271.99776439879616,281.49722,239.95059
2025-10-10 01:00:00,108.0,57.0,110.46135095186992,108.38470238095235,107.65688295208594,100.74368,120.033844
2025-10-10 02:00:00,56.0,28.0,5.5982971358751,60.01667857142857,55.63259859326318,55.06225,46.02295
2025-10-10 03:00:00,23.0,13.0,0.0,25.204234126984115,25.169282090606625,25.630716,21.541138
2025-10-10 04:00:00,47.0,44.0,0.0,48.57586904761904,45.90730450443077,48.443798,26.997131
2025-10-10 05:00:00,137.0,134.0,105.59590244569421,173.33756547619043,166.6333613779064,162.17847,121.06314
2025-10-10 06:00:00,358.0,415.0,428.8282793504669,405.95836706349195,430.1469076743415,422.12033,412.18137
2025-10-10 07:00:00,717.0,950.0,934.9301832032947,923.707785714286,888.7515339048646,915.5743,878.02124
2025-10-10 08:00:00,1158.0,1642.0,1369.013208802005,1472.901886904762,1422.5695874570172,1475.0272,1421.141
2025-10-10 09:00:00,996.0,1091.0,1242.3210504620606,1249.26555952381,1186.2224683290929,1193.5846,997.2682
2025-10-10 10:00:00,782.0,740.0,1018.1158933499098,997.41388474026,978.3968680769431,1002.70355,830.7213
2025-10-10 11:00:00,814.0,783.0,979.4864391424001,992.6187638888891,996.9961009667524,1007.9243,980.7632
2025-10-10 12:00:00,1082.0,876.0,1149.7064049131886,1391.9462202380955,1354.0662277246927,1373.4497,1171.984
2025-10-10 13:00:00,1108.0,917.0,1298.593453830799,1638.5898075396817,1532.2396294341868,1644.253,1285.5352
2025-10-10 14:00:00,1207.0,1034.0,1288.4947166142606,1571.7267202380954,1498.5802257689788,1519.0182,1487.5051
2025-10-10 15:00:00,1498.0,1395.0,1504.087219382055,1929.0316547619043,1779.1920345946533,1775.1156,1787.422
2025-10-10 16:00:00,1616.0,1612.0,1681.3218230682114,2265.6017956349206,1985.373819312553,1998.781,2008.1038
2025-10-10 17:00:00,1986.0,2399.0,1971.8034397529764,2612.490916666666,2291.0879970045885,2390.8406,2151.3062
2025-10-10 18:00:00,1652.0,2042.0,1882.599726589958,2114.918616702742,1988.6114455171416,2042.6202,1765.3287
2025-10-10 19:00:00,1181.0,1384.0,1419.5574645811516,1381.7981904761898,1352.9410665955731,1409.9557,1363.9446
2025-10-10 20:00:00,886.0,1027.0,1007.7987221135475,925.2710892857144,903.0453099210833,919.7943,967.2649
2025-10-10 21:00:00,733.0,775.0,847.986637948306,828.041638888889,801.1980922896593,807.8174,820.7212
2025-10-10 22:00:00,660.0,631.0,713.5335497034604,706.2472500000003,709.174174871491,694.99036,739.4006
2025-10-10 23:00:00,642.0,503.0,617.2490732202981,631.5551369047619,639.5745102972736,604.70575,601.0749
2025-10-11 00:00:00,426.0,205.0,634.6604815496988,464.89756547619055,472.4970057780591,470.49918,465.4903
2025-10-11 01:00:00,277.0,108.0,386.86327262856594,284.86665476190467,283.68026249834173,291.42953,345.4235
2025-10-11 02:00:00,183.0,56.0,222.42086764055824,182.50327976190474,181.92969046111955,179.49556,180.5498
2025-10-11 03:00:00,88.0,23.0,89.60115709862282,94.02000793650792,100.31619841830612,93.94634,93.60657
2025-10-11 04:00:00,43.0,47.0,0.0,53.367194444444436,53.5529028805319,52.63882,42.308167
2025-10-11 05:00:00,74.0,137.0,8.118061899087706,87.32036309523812,80.02507596988866,78.69912,72.82294
2025-10-11 06:00:00,129.0,358.0,155.53553631035328,164.1281884920635,160.93784911534172,159.23492,173.16287
2025-10-11 07:00:00,280.0,717.0,451.6866792897914,390.7135476190475,377.6870441790929,372.08432,343.14996
2025-10-11 08:00:00,481.0,1158.0,763.9069056613409,633.1254007936506,602.8567669589428,617.8943,623.7751
2025-10-11 09:00:00,851.0,996.0,1063.713151101953,1073.1710178571432,1076.0531926329975,1067.4707,951.7453
2025-10-11 10:00:00,1154.0,782.0,1153.2104097857623,1284.8204583333338,1283.1813584595582,1319.729,1346.2087
2025-10-11 11:00:00,1335.0,814.0,1238.5861815926596,1396.2448234126982,1411.1723893267435,1396.1284,1515.729
2025-10-11 12:00:00,1402.0,1082.0,1390.6975337784056,1590.7368928571416,1599.058555422863,1592.2024,1657.4329
2025-10-11 13:00:00,1613.0,1108.0,1448.9203946474245,1653.0089895382393,1622.2146390759083,1696.0035,1763.5596
2025-10-11 14:00:00,1560.0,1207.0,1561.1312636147873,1833.380304112554,1843.0061087336378,1876.8389,1830.9747
2025-10-11 15:00:00,1671.0,1498.0,1593.8001396093205,1800.4701235569985,1774.5178510837,1782.7966,1908.1471
2025-10-11 16:00:00,1633.0,1616.0,1704.6337108800506,1965.9670714285714,1903.369225294326,1926.526,1883.9438
2025-10-11 17:00:00,1452.0,1986.0,1651.2670185863385,1610.0644749278495,1658.6496292512663,1700.475,1820.2715
2025-10-11 18:00:00,1421.0,1652.0,1552.1257668574758,1582.146003968254,1535.488500370881,1603.1029,1437.3103
2025-10-11 19:00:00,978.0,1181.0,1174.5398578031784,1059.3741071428574,1105.4302376773676,1113.5171,1101.4059
2025-10-11 20:00:00,452.0,886.0,698.0750269587629,625.1527023809523,584.3653869465065,614.104,832.2644
2025-10-11 21:00:00,502.0,733.0,616.3501357209034,576.1279067460316,585.393233120424,589.95087,603.4321
2025-10-11 22:00:00,595.0,660.0,648.1452768553781,636.0950654761905,642.5221149111654,647.96265,578.3948
2025-10-11 23:00:00,577.0,642.0,657.2052482102864,616.2956746031747,629.3817950508247,616.9097,548.558
2025-10-12 00:00:00,399.0,426.0,646.1873143982301,433.35223412698406,454.3442448357045,445.5746,460.8735
2025-10-12 01:00:00,310.0,277.0,460.7338807672902,311.45780952380966,318.7110020582395,316.47195,294.72086
2025-10-12 02:00:00,180.0,183.0,310.1601883663449,218.30811904761902,218.71037779218872,225.06036,181.0274
2025-10-12 03:00:00,106.0,88.0,114.3807286588139,114.12050595238097,115.54432467424276,115.32055,115.31418
2025-10-12 04:00:00,48.0,43.0,0.0,59.25770833333335,55.77237256976167,55.076256,57.890076
2025-10-12 05:00:00,39.0,74.0,0.0,58.51166666666666,52.746198107310505,53.54197,48.052612
2025-10-12 06:00:00,148.0,129.0,95.25302463584035,169.64488095238087,170.72626277142973,169.38605,119.814575
2025-10-12 07:00:00,194.0,280.0,224.58505995789278,268.53937500000006,252.37721457737996,246.98505,242.15894
2025-10-12 08:00:00,347.0,481.0,419.1052535929926,410.20867261904755,424.6836818281305,424.52036,352.42755
2025-10-12 09:00:00,675.0,851.0,760.8602426960673,758.3559384920634,757.7969605236601,741.22406,631.2476
2025-10-12 10:00:00,930.0,1154.0,1048.7591636061484,985.7840257936509,1014.3237236363005,1000.34705,904.23
2025-10-12 11:00:00,1098.0,1335.0,1159.3337491848347,1081.54821031746,1116.7263191503678,1098.5848,1142.917
2025-10-12 12:00:00,1278.0,1402.0,1260.6271892543818,1285.2557101370849,1304.9011606104748,1293.231,1136.1855
2025-10-12 13:00:00,1194.0,1613.0,1329.2253716003233,1295.0375833333337,1272.9668062398498,1271.8627,1191.7374
2025-10-12 14:00:00,1251.0,1560.0,1321.216264468742,1311.2297398989897,1326.7935593720797,1326.9064,1194.854
2025-10-12 15:00:00,1290.0,1671.0,1387.1325295114975,1378.0874305555556,1389.4515441145581,1389.9385,1211.9788
2025-10-12 16:00:00,1154.0,1633.0,1397.1953026775277,1389.7344285714282,1407.875097759269,1391.0131,1281.2297
2025-10-12 17:00:00,1030.0,1452.0,1218.6945547704768,1143.871220238095,1177.8537412604503,1187.8357,1120.374
2025-10-12 18:00:00,962.0,1421.0,1142.2787274424172,1040.6956053113554,1064.7552212922706,1043.5962,756.73944
2025-10-12 19:00:00,628.0,978.0,842.7497899546117,718.5007916666668,740.4031987502135,764.8082,584.05817
2025-10-12 20:00:00,406.0,452.0,487.0847762067767,506.38727290764785,499.7294290067789,499.51196,431.88464
2025-10-12 21:00:00,345.0,502.0,404.1596987470109,413.0233611111112,411.6699826191447,404.33405,401.69815
2025-10-12 22:00:00,362.0,595.0,419.6091966768804,408.5509285714285,388.3690959296545,382.92273,381.27423
2025-10-12 23:00:00,287.0,577.0,385.12251961400614,333.5661547619048,327.01970312397714,325.34454,265.70078
2025-10-13 00:00:00,177.0,399.0,440.537796835001,248.95184523809516,229.54906321969307,227.26848,178.98611
2025-10-13 01:00:00,95.0,310.0,295.05696238064417,118.07407936507934,124.18487959086487,116.192955,126.263214
2025-10-13 02:00:00,38.0,180.0,62.718146362777816,41.629708333333326,40.95681498212727,47.05109,63.84619
2025-10-13 03:00:00,15.0,106.0,0.0,26.254315476190477,24.12117693225413,29.083454,38.71753
2025-10-13 04:00:00,39.0,48.0,0.0,45.13408928571431,42.146937515300344,50.256683,34.53766
2025-10-13 05:00:00,83.0,39.0,41.31176026824994,106.74892658730161,98.03225035025102,100.628975,90.560425
2025-10-13 06:00:00,221.0,148.0,284.56134931950254,283.63539285714285,277.1735579002261,267.9126,247.20627
2025-10-13 07:00:00,452.0,194.0,557.0488198621731,545.7957440476189,540.4420611057708,552.2745,514.94574
2025-10-13 08:00:00,769.0,347.0,823.0400217169482,865.1085909090912,887.8281223076502,882.1483,797.2341
2025-10-13 09:00:00,767.0,675.0,983.8281635558183,895.6113333333335,887.4474327939116,881.74445,938.19824
2025-10-13 10:00:00,772.0,930.0,1035.4272085678106,943.2411488095236,922.2097265732775,926.0531,997.5239
2025-10-13 11:00:00,905.0,1098.0,1106.6520912728822,1051.3577797619046,1043.0964531974703,1054.4044,1090.5331
2025-10-13 12:00:00,945.0,1278.0,1179.7992828834053,1105.263170634921,1133.989338235495,1121.447,1199.775
2025-10-13 13:00:00,945.0,1194.0,1118.8173687229075,1039.8175476190472,1025.5259475999494,1048.6586,1251.2974
2025-10-13 14:00:00,1009.0,1251.0,1193.1135689972245,1243.2784166666665,1191.3564137517194,1220.4065,1268.5527
2025-10-13 15:00:00,1091.0,1290.0,1308.1599982197226,1517.2697658730158,1366.8930644486024,1445.3492,1384.2083
2025-10-13 16:00:00,1012.0,1154.0,1216.384402002297,1306.4028472222217,1257.1374559665749,1258.847,1515.6765
2025-10-13 17:00:00,1305.0,1030.0,1230.6981250498966,1491.416821428572,1454.6025133475337,1449.4269,1354.2424
2025-10-13 18:00:00,825.0,962.0,1074.8716908020542,1025.7729166666663,1020.8437323371389,1026.3042,1166.389
2025-10-13 19:00:00,428.0,628.0,613.6448060647244,574.3223769841268,562.3075220046468,571.282,827.8865
2025-10-13 20:00:00,376.0,406.0,421.089741036475,440.71429166666655,450.81773229896135,454.3542,603.52966
2025-10-13 21:00:00,375.0,345.0,460.7211954743301,522.0547876984126,515.5534207929435,503.1321,518.39105
2025-10-13 22:00:00,335.0,362.0,420.72347157836964,420.0430889249638,426.3350124277216,422.20343,438.69824
2025-10-13 23:00:00,226.0,287.0,236.1522817743902,247.8867016594517,244.2591858193755,251.3768,281.91556
2025-10-14 00:00:00,129.0,177.0,275.9138310324596,149.13699206349204,156.6839220018139,151.10461,160.74939
2025-10-14 01:00:00,43.0,95.0,58.229501365132705,50.150708333333334,47.61813623141518,45.773914,89.803955
2025-10-14 02:00:00,16.0,38.0,0.0,19.99728968253968,19.06660805012304,19.46545,26.79126
2025-10-14 03:00:00,15.0,15.0,0.0,13.641095238095234,13.206055213874448,16.997381,23.33435
2025-10-14 04:00:00,37.0,39.0,0.0,35.579966269841265,34.2549917104822,37.224827,35.48352
2025-10-14 05:00:00,109.0,83.0,112.68024717268787,143.35589285714286,137.71283796014183,136.46475,131.31705
2025-10-14 06:00:00,340.0,221.0,428.1250598474703,391.4707857142858,403.4086862569628,404.53464,376.3476
2025-10-14 07:00:00,876.0,452.0,912.7339792241096,924.5591607142858,991.5476439457764,974.77264,888.5485
2025-10-14 08:00:00,1520.0,769.0,1349.8421014408846,1729.1210416666665,1721.664311387863,1744.424,1601.9858
2025-10-14 09:00:00,906.0,767.0,1272.2791852072844,1009.4490734126983,1053.152413584734,1091.8197,932.51215
2025-10-14 10:00:00,592.0,772.0,920.1272089670856,770.9904384920637,728.2682351817725,756.8041,630.9809
2025-10-14 11:00:00,607.0,905.0,825.6497143735996,724.3113253968254,710.839742095659,708.8485,745.8393
2025-10-14 12:00:00,797.0,945.0,1025.776830471983,1069.7150535714286,1007.6657764267412,1027.4305,801.3144
2025-10-14 13:00:00,835.0,945.0,1013.3781299431831,1006.5714642857145,956.0755921215793,969.7255,867.1682
2025-10-14 14:00:00,869.0,1009.0,1096.7994538963753,1164.5988928571423,1106.8323096399793,1121.7621,993.11957
2025-10-14 15:00:00,1243.0,1091.0,1275.9854693494426,1512.663511904762,1483.4737616744437,1467.6012,1333.3054
2025-10-14 16:00:00,1547.0,1012.0,1424.672985420575,1744.4225867604616,1713.1059570418658,1729.8488,1541.5806
2025-10-14 17:00:00,2530.0,1305.0,1792.6553728948759,2629.3415277777767,2445.4249416442535,2439.865,2062.5386
2025-10-14 18:00:00,1962.0,825.0,1814.0091483197511,2248.2602321428567,2270.387181862681,2317.246,1873.9177
2025-10-14 19:00:00,1310.0,428.0,1279.5297250432914,1402.352948412699,1339.67056612842,1323.5778,1377.9116
2025-10-14 20:00:00,879.0,376.0,963.1692928869136,999.4067658730161,963.691095791598,1000.9212,958.6827
2025-10-14 21:00:00,722.0,375.0,798.3644772269818,799.5482083333333,853.5464148675611,841.02924,839.5468
2025-10-14 22:00:00,581.0,335.0,632.021255291732,656.4066031746031,615.9901916839275,634.4708,639.17926
2025-10-14 23:00:00,278.0,226.0,337.56952904358354,333.61946230158725,357.33824674358635,354.45834,376.14883
2025-10-15 00:00:00,132.0,129.0,255.7759714694073,154.03766666666664,161.5214833636708,167.79607,168.97446
2025-10-15 01:00:00,52.0,43.0,62.410887217035906,63.88043452380953,67.311372541215,66.88858,66.93042
2025-10-15 02:00:00,20.0,16.0,0.0,25.023373015873013,33.0257972268111,25.430237,39.62207
2025-10-15 03:00:00,14.0,15.0,0.0,19.092653318903313,18.498009403799927,18.296755,25.685059
2025-10-15 04:00:00,33.0,37.0,0.0,36.16768055555554,33.43495556719588,36.538223,39.16095
2025-10-15 05:00:00,133.0,109.0,79.59301953263264,141.14950992063493,132.59759379419086,131.71272,127.39804
2025-10-15 06:00:00,425.0,340.0,512.0814813913566,475.3226626984127,509.4096497154345,479.96063,393.3529
2025-10-15 07:00:00,1047.0,876.0,1073.4282161967344,1152.1310634920635,1164.3722725379835,1141.6074,1146.8536
2025-10-15 08:00:00,1907.0,1520.0,1651.2305380001271,2158.265547619048,2021.7261818182112,2077.3396,1857.5314
2025-10-15 09:00:00,1067.0,906.0,1450.007691132174,1280.3671091269835,1258.1960685550898,1290.4847,1140.9817
2025-10-15 10:00:00,717.0,592.0,962.0904011601831,848.3499583333329,830.0872763606835,865.8587,767.2243
2025-10-15 11:00:00,819.0,607.0,906.5617011395602,915.1407440476189,886.7636848104156,918.27344,858.4873
2025-10-15 12:00:00,969.0,797.0,1107.2521088063609,1258.9908015873016,1219.3517215919799,1266.978,1051.9302
2025-10-15 13:00:00,980.0,835.0,1087.832081773722,1188.871345238095,1148.8221727388614,1155.811,1075.0898
2025-10-15 14:00:00,1027.0,869.0,1141.7529870677183,1296.1098214285719,1248.4516263361602,1273.8754,1162.8774
2025-10-15 15:00:00,1282.0,1243.0,1339.2533421935636,1553.3703888888892,1492.5190710841912,1502.2847,1582.7941
2025-10-15 16:00:00,1776.0,1547.0,1643.3459355725172,2286.203791666667,1987.2262066522683,2007.407,1817.0684
2025-10-15 17:00:00,2665.0,2530.0,2068.6904355936467,2723.823722222222,2590.747765163652,2659.9841,2702.598
2025-10-15 18:00:00,2117.0,1962.0,2128.8236796627225,2430.8516011904762,2277.6480492911023,2316.11,2038.6273
2025-10-15 19:00:00,1410.0,1310.0,1569.9646658796646,1501.6745039682544,1523.7095180967228,1527.1519,1498.7201
2025-10-15 20:00:00,1011.0,879.0,1142.4104546740741,1076.964047619048,1060.0022678951818,1089.7313,1071.9318
2025-10-15 21:00:00,757.0,722.0,837.0659358186099,796.5664007936502,762.2162921467235,782.8284,906.61865
2025-10-15 22:00:00,651.0,581.0,709.8318261524287,686.9664087301587,673.9816143107865,677.8543,644.1374
2025-10-15 23:00:00,324.0,278.0,387.30595703050165,382.36017460317476,387.44022361756527,401.65527,402.96252
2025-10-16 00:00:00,134.0,132.0,231.7785080200024,142.5069503968254,152.63957802954857,147.62302,181.10278
2025-10-16 01:00:00,67.0,52.0,100.88276127797457,87.57358730158728,84.83305308534626,75.38828,65.97766
2025-10-16 02:00:00,26.0,20.0,0.0,35.29669751082251,34.27537517289128,29.997194,35.35382
2025-10-16 03:00:00,16.0,14.0,0.0,22.56318452380953,20.422211237340775,21.464766,9.936951
2025-10-16 04:00:00,39.0,33.0,0.0,41.91748015873015,38.171946530348364,39.47052,35.431274
2025-10-16 05:00:00,125.0,133.0,98.69208196875195,150.75624999999994,144.49789468628424,140.65936,138.3081
2025-10-16 06:00:00,416.0,425.0,477.96557691083353,412.5507876984127,412.3055779349611,420.34113,416.5022
2025-10-16 07:00:00,960.0,1047.0,1104.8524017097018,1142.9318075396827,1146.0393746025782,1161.7605,1094.2007
2025-10-16 08:00:00,1721.0,1907.0,1656.329168454798,1928.6632142857136,1895.2070439472443,1931.1415,1860.3857
2025-10-16 09:00:00,1039.0,1067.0,1438.189943322313,1319.517375,1279.1668828915099,1228.8171,1142.6843
2025-10-16 10:00:00,714.0,717.0,952.4720832402512,812.9814594155843,796.7796211988998,810.6175,763.73004
2025-10-16 11:00:00,756.0,819.0,940.690198236309,906.7169523809523,907.1921699453983,941.70435,832.88947
2025-10-16 12:00:00,919.0,969.0,1030.9165544091327,1040.1894940476188,1044.8593595958125,1060.9126,1030.278
2025-10-16 13:00:00,967.0,980.0,1105.2316466602679,1235.0015714285712,1148.6126999318055,1179.12,1053.5056
2025-10-16 14:00:00,997.0,1027.0,1166.1917868507308,1231.0177896825394,1227.8488866354494,1209.7705,1145.8154
2025-10-16 15:00:00,1308.0,1282.0,1367.9069614773584,1544.5663968253978,1515.7359936809405,1553.543,1573.6521
2025-10-16 16:00:00,1715.0,1776.0,1690.0051259761067,2077.2557182539676,1917.6946684768316,1940.2872,1774.843
2025-10-16 17:00:00,2639.0,2665.0,2164.3103843473864,2898.471035714285,2538.5601143109916,2625.1282,2594.2427
2025-10-16 18:00:00,2292.0,2117.0,2200.243237507533,2484.0775099206353,2397.1560101703917,2482.699,2120.1777
2025-10-16 19:00:00,1472.0,1410.0,1667.2375019292258,1630.8643115079365,1610.6013176982374,1607.3877,1585.7943
2025-10-16 20:00:00,1024.0,1011.0,1181.0754569388469,1137.0229503968253,1111.8783037301969,1101.1987,1107.2188
2025-10-16 21:00:00,792.0,757.0,904.8088566795604,850.761956349206,857.6471136490643,873.84357,887.36523
2025-10-16 22:00:00,601.0,651.0,722.099629544968,685.715742063492,641.6806515417271,656.4637,712.60114
2025-10-16 23:00:00,414.0,324.0,488.421241007095,503.7368571428569,477.47219624197805,493.3455,460.33557
2025-10-17 00:00:00,154.0,134.0,314.3046609667556,192.45165476190476,200.351802347605,205.23886,231.69907
2025-10-17 01:00:00,91.0,67.0,84.91344647772917,92.35989880952383,93.34769174001815,90.69783,108.23828
2025-10-17 02:00:00,35.0,26.0,0.0,45.463873015873034,45.41157752809571,44.66944,38.298523
2025-10-17 03:00:00,12.0,16.0,0.0,19.23883333333333,19.82729840669689,25.651897,10.473145
2025-10-17 04:00:00,42.0,39.0,0.0,44.77811706349206,43.23658666375272,45.449387,21.872131
2025-10-17 05:00:00,151.0,125.0,140.15313460767788,180.95102976190483,173.88117776597255,175.12425,101.10257
2025-10-17 06:00:00,331.0,416.0,445.02456192901894,400.2842182539683,419.7304429604557,419.5798,402.4436
2025-10-17 07:00:00,768.0,960.0,958.9214536984766,928.3132500000002,996.7589972707875,984.38196,886.62695
2025-10-17 08:00:00,1295.0,1721.0,1419.256449373052,1553.3189623015878,1539.0404554375248,1536.4523,1445.4745
2025-10-17 09:00:00,984.0,1039.0,1250.5813597661158,1024.9156904761905,1118.3483512571734,1130.5782,983.70557
2025-10-17 10:00:00,838.0,714.0,1015.3291129418162,1007.9985892857145,986.4274172818963,1008.08704,790.80054
2025-10-17 11:00:00,989.0,756.0,1031.6829934839134,1132.3251984126978,1108.812558520708,1087.8722,987.5105
2025-10-17 12:00:00,1119.0,919.0,1123.0706805090413,1252.5599861111111,1230.338220021323,1227.859,1228.1624
2025-10-17 13:00:00,1186.0,967.0,1224.532332060988,1337.9298611111108,1334.6003831135324,1325.1237,1318.0217
2025-10-17 14:00:00,1323.0,997.0,1329.0268036394177,1585.2391984126991,1515.3387585606367,1578.7759,1522.8192
2025-10-17 15:00:00,1709.0,1308.0,1547.878159255461,2085.025976190476,1996.6922894031338,1933.1,1836.748
2025-10-17 16:00:00,1826.0,1715.0,1783.4393188890351,2242.435134920635,2102.405184098306,2056.1172,2008.9763
2025-10-17 17:00:00,2240.0,2639.0,2055.400801554946,2569.591216269842,2454.4223029517448,2487.6724,2306.1702
2025-10-17 18:00:00,1998.0,2292.0,2048.8777329914255,2341.2915892857145,2267.786616935756,2294.917,1931.6976
2025-10-17 19:00:00,1327.0,1472.0,1584.205050785633,1561.7586607142862,1534.41349090626,1576.1564,1499.147
2025-10-17 20:00:00,938.0,1024.0,1151.3007053625643,1097.8000793650792,1091.6291428758007,1109.1963,1081.5413
2025-10-17 21:00:00,808.0,792.0,872.7841608666217,844.1989305555555,839.3538066894037,863.554,905.0702
2025-10-17 22:00:00,693.0,601.0,754.1084079882909,730.4633908730158,750.6597017945784,730.6487,773.3432
2025-10-17 23:00:00,612.0,414.0,610.7801905313993,647.5339523809525,656.1038997158445,623.36725,669.8551
2025-10-18 00:00:00,433.0,154.0,619.743149789757,461.30942460317476,474.4288837020179,469.38626,525.6173
2025-10-18 01:00:00,293.0,91.0,442.23814262831695,325.3870773809523,323.0813217234433,321.37048,376.42346
2025-10-18 02:00:00,213.0,35.0,290.7094654295475,233.370882936508,219.35603003174347,222.2914,208.81265
2025-10-18 03:00:00,95.0,12.0,83.54302858529945,108.18452976190474,107.75109328405313,106.558685,121.1647
2025-10-18 04:00:00,50.0,42.0,0.0,53.811130952380935,53.4012092223125,54.100723,48.925842
2025-10-18 05:00:00,62.0,151.0,0.0,77.67808333333336,70.29302587618196,70.8142,58.943665
2025-10-18 06:00:00,120.0,331.0,160.3504300124187,173.22964880952378,170.46639023246757,165.29024,153.89426
2025-10-18 07:00:00,345.0,768.0,530.1552292534795,444.1370952380952,465.41711441601007,447.57538,341.32736
2025-10-18 08:00:00,615.0,1295.0,967.4853783938415,835.0621071428568,841.889362842594,843.9008,673.64545
2025-10-18 09:00:00,1019.0,984.0,1069.2251429119738,1064.312375,1064.2598792314225,1072.6711,1170.1035
2025-10-18 10:00:00,1447.0,838.0,1253.4192430406492,1403.8131607142861,1414.3246021757354,1458.9513,1358.0936
2025-10-18 11:00:00,1935.0,989.0,1582.425094642349,2118.6546785714286,1978.2729912026377,1973.635,1610.8652
2025-10-18 12:00:00,2042.0,1119.0,1673.761448423782,2017.4060952380955,2007.0233967656134,2006.0491,1939.6565
2025-10-18 13:00:00,2075.0,1186.0,1672.690673026714,1975.0141726190468,1951.5734989557195,1949.909,2105.335
2025-10-18 14:00:00,2209.0,1323.0,1689.0152337038417,1950.9687658730154,1925.1880129291806,1936.9774,2149.0645
2025-10-18 15:00:00,2109.0,1709.0,1843.868324951955,2013.1659583333326,2074.5116581852185,2076.43,2138.1738
2025-10-18 16:00:00,1914.0,1826.0,1822.5619399175082,2025.908779761904,1971.2268845016454,1986.6924,2154.0498
2025-10-18 17:00:00,1628.0,2240.0,1845.1358788246362,1932.441303571428,1943.869858762176,1966.42,1958.1752
2025-10-18 18:00:00,1634.0,1998.0,1698.7672249585721,1689.3431765873017,1695.9022598958802,1727.0463,1554.4597
2025-10-18 19:00:00,1167.0,1327.0,1332.5187570930757,1305.9077781385286,1316.9134626983787,1303.8718,1356.8578
2025-10-18 20:00:00,928.0,938.0,1004.8711426607572,973.1546488095239,988.6756986595456,963.07434,973.1453
2025-10-18 21:00:00,728.0,808.0,829.6353598722366,785.3876547619047,825.6450963211649,813.7291,852.4827
2025-10-18 22:00:00,702.0,693.0,742.5243394637345,733.1933055555555,744.2442234539415,737.5065,750.9093
2025-10-18 23:00:00,634.0,612.0,662.654408264236,655.369015873016,667.2012002917012,656.4634,663.92566
2025-10-19 00:00:00,513.0,433.0,694.8199862153884,498.7427848124101,505.66725340169864,512.5169,531.80493
2025-10-19 01:00:00,339.0,293.0,522.3192734680715,381.063146825397,404.679577497568,380.34836,381.95074
2025-10-19 02:00:00,217.0,213.0,295.1802095929448,225.3983928571429,235.56929113482477,221.6063,240.93005
2025-10-19 03:00:00,121.0,95.0,99.84044661219156,117.897253968254,120.45760236624774,127.442665,120.72925
2025-10-19 04:00:00,50.0,50.0,0.0,62.16341666666666,60.15166747021929,59.61245,65.5166
2025-10-19 05:00:00,42.0,62.0,0.0,50.63670238095235,45.52589305070314,51.436462,73.42987
2025-10-19 06:00:00,115.0,120.0,26.390973896881974,136.90797817460322,131.732443196429,136.63821,139.64767
2025-10-19 07:00:00,246.0,345.0,241.88919716162826,293.3269534632034,297.799130826903,296.03055,280.4919
2025-10-19 08:00:00,474.0,615.0,549.0003784676102,563.2357460317457,537.9520593745478,549.3494,490.79337
2025-10-19 09:00:00,824.0,1019.0,904.5407955675043,908.8057896825396,905.1234131366282,909.9704,925.245
2025-10-19 10:00:00,1227.0,1447.0,1268.7011711648834,1286.4126666666673,1254.7609082214963,1297.334,1330.7214
2025-10-19 11:00:00,1472.0,1935.0,1551.6996364240892,1628.7286884920632,1609.3626020563524,1635.7458,1588.9701
2025-10-19 12:00:00,1665.0,2042.0,1706.541485226177,1881.7783154761898,1823.9098690861138,1844.1942,1736.8823
2025-10-19 13:00:00,1691.0,2075.0,1744.995316110305,1908.7051190476186,1842.7032164060377,1869.071,1808.4661
2025-10-19 14:00:00,1687.0,2209.0,1808.800968543689,1973.4474285714284,1911.7211959955803,1938.6978,1747.1106
2025-10-19 15:00:00,1702.0,2109.0,1725.5409350335528,1816.08075,1770.1819590852472,1737.0029,1732.9457
2025-10-19 16:00:00,1715.0,1914.0,1765.5346287136686,1983.3587321428568,1893.2964502539808,1914.1205,1686.4562
2025-10-19 17:00:00,1491.0,1628.0,1585.7022740947643,1569.669464285714,1602.0963188742014,1682.9308,1667.4269
2025-10-19 18:00:00,1179.0,1634.0,1448.9867803699262,1374.3665595238094,1329.3705181295782,1370.0089,1439.4749
2025-10-19 19:00:00,809.0,1167.0,1059.7040576134395,963.515557539683,927.8094332554707,954.39215,1022.13184
2025-10-19 20:00:00,558.0,928.0,779.2129778130393,684.001404761905,669.9000436733038,682.6754,703.1837
2025-10-19 21:00:00,494.0,728.0,657.3960392657985,635.9608392857144,614.1353470369679,614.71564,569.29565
2025-10-19 22:00:00,180.0,702.0,266.71235494952026,224.51711904761908,218.36011271635368,246.2375,462.65558
2025-10-19 23:00:00,143.0,634.0,154.11581506165464,193.09591071428574,164.32683665002688,172.37718,178.95401
2025-10-20 00:00:00,57.0,513.0,159.5748233189277,77.69011507936507,68.54125242555321,72.42199,151.97577
2025-10-20 01:00:00,22.0,339.0,28.6294142941407,32.74656746031746,30.240782260749636,30.801191,3.6028442
2025-10-20 02:00:00,20.0,217.0,0.0,20.638499999999993,19.576485534921947,26.65612,3.8582153
2025-10-20 03:00:00,5.0,121.0,0.0,10.517702380952379,10.133935235817209,19.623718,8.647949
2025-10-20 04:00:00,12.0,50.0,0.0,16.25573809523809,21.66117631474732,19.802292,11.934448
2025-10-20 05:00:00,118.0,42.0,71.36743788108572,141.76568452380954,132.20694774039924,131.44205,96.0755
2025-10-20 06:00:00,343.0,115.0,370.97294851354025,387.6695416666667,408.94309496744347,397.9548,318.84177
2025-10-20 07:00:00,816.0,246.0,835.9069046644786,933.1479841269844,998.0078186782885,976.94617,833.22723
2025-10-20 08:00:00,1407.0,474.0,1203.4481093660138,1505.7667499999998,1529.2467160524545,1556.1605,1596.9907
2025-10-20 09:00:00,878.0,824.0,1199.3830511172769,988.8287976190478,982.9492314401002,1010.2182,1033.1617
2025-10-20 10:00:00,571.0,1227.0,923.6462461890087,642.8925000000002,628.7966918168705,618.8017,679.26825
2025-10-20 11:00:00,580.0,1472.0,926.8164884377819,699.8464047619051,694.3451457638189,705.748,740.4313
2025-10-20 12:00:00,657.0,1665.0,1092.3002936843402,898.5638968253968,882.2514542033014,888.7054,893.8514
2025-10-20 13:00:00,677.0,1691.0,1049.6080321246284,843.8279821428573,817.4111591418371,829.1115,942.71857
2025-10-20 14:00:00,837.0,1687.0,1189.6791547439047,1088.8901547619048,1046.6398439137643,1068.2363,912.85657
2025-10-20 15:00:00,1098.0,1702.0,1376.7326210369233,1455.384023268398,1391.0638756019785,1384.7607,1117.5769
2025-10-20 16:00:00,1359.0,1715.0,1525.744487630306,1760.4604087301589,1634.3843084127523,1682.3793,1443.2251
2025-10-20 17:00:00,1986.0,1491.0,1657.7717965530917,2207.0938353174606,2187.739305063744,2176.2437,1874.6418
2025-10-20 18:00:00,1654.0,1179.0,1645.9104873659899,1837.382863095239,1858.8917814582753,1859.4421,1708.2985
2025-10-20 19:00:00,1110.0,809.0,1264.5194578533792,1284.5505833333332,1268.70690011958,1246.1229,1267.8469
2025-10-20 20:00:00,822.0,558.0,950.0893658647776,947.6080357142856,950.2518554108253,934.6263,833.3701
2025-10-20 21:00:00,643.0,494.0,788.996939211529,779.107708152958,760.9123378038588,780.26697,697.29944
2025-10-20 22:00:00,425.0,180.0,501.266342753905,550.5193014069265,529.2565548640835,528.4004,541.4557
2025-10-20 23:00:00,228.0,143.0,248.34981227029044,286.0106785714286,292.724817038964,303.48178,306.7912
2025-10-21 00:00:00,85.0,57.0,143.59434026635722,94.79935714285715,103.02914494611302,102.24625,132.50711
2025-10-21 01:00:00,44.0,22.0,55.59785274729143,61.32700595238096,55.92716519117299,53.075413,40.844543
2025-10-21 02:00:00,17.0,20.0,0.0,21.144726190476185,29.78049789746688,22.171715,22.217407
2025-10-21 03:00:00,8.0,5.0,0.0,10.029892857142858,12.054051563232752,16.63989,6.302429
2025-10-21 04:00:00,42.0,12.0,0.0,49.23218253968253,46.251869228940244,46.019592,27.514954
2025-10-21 05:00:00,126.0,118.0,123.60885543210804,162.62016666666668,169.5472153057562,159.02924,133.94843
2025-10-21 06:00:00,388.0,343.0,446.08866334441734,399.46499603174595,414.599733830428,412.65964,395.91986
2025-10-21 07:00:00,994.0,816.0,1073.1491685915685,1182.709765873016,1173.9328891531454,1196.2522,1025.5164
2025-10-21 08:00:00,1802.0,1407.0,1527.2471622444518,1848.6554543650789,1802.0730674705906,1881.2472,1974.8599
2025-10-21 09:00:00,1005.0,878.0,1453.3035427390187,1516.385327380953,1331.5114127972117,1365.745,1065.7906
2025-10-21 10:00:00,651.0,571.0,867.2660893860066,745.2471666666669,737.8556159740818,742.87885,704.4319
2025-10-21 11:00:00,717.0,580.0,828.4840896961234,800.1257083333336,815.1584486610884,825.65247,774.76794
2025-10-21 12:00:00,839.0,657.0,919.7936461453,938.9952619047621,926.3396996182972,948.7259,981.38837
2025-10-21 13:00:00,865.0,677.0,1046.660544251524,1205.4800773809525,1165.099584794782,1181.4069,989.8087
2025-10-21 14:00:00,956.0,837.0,1104.4143373865431,1227.7825892857147,1208.6442224309726,1222.0968,1133.0962
2025-10-21 15:00:00,1330.0,1098.0,1332.6890928502064,1609.829833333333,1557.1464370118701,1572.8654,1616.8474
2025-10-21 16:00:00,1682.0,1359.0,1543.4363099905004,1877.4848095238087,1775.8714189111204,1768.4384,1906.4961
2025-10-21 17:00:00,2606.0,1986.0,1996.0936506198934,2658.951753968254,2458.9436270661163,2462.3704,2510.9937
2025-10-21 18:00:00,2130.0,1654.0,2062.084108183726,2487.634037698412,2374.2559866752176,2368.5784,2116.1018
2025-10-21 19:00:00,1374.0,1110.0,1605.31597934693,1581.49718452381,1578.256233450163,1642.1542,1534.3701
2025-10-21 20:00:00,1004.0,822.0,1089.6917518180855,1000.1503075396824,1011.1208169503282,996.6994,1173.9133
2025-10-21 21:00:00,767.0,643.0,899.5596452301395,846.4260119047617,860.7390799180955,860.03174,868.0459
2025-10-21 22:00:00,602.0,425.0,674.9776598635351,675.114984126984,668.7883742403988,668.31555,679.885
2025-10-21 23:00:00,327.0,228.0,371.6055277206615,418.1763154761904,398.56235623665583,408.0178,361.9654
2025-10-22 00:00:00,113.0,85.0,247.96048048482396,141.5140674603175,151.90015099584303,150.69348,182.0787
2025-10-22 01:00:00,31.0,44.0,0.0,34.92540277777777,37.03630053140885,34.395863,92.80975
2025-10-22 02:00:00,16.0,17.0,0.0,17.206242063492066,15.963961680504111,15.166085,6.8685913
2025-10-22 03:00:00,8.0,8.0,0.0,13.493847222222227,13.473362926440636,14.7846575,5.067871
2025-10-22 04:00:00,41.0,42.0,0.0,46.06259722222223,44.135580521834974,45.049248,18.497864
2025-10-22 05:00:00,141.0,126.0,106.47173686379551,163.13308333333333,155.43299924582257,158.17694,149.10504
2025-10-22 06:00:00,381.0,388.0,467.94825591334944,422.6179702380952,451.998864642746,436.71277,438.57318
2025-10-22 07:00:00,979.0,994.0,1086.6779910103064,1153.6590853174603,1176.467603766602,1168.335,1109.4205
2025-10-22 08:00:00,1826.0,1802.0,1617.6477204745065,1869.0652103174602,1867.1225089546958,1954.5629,1914.4205
2025-10-22 09:00:00,1044.0,1005.0,1448.1280162725789,1304.2190238095236,1283.8447659489455,1240.3627,1124.7977
2025-10-22 10:00:00,724.0,651.0,1004.8194298116618,937.668863095238,919.9951938899763,960.0599,761.18085
2025-10-22 11:00:00,799.0,717.0,944.1587607404571,953.2268511904762,928.4280020919516,966.0883,871.4694
2025-10-22 12:00:00,907.0,839.0,1061.6392380568973,1175.312793650793,1118.7250981916286,1133.6534,1064.29
2025-10-22 13:00:00,916.0,865.0,1066.1669285677895,1094.157517857143,1099.9726354449122,1065.476,1109.8008
2025-10-22 14:00:00,998.0,956.0,1123.1139701617813,1232.2741646825393,1213.7146984865212,1179.5737,1210.2308
2025-10-22 15:00:00,1318.0,1330.0,1459.3473559336487,2012.9022797619048,1770.4066023069279,1768.7324,1621.8572
2025-10-22 16:00:00,1721.0,1682.0,1652.9074578665452,2052.3345773809524,1911.4337132055214,1942.4142,1980.5342
2025-10-22 17:00:00,2430.0,2606.0,2038.3508045861981,2533.126821428572,2527.272337349789,2524.7275,2594.538
2025-10-22 18:00:00,1950.0,2130.0,2066.539049036329,2166.3263766233767,2134.859856988106,2177.9412,2022.8351
2025-10-22 19:00:00,1390.0,1374.0,1509.3415904663123,1428.8397817460316,1393.4144558822331,1376.964,1466.7335
2025-10-22 20:00:00,965.0,1004.0,1164.0322419454465,1033.9698809523811,1068.468060971836,1075.6304,1027.7999
2025-10-22 21:00:00,751.0,767.0,888.0404124276614,839.0736527777775,811.4199867249416,826.4838,839.5935
2025-10-22 22:00:00,555.0,602.0,658.1198308966025,602.1804186507936,607.8290098802954,604.6878,638.02466
2025-10-22 23:00:00,284.0,327.0,376.9794363866497,371.83565476190483,377.4011532934725,380.1155,360.00235
2025-10-23 00:00:00,121.0,113.0,229.65014748186047,143.4794603174603,143.63177624940266,142.68019,166.82684
2025-10-23 01:00:00,41.0,31.0,22.506940917807242,54.60026190476191,54.55093668852924,57.675636,58.20636
2025-10-23 02:00:00,24.0,16.0,0.0,34.62332142857143,33.193894981115974,29.337217,9.181946
2025-10-23 03:00:00,15.0,8.0,0.0,20.72490674603175,18.282524810531726,18.10908,4.171631
2025-10-23 04:00:00,28.0,41.0,0.0,28.51645833333333,33.682530525451874,29.495441,41.96631
2025-10-23 05:00:00,138.0,141.0,117.78103205175552,163.39547023809527,161.3629813553923,157.98392,124.13599
2025-10-23 06:00:00,362.0,381.0,419.8002152664543,387.4915833333335,378.07902029965175,373.06485,433.1969
2025-10-23 07:00:00,1024.0,979.0,1074.5785189603027,1151.4965873015876,1126.6590654174702,1139.7545,1028.7399
2025-10-23 08:00:00,1705.0,1826.0,1631.9304880719983,1863.285476190476,1841.3702105850698,1896.7605,1801.8485
2025-10-23 09:00:00,1106.0,1044.0,1448.848136199751,1367.193255952381,1287.6694351809726,1266.6742,1104.7175
2025-10-23 10:00:00,742.0,724.0,1046.8562251027845,888.2240357142853,898.8519992336084,945.6231,732.5393
2025-10-23 11:00:00,707.0,799.0,895.5311173391999,836.2560952380954,806.0850465981565,807.43024,864.4365
2025-10-23 12:00:00,886.0,907.0,1041.8962220086296,1152.5430833333332,1063.581632147709,1084.8368,1021.6832
2025-10-23 13:00:00,903.0,916.0,1028.4994697574825,1039.8906369047618,1002.1800091638418,1027.0966,1059.8291
2025-10-23 14:00:00,956.0,998.0,1109.4885265335438,1175.205246031746,1143.0988828691432,1145.9609,1147.9222
2025-10-23 15:00:00,1382.0,1318.0,1400.506367495967,1650.805944444444,1593.7754091809331,1623.1134,1551.4172
2025-10-23 16:00:00,1701.0,1721.0,1676.5594992899246,2137.641593253968,1894.85414787744,1977.1731,1879.6619
2025-10-23 17:00:00,2350.0,2430.0,2103.7082486309837,2751.4680714285705,2455.588558887914,2540.903,2472.5469
2025-10-23 18:00:00,2098.0,1950.0,2040.8462313160653,2363.1224523809533,2255.7662965740838,2282.3765,2094.6213
2025-10-23 19:00:00,1309.0,1390.0,1561.5580373432686,1479.6340416666671,1500.5232609438697,1470.1812,1445.9797
2025-10-23 20:00:00,942.0,965.0,1176.3625619649567,1102.4984007936507,1097.3112880638107,1115.4735,1023.49255
2025-10-23 21:00:00,789.0,751.0,922.9196959231624,848.9303035714281,872.1459415477959,871.38666,889.5995
2025-10-23 22:00:00,638.0,555.0,740.5090045348318,700.3795793650795,694.0340184989823,682.5553,696.1587
2025-10-23 23:00:00,361.0,284.0,485.97568925970387,489.03371626984125,473.4749850381854,487.92688,464.15295
2025-10-24 00:00:00,159.0,121.0,288.7133392981097,182.04881547619038,184.8932153480284,201.82999,242.63028
2025-10-24 01:00:00,91.0,41.0,93.8906660302813,100.33315476190475,100.67468535315263,100.730576,101.05435
2025-10-24 02:00:00,49.0,24.0,0.0,55.47282142857144,59.571936525572,51.43225,40.331238
2025-10-24 03:00:00,32.0,15.0,0.0,35.0077619047619,37.04638906914366,35.78476,12.644348
2025-10-24 04:00:00,44.0,28.0,0.0,55.90632738095239,53.72392470260415,51.81299,39.055054
2025-10-24 05:00:00,136.0,138.0,93.83109339763303,160.231494047619,158.66519709394063,154.82544,127.002045
2025-10-24 06:00:00,334.0,362.0,405.1529467654281,381.3765773809523,404.24639399253465,393.62335,380.75253
2025-10-24 07:00:00,775.0,1024.0,961.3702341106238,922.9340912698415,948.0408909321615,968.22095,887.72473
2025-10-24 08:00:00,1262.0,1705.0,1383.8911238492597,1429.3191031746035,1413.1756069356275,1471.3162,1465.8901
2025-10-24 09:00:00,980.0,1106.0,1309.4288117551732,1313.0243670634925,1245.9857315291028,1244.015,958.23785
2025-10-24 10:00:00,750.0,742.0,1001.4126547549597,941.9427063492059,915.4486257912824,948.8118,848.2454
2025-10-24 11:00:00,850.0,707.0,960.8713216397919,992.7745833333336,986.0341725992549,1013.3743,974.16016
2025-10-24 12:00:00,990.0,886.0,1083.4904049762015,1235.189962301587,1191.7217138356261,1186.4004,1156.6978
2025-10-24 13:00:00,1062.0,903.0,1131.1646745314283,1276.460071428571,1237.7935971580964,1239.6165,1236.905
2025-10-24 14:00:00,1118.0,956.0,1217.9706898979894,1416.681763888889,1368.1981839240143,1407.9607,1414.9832
2025-10-24 15:00:00,1433.0,1382.0,1469.4564093495414,1838.8565178571425,1693.7331248882442,1706.2584,1722.7861
2025-10-24 16:00:00,1628.0,1701.0,1642.98753805937,2005.8148214285725,1839.532863679317,1863.4847,1831.7513
2025-10-24 17:00:00,1909.0,2350.0,1883.9660926781887,2262.6052658730155,2118.2842108949035,2180.6064,1998.1342
2025-10-24 18:00:00,1657.0,2098.0,1820.5608445693342,1907.4621924603177,1869.617163848623,1913.8993,1593.9844
2025-10-24 19:00:00,1235.0,1309.0,1402.7752781408212,1352.1881726190475,1351.263367741847,1365.4565,1295.3346
2025-10-24 20:00:00,855.0,942.0,1080.9342480179032,1005.1983432539687,1007.5877130187117,990.7632,980.80896
2025-10-24 21:00:00,710.0,789.0,911.5946388800344,861.091938492063,910.1443634088233,890.6349,856.22284
2025-10-24 22:00:00,635.0,638.0,735.200857319891,705.9782023809524,711.7422539983667,689.3445,789.2416
2025-10-24 23:00:00,632.0,361.0,608.8174541387983,624.662267857143,635.296858034061,596.6839,623.96313
2025-10-25 00:00:00,452.0,159.0,665.3975172831285,487.36759794372284,498.9609300408863,503.04117,456.48804
2025-10-25 01:00:00,288.0,91.0,450.94664096397736,322.75075198412696,317.9255708268039,318.57446,328.0607
2025-10-25 02:00:00,194.0,49.0,315.54287312293155,214.55382341269836,223.32680997998608,219.47163,180.36368
2025-10-25 03:00:00,82.0,32.0,107.77654399485368,97.32389880952381,94.78617569753243,100.95444,99.28644
2025-10-25 04:00:00,54.0,44.0,1.5216178209906275,60.88851388888892,61.0473554722583,58.275654,41.794495
2025-10-25 05:00:00,72.0,136.0,0.0,77.31058928571433,70.90242303496274,71.95413,49.32263
2025-10-25 06:00:00,153.0,334.0,192.9137976296558,172.6383630952381,181.6620869535195,173.09317,126.88333
2025-10-25 07:00:00,262.0,775.0,434.5926568633324,344.01178571428574,335.8239889742024,317.90833,338.44873
2025-10-25 08:00:00,501.0,1262.0,787.9449344176277,623.287869047619,606.7889948476504,610.1531,555.20013
2025-10-25 09:00:00,923.0,980.0,1020.9775618865644,1045.7630555555559,1040.1049030777074,1021.40094,922.24384
2025-10-25 10:00:00,1148.0,750.0,1095.7832886121291,1117.7864563492062,1177.2819870634905,1133.531,1283.6562
2025-10-25 11:00:00,1403.0,850.0,1299.0991390012098,1494.879775793651,1521.8534777819289,1515.5267,1476.1746
2025-10-25 12:00:00,1510.0,990.0,1389.9019075267413,1604.6845734126982,1607.6464835062402,1616.3308,1701.2673
2025-10-25 13:00:00,1606.0,1062.0,1450.1338585151489,1676.0062559523808,1639.0087890118978,1647.5956,1768.2446
2025-10-25 14:00:00,1645.0,1118.0,1517.7089389027708,1772.6552976190478,1747.8721484809314,1804.7002,1817.0018
2025-10-25 15:00:00,1692.0,1433.0,1620.6123627695429,1824.947613095238,1805.4827099135405,1827.7175,1824.8369
2025-10-25 16:00:00,1559.0,1628.0,1661.3478123580574,1815.607642857144,1785.5539923064093,1755.4935,1764.2217
2025-10-25 17:00:00,1452.0,1909.0,1692.148062704385,1757.522111111111,1756.1209158090605,1759.7393,1633.0508
2025-10-25 18:00:00,1320.0,1657.0,1486.6724079926164,1457.4819404761904,1450.9888055380627,1436.1863,1346.7008
2025-10-25 19:00:00,1000.0,1235.0,1189.339174773195,1051.1152660256412,1104.630555356454,1115.187,1022.6871
2025-10-25 20:00:00,759.0,855.0,914.7816101367398,831.5909523809522,845.7954754057037,855.3051,850.81274
2025-10-25 21:00:00,697.0,710.0,734.150299050697,680.3032916666667,682.1545592574082,698.4739,749.7238
2025-10-25 22:00:00,721.0,635.0,746.7683468644856,708.676767857143,731.5811341136459,719.2401,643.2493
2025-10-25 23:00:00,689.0,632.0,780.8668231133673,732.4908373015874,763.5196333584114,752.91223,599.96185
2025-10-26 00:00:00,461.0,452.0,722.7574036827543,485.30639880952384,507.62465039647503,503.00842,531.06433
2025-10-26 01:00:00,322.0,288.0,498.9899032743297,346.0271686507936,350.89672508559556,342.34393,373.62036
2025-10-26 02:00:00,234.0,194.0,346.78200382963144,257.23154563492056,248.63019548134156,259.9859,217.26227
2025-10-26 03:00:00,117.0,82.0,150.70143562539272,151.4975892857143,140.33241138115503,136.25172,133.57352
2025-10-26 04:00:00,73.0,54.0,57.41849254414751,108.97398214285721,100.63737567042173,98.24635,52.631653
2025-10-26 05:00:00,203.0,72.0,171.17968621446573,214.0961309523809,210.59475813315896,204.16742,75.38202
2025-10-26 06:00:00,207.0,153.0,230.7112198919586,251.66233333333324,260.517666413337,252.2411,217.1131
2025-10-26 07:00:00,393.0,262.0,437.387637151781,437.5760178571425,445.8892786530976,449.8024,380.99365
2025-10-26 08:00:00,762.0,501.0,724.8782274918809,753.4308015873013,757.988792125445,788.4265,672.33356
2025-10-26 09:00:00,1028.0,923.0,1094.0227320887413,1112.5722397186148,1116.8399009320449,1079.0544,1071.7483
2025-10-26 10:00:00,1339.0,1148.0,1257.419235137165,1344.045666666667,1315.1698800250917,1301.4686,1505.2388
2025-10-26 11:00:00,1502.0,1403.0,1386.7635696285029,1431.5552202380943,1446.917896938349,1422.4957,1616.1421
2025-10-26 12:00:00,1630.0,1510.0,1504.7152704135192,1577.9773115079363,1593.6179842613747,1554.3232,1617.826
2025-10-26 13:00:00,1690.0,1606.0,1654.3416634222197,1857.0371547619052,1798.584359191247,1812.6049,1647.8306
2025-10-26 14:00:00,1615.0,1645.0,1575.3074306952171,1609.4350615079372,1639.5496436215617,1619.0892,1764.4401
2025-10-26 15:00:00,1543.0,1692.0,1641.9377317833967,1772.8935317460316,1726.7200950018303,1776.2764,1698.2253
2025-10-26 16:00:00,1424.0,1559.0,1508.332514270031,1578.4086726190474,1551.9915169921765,1541.3273,1639.8464
2025-10-26 17:00:00,1396.0,1452.0,1461.5674125657306,1583.8245972222223,1480.776815558518,1563.3798,1320.8159
2025-10-26 18:00:00,1151.0,1320.0,1350.9397411643058,1395.5439821428577,1367.3296874270436,1374.4716,1115.4652
2025-10-26 19:00:00,764.0,1000.0,964.1561703166996,873.1342797619046,873.3484853960636,892.4677,915.69995
2025-10-26 20:00:00,522.0,759.0,632.2790082267228,587.5876516955266,577.8323202752629,588.6552,694.2223
2025-10-26 21:00:00,443.0,697.0,561.8168420080191,536.724892857143,524.6203858435291,526.88074,529.7084
2025-10-26 22:00:00,428.0,721.0,501.2682813808595,441.51658928571413,447.12045163701254,451.97546,404.96204
2025-10-26 23:00:00,230.0,689.0,362.02819018281707,301.2699900793651,306.1116446704182,328.2783,260.8808
2025-10-27 00:00:00,105.0,461.0,269.890219664993,136.934751984127,140.22027500487474,137.99342,138.58469
2025-10-27 01:00:00,47.0,322.0,93.11958095798957,62.797589285714274,56.46585563138674,64.31992,56.48236
2025-10-27 02:00:00,25.0,234.0,31.879303988980155,36.66998015873017,36.339669559093245,32.129684,20.528564
2025-10-27 03:00:00,13.0,117.0,0.0,19.78627380952381,18.515406822953306,18.272242,8.420105
2025-10-27 04:00:00,34.0,73.0,0.0,44.04389285714286,39.464167968202055,42.096096,26.377563
2025-10-27 05:00:00,113.0,203.0,99.62921715786138,148.0828095238096,137.66773026073875,134.49971,133.54831
2025-10-27 06:00:00,365.0,207.0,444.3708050051504,431.2550198412698,462.62092028889,447.0102,383.15903
2025-10-27 07:00:00,786.0,393.0,831.2491188429622,942.8846071428575,947.6197037050448,963.02954,1001.2882
2025-10-27 08:00:00,1429.0,762.0,1243.9715980070973,1619.657880952381,1598.1645032032814,1602.4058,1529.5464
2025-10-27 09:00:00,910.0,1028.0,1316.6895018634223,1238.1027738095243,1179.154400779353,1192.0641,908.64575
2025-10-27 10:00:00,599.0,1339.0,967.2484148324216,710.7025654761906,691.4651435686917,706.34467,701.7361
2025-10-27 11:00:00,732.0,1502.0,1048.962844849142,902.2829920634923,856.2186972690788,885.48224,805.8096
2025-10-27 12:00:00,828.0,1630.0,1119.9827516753217,978.7851964285715,947.784844386881,975.6841,1019.34424
2025-10-27 13:00:00,889.0,1690.0,1201.1242597555936,1106.6251388888884,1086.0120368082064,1101.3057,1021.8823
2025-10-27 14:00:00,879.0,1615.0,1224.4136939862956,1119.1797539682539,1104.3807458239355,1104.7074,1063.1019
2025-10-27 15:00:00,1217.0,1543.0,1389.1446436502515,1501.7847202380954,1473.3911882206683,1429.7421,1335.7825
2025-10-27 16:00:00,1489.0,1424.0,1537.6407055599493,1922.3665773809514,1737.8508838583912,1746.4382,1665.405
2025-10-27 17:00:00,2070.0,1396.0,1679.336096973585,2288.4653849206347,2209.027485282732,2201.9065,2056.6074
2025-10-27 18:00:00,1708.0,1151.0,1715.2475407945578,2030.448410714285,1936.4478252983536,1965.7805,1694.1451
2025-10-27 19:00:00,1093.0,764.0,1299.0448795315665,1376.0235376984126,1344.6766340279203,1359.465,1263.1567
2025-10-27 20:00:00,727.0,522.0,904.7724490349892,905.9608690476188,901.455742633802,921.5042,870.98645
2025-10-27 21:00:00,582.0,443.0,712.9528978451785,710.4876408730157,721.4125003992881,718.7153,705.56866
2025-10-27 22:00:00,486.0,428.0,560.2943674774201,566.8988829365082,537.1018206810702,526.8673,511.45087
2025-10-27 23:00:00,257.0,230.0,280.5486834370579,297.5153353174603,304.162483728168,309.74365,299.8352
2025-10-28 00:00:00,82.0,105.0,199.2456965006728,109.34547619047618,115.35851783323236,110.80438,129.77594
2025-10-28 01:00:00,33.0,47.0,31.146297877337588,52.74633333333333,45.07698515712175,49.574333,51.389954
2025-10-28 02:00:00,26.0,25.0,0.0,26.875839285714274,27.787405391866542,27.149292,23.125
2025-10-28 03:00:00,11.0,13.0,0.0,14.502501984126981,13.810061934554474,12.894896,9.718872
2025-10-28 04:00:00,42.0,34.0,0.0,48.08560119047618,45.58795872099622,47.35119,23.788025
2025-10-28 05:00:00,112.0,113.0,125.69233297545594,149.16115476190475,142.13495098476963,137.80257,141.18787
2025-10-28 06:00:00,379.0,365.0,464.69677396154447,395.35947222222217,413.47021102410355,408.06308,389.7269
2025-10-28 07:00:00,914.0,786.0,1006.2824555548218,1012.9997619047623,1031.4723587536391,1054.2506,1055.0884
2025-10-28 08:00:00,1712.0,1429.0,1547.3445525596462,1838.59605952381,1822.963035053006,1889.3572,1791.0427
2025-10-28 09:00:00,1006.0,910.0,1328.4423404129525,1023.0505992063498,1026.9328036931286,1040.165,1060.6191
2025-10-28 10:00:00,618.0,599.0,914.5343154305822,833.295123015873,777.3791170953457,796.441,634.819
2025-10-28 11:00:00,640.0,732.0,815.1390995919287,779.2108988095239,785.4108709026656,798.12897,730.27386
2025-10-28 12:00:00,750.0,828.0,926.6290791712174,937.3388095238095,915.4512607494557,933.8158,892.6648
2025-10-28 13:00:00,799.0,889.0,979.4882625077794,987.8569464285714,971.2335130060471,989.7336,914.6936
2025-10-28 14:00:00,748.0,879.0,935.4472726184363,936.8318869047617,931.6783700548594,916.0924,1016.228
2025-10-28 15:00:00,1135.0,1217.0,1217.9019209502596,1444.6778333333332,1329.816404064945,1403.1858,1321.2563
2025-10-28 16:00:00,1433.0,1489.0,1441.887285262487,1727.7306964285706,1637.8855907536456,1641.5662,1493.8286
2025-10-28 17:00:00,2178.0,2070.0,1830.862085459248,2357.5804404761907,2320.1235162169146,2405.4924,1927.5701
2025-10-28 18:00:00,1720.0,1708.0,1790.3748362383897,1874.061521825398,1901.9353375545606,1857.8705,1713.7888
2025-10-28 19:00:00,1147.0,1093.0,1399.5317117298769,1400.8075487012977,1354.6798872310815,1389.0326,1248.7844
2025-10-28 20:00:00,737.0,727.0,983.203947834988,931.9680892857144,926.384539791904,929.59393,934.28595
2025-10-28 21:00:00,802.0,582.0,684.7160427294687,643.8940892857141,630.9779398154874,639.43024,763.7886
2025-10-28 22:00:00,575.0,486.0,658.4751178605018,591.9400912698414,601.150616124105,605.5801,519.72107
2025-10-28 23:00:00,262.0,257.0,317.4118185821787,302.45694841269847,314.35949294036106,314.98376,348.4529
2025-10-29 00:00:00,127.0,82.0,222.50794460151639,133.89666468253964,140.89905848092607,139.13309,145.05896
2025-10-29 01:00:00,47.0,33.0,65.43334578046358,61.788339285714294,60.221352524115815,57.241035,48.878967
2025-10-29 02:00:00,19.0,26.0,0.0,27.527297619047616,26.358212301020355,23.991688,15.831482
2025-10-29 03:00:00,12.0,11.0,0.0,13.58651190476191,13.265257316318753,19.331694,3.3452759
2025-10-29 04:00:00,31.0,42.0,0.0,38.1344880952381,43.18317227267358,38.917686,22.669739
2025-10-29 05:00:00,147.0,112.0,162.9584701997848,178.28741071428576,176.539743389528,173.46562,129.91858
2025-10-29 06:00:00,377.0,379.0,474.36938675308073,403.9852976190476,426.1858606124024,419.94733,455.4527
2025-10-29 07:00:00,910.0,914.0,1034.6295435613542,1016.1938214285718,1045.6845798251943,1055.303,1077.6318
2025-10-29 08:00:00,1755.0,1712.0,1587.8445878116163,1852.969527777777,1826.587668440789,1857.7319,1779.0752
2025-10-29 09:00:00,1038.0,1006.0,1411.6557590383818,1125.8958611111113,1137.03305988854,1162.8256,1070.0854
2025-10-29 10:00:00,601.0,618.0,891.4200036773924,803.1931587301589,755.8262854589277,798.3346,666.9328
2025-10-29 11:00:00,684.0,640.0,818.9931192799365,848.4718571428572,834.3426433877753,842.60114,698.2982
2025-10-29 12:00:00,784.0,750.0,914.1128994796079,949.5529226190474,921.0873535869567,940.203,889.92444
2025-10-29 13:00:00,804.0,799.0,941.5969037205259,1005.7856805555549,974.316266194081,979.6813,918.25793
2025-10-29 14:00:00,858.0,748.0,975.6273704410349,1107.837994047619,1113.0739618095256,1069.3131,1020.5665
2025-10-29 15:00:00,1141.0,1135.0,1216.4170464803046,1436.526512667888,1382.2297700214826,1369.3966,1435.9475
2025-10-29 16:00:00,1489.0,1433.0,1421.6008471184505,1731.1658273809524,1610.0970742090383,1625.9402,1587.4476
2025-10-29 17:00:00,2187.0,2178.0,1844.6134559211073,2367.949672619047,2283.39469547028,2386.5952,2054.1694
2025-10-29 18:00:00,1633.0,1720.0,1747.0185011657109,1788.0667499999993,1829.4401945079348,1800.8075,1649.1708
2025-10-29 19:00:00,1171.0,1147.0,1336.2399748655316,1302.2464583333335,1306.8711885837247,1324.6719,1071.476
2025-10-29 20:00:00,551.0,737.0,804.3121570157434,714.4319404761902,674.0400421043227,712.05475,802.2051
2025-10-29 21:00:00,342.0,802.0,494.765755525394,423.6888630952383,428.75582184086454,428.24673,556.8859
2025-10-29 22:00:00,318.0,575.0,359.7823513428632,376.4144285714285,356.73708632869926,361.92737,365.969
2025-10-29 23:00:00,167.0,262.0,171.87556539012508,237.8646190476191,229.74304289540524,232.58455,235.7944
2025-10-30 00:00:00,58.0,127.0,89.61303704258955,68.77663293650794,71.142436148752,73.569786,118.25372
2025-10-30 01:00:00,11.0,47.0,15.544418769989534,20.319005952380945,20.806361730712865,33.092342,9.706604
2025-10-30 02:00:00,5.0,19.0,0.0,7.692134920634919,11.863492447191735,17.873772,30.513977
2025-10-30 03:00:00,2.0,12.0,0.0,7.003349206349206,9.750889253219762,17.69379,0.0
2025-10-30 04:00:00,26.0,31.0,0.0,24.00552380952381,37.107730667204514,31.08247,12.780579
2025-10-30 05:00:00,90.0,147.0,50.95869340565116,112.4964007936508,112.04764075580617,105.17351,137.65881
2025-10-30 06:00:00,221.0,377.0,276.7456586001836,264.89308134920634,253.381476974436,247.9294,195.72528
2025-10-30 07:00:00,468.0,910.0,658.4862223078266,535.3637916666667,547.9177599862139,538.43225,584.47473
2025-10-30 08:00:00,638.0,1755.0,1025.8075523495663,742.886857142857,782.4399730248325,772.2835,1130.0388
2025-10-30 09:00:00,713.0,1038.0,903.2431986243564,822.6715059523808,806.0516251017268,798.3245,799.142
2025-10-30 10:00:00,446.0,601.0,660.8255002967044,563.4232202380953,578.4730981597442,603.37915,659.0711
2025-10-30 11:00:00,569.0,684.0,659.802740474891,678.9877460317459,672.3791014204443,672.5927,593.4727
2025-10-30 12:00:00,751.0,784.0,849.136123076023,873.7924999999999,888.4349459507149,887.2426,708.87146
2025-10-30 13:00:00,797.0,804.0,936.4982200848629,929.7067083333336,932.5426000220344,940.2674,875.3076
2025-10-30 14:00:00,942.0,858.0,1084.1145488851562,1243.007636904762,1209.1838745722962,1199.0117,1137.9973
2025-10-30 15:00:00,1221.0,1141.0,1335.8971045961403,1634.8286740620492,1584.2590567614816,1595.8505,1587.7871
2025-10-30 16:00:00,1641.0,1489.0,1544.766363981951,1860.2901269841261,1733.6674656998366,1774.1974,1950.4275
2025-10-30 17:00:00,2360.0,2187.0,1959.2765036557926,2476.37810515873,2388.3796397073797,2470.1458,2387.5083
2025-10-30 18:00:00,1931.0,1633.0,1884.6788145330047,2014.6710178571434,2037.9912425667126,2013.1957,1864.4559
2025-10-30 19:00:00,1361.0,1171.0,1450.4272537332267,1393.3709933261184,1380.3565266244038,1388.5193,1263.0024
2025-10-30 20:00:00,849.0,551.0,979.436096711164,977.7170753968253,974.1154132232261,969.87604,922.19714
2025-10-30 21:00:00,816.0,342.0,786.895300405583,806.1415275974025,839.9087615022485,827.508,777.38074
2025-10-30 22:00:00,570.0,318.0,603.5742247378938,607.7916567460319,594.4605584873808,593.8829,672.75183
2025-10-30 23:00:00,431.0,167.0,445.9985378620868,486.5694047619046,459.7357149153497,467.22736,390.24493
2025-10-31 00:00:00,219.0,58.0,356.2928860343902,238.29857142857136,239.66827547713072,251.99309,213.04877
2025-10-31 01:00:00,127.0,11.0,155.2692600606709,124.96443452380956,127.16987013792429,120.91601,112.22449
2025-10-31 02:00:00,80.0,5.0,39.77065048796851,80.50519246031745,78.51003139778429,76.65982,53.112366
2025-10-31 03:00:00,32.0,2.0,0.0,38.85801190476188,36.91370803935437,37.376656,27.341675
2025-10-31 04:00:00,44.0,26.0,0.0,52.120827380952385,47.44246805213838,51.165478,45.100098
2025-10-31 05:00:00,140.0,90.0,129.53741544953266,168.66861904761907,169.83504194526373,164.41219,115.59183
2025-10-31 06:00:00,310.0,221.0,337.95179787418533,343.6017976190475,337.5961965752197,334.79614,353.8691
2025-10-31 07:00:00,733.0,468.0,840.0143398956677,892.9779682539686,925.4944413053456,921.3664,743.6346
2025-10-31 08:00:00,1188.0,638.0,1103.4798915908327,1339.903696428571,1342.5290964952912,1301.5804,1474.5505
2025-10-31 09:00:00,927.0,713.0,1115.6643359345126,964.7729404761901,985.93041639481,1024.0225,1071.9132
2025-10-31 10:00:00,698.0,446.0,858.6399955788424,829.6092916666665,812.7925534361382,824.47577,788.3517
2025-10-31 11:00:00,887.0,569.0,950.1730619362154,1053.9596448412697,1040.666063381316,1055.9244,919.2792
2025-10-31 12:00:00,994.0,751.0,1091.4141057937468,1296.8234404761904,1225.1102321684884,1261.1421,1195.2656
2025-10-31 13:00:00,1079.0,797.0,1160.556440118277,1366.7266904761907,1344.4088593316653,1380.1234,1296.5148
2025-10-31 14:00:00,1108.0,942.0,1190.8292473925176,1353.594625,1330.7666412340864,1349.2556,1444.594
2025-10-31 15:00:00,1573.0,1221.0,1421.4049102414606,1807.0528650793647,1647.0609986018535,1696.4885,1667.8186
2025-10-31 16:00:00,1730.0,1641.0,1705.946634501428,2171.45622420635,1937.4431024902094,2005.3088,1902.3622
2025-10-31 17:00:00,1742.0,2360.0,1843.432428289497,2013.419309523809,1995.1687072853094,2025.8104,2136.6118
2025-10-31 18:00:00,1463.0,1931.0,1698.1029121733359,1691.998740079365,1722.455283087984,1755.2416,1571.9167
2025-10-31 19:00:00,1147.0,1361.0,1305.758019913545,1162.6913353174602,1174.7040463965336,1207.9974,1176.5837
2025-10-31 20:00:00,865.0,849.0,982.7941929323208,897.8827261904762,885.6575328039272,894.0251,871.5222
2025-10-31 21:00:00,764.0,816.0,867.4741891054035,790.9690317460314,806.8590137514557,799.0444,792.5751
2025-10-31 22:00:00,662.0,570.0,764.3151608670588,727.464236111111,741.9197307672983,738.4994,761.3836
2025-10-31 23:00:00,672.0,431.0,674.2459830671676,712.5617757936509,715.2271967963873,665.1978,657.9695
2025-11-01 00:00:00,658.0,219.0,766.2068537336584,579.4417261904764,572.0920550495359,559.713,491.21338
2025-11-01 01:00:00,617.0,127.0,701.3656896353457,492.0379550865801,552.8723783695158,532.3139,374.00272
2025-11-01 02:00:00,544.0,80.0,568.7383292186553,388.24381547619066,414.1871121109374,412.33978,279.29712
2025-11-01 03:00:00,276.0,32.0,391.8263607370094,297.9498805916305,288.7810360041295,292.4225,196.26614
2025-11-01 04:00:00,88.0,44.0,186.82260911380706,89.80336904761903,105.30636008729032,107.38641,156.15262
2025-11-01 05:00:00,63.0,140.0,39.814498737717145,91.85944047619051,82.19537205261712,80.033394,95.58496
2025-11-01 06:00:00,117.0,310.0,107.01092124122948,135.77283928571424,130.4200250821489,128.83385,140.84628
2025-11-01 07:00:00,206.0,733.0,340.801843975448,264.3960773809523,249.02143380940603,251.82762,279.07495
2025-11-01 08:00:00,406.0,1188.0,699.7296850074788,521.0249404761904,527.6942461105903,528.8219,516.2134
2025-11-01 09:00:00,702.0,927.0,881.0733328456204,837.8574642857144,841.0480444716429,835.59644,856.78534
2025-11-01 10:00:00,964.0,698.0,957.1664823691511,973.5045178571423,1023.8641911254432,1009.117,1095.0573
2025-11-01 11:00:00,1145.0,887.0,1227.741691951429,1346.3462023809523,1362.6256203098358,1420.7465,1293.2244
2025-11-01 12:00:00,1382.0,994.0,1328.4952161497208,1488.481666666666,1524.644062871791,1520.0684,1597.3782
2025-11-01 13:00:00,1572.0,1079.0,1403.2032689570128,1623.4175357142851,1622.8055391561354,1605.8333,1695.9937
2025-11-01 14:00:00,1632.0,1108.0,1522.950006044993,1787.3494345238098,1751.6591546295047,1786.394,1730.8269
2025-11-01 15:00:00,1649.0,1573.0,1651.280737723425,1809.8812142857141,1835.7986170740892,1830.5992,1779.6471
2025-11-01 16:00:00,1487.0,1730.0,1613.5685045539608,1647.3789107142857,1698.9230956001038,1705.8716,1741.639
2025-11-01 17:00:00,1498.0,1742.0,1532.3008655814547,1524.3033968253962,1565.3943016469161,1564.8682,1511.5532
2025-11-01 18:00:00,1432.0,1463.0,1389.66692234504,1315.3857182539682,1378.9896852544089,1343.6367,1235.9053
2025-11-01 19:00:00,1052.0,1147.0,1210.6113162284619,1107.562569444444,1160.5723960104085,1142.4103,957.6443
2025-11-01 20:00:00,845.0,865.0,927.8704926281121,852.858357142857,870.3735121924501,892.8861,860.31775
2025-11-01 21:00:00,648.0,764.0,760.3074449878525,695.2230753968256,696.5300078710997,714.97046,736.38226
2025-11-01 22:00:00,637.0,662.0,718.9323842712957,710.8824365079365,715.719952700221,695.22687,643.94025
2025-11-01 23:00:00,528.0,672.0,699.0056240427263,646.4530000000003,648.1216317580365,627.0869,594.8847
2025-11-02 00:00:00,531.0,658.0,788.0070515924401,509.8000873015872,517.3873724583044,506.82712,506.40283
2025-11-02 01:00:00,533.0,617.0,712.3185583166226,431.24356349206374,475.8143382092491,459.75,392.16266
2025-11-02 02:00:00,127.0,544.0,365.59823123209026,159.7781785714286,169.26427234940985,182.0345,263.8749
2025-11-02 03:00:00,75.0,276.0,146.86177225805955,83.25295833333335,88.10113987643174,97.89531,105.95517
2025-11-02 04:00:00,40.0,88.0,0.0,48.74525000000001,44.96059703962475,47.05422,49.996155
2025-11-02 05:00:00,51.0,63.0,0.0,67.05779166666665,64.57163270200004,62.871372,28.153992
2025-11-02 06:00:00,99.0,117.0,8.91565746946435,116.37269642857146,111.75647155309613,111.15219,96.28143
2025-11-02 07:00:00,219.0,206.0,170.02921845387812,251.50569444444432,225.61603957038295,233.06784,221.74838
2025-11-02 08:00:00,447.0,406.0,477.6372583348791,516.082837301587,514.7825885465692,510.6207,422.88928
2025-11-02 09:00:00,802.0,702.0,798.7806688687789,815.5161428571425,818.5432634421016,817.2015,804.65356
2025-11-02 10:00:00,1249.0,964.0,1137.5588580451274,1300.6333730158728,1295.899486566348,1261.4663,1150.271
2025-11-02 11:00:00,1377.0,1145.0,1370.6277537348712,1584.9372996031746,1542.0429580739633,1552.0126,1441.6713
2025-11-02 12:00:00,1466.0,1382.0,1430.7885467727378,1573.1039841269844,1571.7914089669177,1525.6365,1662.6831
2025-11-02 13:00:00,1577.0,1572.0,1526.0906630462455,1655.7764583333337,1602.0785680031836,1616.7661,1687.6068
2025-11-02 14:00:00,1535.0,1632.0,1583.9407873442353,1666.5894702380956,1649.7320260864567,1641.0751,1676.1466
2025-11-02 15:00:00,1505.0,1649.0,1645.7138875975297,1892.2116567460314,1767.5365435435292,1798.8046,1672.1655
2025-11-02 16:00:00,1586.0,1487.0,1538.683523287838,1683.2351726190484,1650.1398743943573,1654.0367,1627.9326
2025-11-02 17:00:00,1260.0,1498.0,1482.9568919691592,1528.2722261904762,1497.4585348676235,1589.3202,1351.8767
2025-11-02 18:00:00,845.0,1432.0,1167.9330954560437,1028.375557692308,1007.1231156868829,1049.1556,1056.3839
2025-11-02 19:00:00,632.0,1052.0,883.5296450308983,797.4865595238093,793.5984775616951,810.5646,765.2061
2025-11-02 20:00:00,503.0,845.0,690.5643334638502,652.1133908730161,627.0613807068711,622.1468,662.01117
2025-11-02 21:00:00,390.0,648.0,551.1363765564038,555.9364821428571,520.0255761726983,513.9174,549.3963
2025-11-02 22:00:00,360.0,637.0,451.1632309492547,428.1692932900436,413.40362208511095,422.95874,406.84668
2025-11-02 23:00:00,239.0,528.0,323.85230790800387,306.13932738095235,311.5502345216218,304.4235,252.72995
2025-11-03 00:00:00,143.0,531.0,325.8284781987377,158.6770952380953,153.25704855839828,159.09071,135.62225
2025-11-03 01:00:00,42.0,533.0,146.16338938545022,62.01901948051948,54.64532893060004,59.667664,60.11908
2025-11-03 02:00:00,23.0,127.0,0.0,30.033017857142855,26.299696771342013,26.279411,14.885315
2025-11-03 03:00:00,19.0,75.0,0.0,16.743698412698414,17.6313161511061,23.525015,0.0
2025-11-03 04:00:00,36.0,40.0,0.0,48.50820238095237,44.26615680634565,49.10212,17.879639
2025-11-03 05:00:00,125.0,51.0,91.63275195744336,169.7904642857143,158.1064843617291,153.72433,113.75632
2025-11-03 06:00:00,348.0,99.0,391.598763391405,428.03288437950926,448.2681691639282,436.2998,378.88092
2025-11-03 07:00:00,851.0,219.0,854.0724497942176,1139.775595238095,1094.4569214147284,1075.3977,975.0951
2025-11-03 08:00:00,1318.0,447.0,1113.2458944045256,1500.1521547619043,1476.4655960524105,1471.0573,1594.4917
2025-11-03 09:00:00,780.0,802.0,1098.4001067191982,956.6108809523813,929.9647842958713,959.4882,837.8194
2025-11-03 10:00:00,643.0,1249.0,927.9533875759353,817.9465952380951,726.7606234478209,784.1452,569.3587
2025-11-03 11:00:00,661.0,1377.0,977.8208364947709,908.5376031746034,844.4319764155551,858.41583,731.38727
2025-11-03 12:00:00,843.0,1466.0,1156.1484003573773,1182.248458333333,1166.2679855820554,1168.0214,950.1535
2025-11-03 13:00:00,848.0,1577.0,1239.0713150197653,1276.1931904761905,1252.6761307466354,1310.1898,1062.9172
2025-11-03 14:00:00,882.0,1535.0,1123.819846544673,998.6703373015873,994.3077298444063,1000.00775,1156.6471
2025-11-03 15:00:00,1168.0,1505.0,1340.5049160772683,1495.4357916666672,1449.9388415677734,1421.7844,1441.0623
2025-11-03 16:00:00,1602.0,1586.0,1606.1347014521725,2136.418593253968,1930.9044827755208,2006.0085,1560.3359
2025-11-03 17:00:00,2033.0,1260.0,1654.903043597632,2301.836323412699,2250.935118087267,2251.5063,2063.6318
2025-11-03 18:00:00,1474.0,845.0,1517.041422316568,1699.2173968253974,1749.769193530078,1730.629,1593.1342
2025-11-03 19:00:00,1063.0,632.0,1132.6196723016342,1138.677799603175,1161.8777286072745,1163.703,1078.5753
2025-11-03 20:00:00,739.0,503.0,833.9438028277624,838.8058670634916,831.6669610311172,854.10626,824.5443
2025-11-03 21:00:00,542.0,390.0,620.9644577892966,630.845505952381,614.7586761496456,617.3409,634.9808
2025-11-03 22:00:00,429.0,360.0,507.6180559916351,521.902851190476,498.2659375649541,498.16022,447.91467
2025-11-03 23:00:00,208.0,239.0,203.32622136482968,230.1398095238095,230.4525992270813,245.73831,282.1381
2025-11-04 00:00:00,99.0,143.0,196.5740891590637,110.04702380952378,112.69706723734303,111.318184,101.665985
2025-11-04 01:00:00,27.0,42.0,32.10294550974322,41.26944642857143,36.94346319635973,35.5868,39.346863
2025-11-04 02:00:00,17.0,23.0,0.0,18.248894841269838,18.28414554690324,23.412203,7.4231567
2025-11-04 03:00:00,17.0,19.0,0.0,22.0632803030303,20.541509555612983,19.742445,0.0
2025-11-04 04:00:00,42.0,36.0,0.0,49.75295238095237,47.68563754520926,51.03441,24.465698
2025-11-04 05:00:00,144.0,125.0,146.3577509951661,163.42447619047616,166.96526171075234,160.0319,134.32217
2025-11-04 06:00:00,426.0,348.0,527.9284707520063,450.8660297619047,452.21908643073596,455.53326,403.99677
2025-11-04 07:00:00,1067.0,851.0,1128.0031691288027,1372.8759999999995,1270.3119535939954,1260.3218,1106.2098
2025-11-04 08:00:00,1647.0,1318.0,1541.1513315761727,1866.8314365079368,1889.5241577349364,1880.2031,1990.831
2025-11-04 09:00:00,932.0,780.0,1308.875559102039,1025.748621031746,1067.6156468495506,1072.4609,1080.0623
2025-11-04 10:00:00,631.0,643.0,929.1346745400397,778.8687451298703,802.5108577715438,779.3177,654.784
2025-11-04 11:00:00,704.0,661.0,895.922809680128,915.7671967893217,885.4795991478211,917.3907,796.8818
2025-11-04 12:00:00,855.0,843.0,1020.6427896828386,1209.9519107142855,1100.5162370081375,1089.5891,968.66425
2025-11-04 13:00:00,799.0,848.0,1076.8231238362757,1305.5419047619048,1179.3285527639234,1173.0673,957.2925
2025-11-04 14:00:00,896.0,882.0,1083.5698493124034,1239.3457261904762,1169.9594022073231,1171.904,1108.228
2025-11-04 15:00:00,1211.0,1168.0,1307.768501706646,1552.7663750000006,1524.8281448228759,1494.964,1546.6692
2025-11-04 16:00:00,1589.0,1602.0,1665.4083001362992,2322.1607797619054,1965.1184398202818,2066.8865,1715.6812
2025-11-04 17:00:00,2136.0,2033.0,1855.6742769200637,2389.3033392857146,2368.175558967234,2400.329,2271.7383
2025-11-04 18:00:00,1669.0,1474.0,1673.063621224214,1695.089265873016,1735.1374327032668,1721.3143,1702.0442
2025-11-04 19:00:00,1108.0,1063.0,1287.194791848299,1211.6748134920635,1249.3152477349379,1237.7145,1126.0332
2025-11-04 20:00:00,723.0,739.0,919.0455826245559,865.3791904761902,827.8308996218982,842.9311,873.8368
2025-11-04 21:00:00,683.0,542.0,739.5899126166721,719.9612123015872,705.5014058717375,706.43713,730.09796
2025-11-04 22:00:00,504.0,429.0,594.6197320545389,553.252235930736,539.6115097557043,540.48425,542.90594
2025-11-04 23:00:00,274.0,208.0,292.63378924847063,305.767375,313.8708009973768,304.54755,313.57428
2025-11-05 00:00:00,100.0,99.0,205.0369149080376,115.23284325396826,112.86925183210839,113.979324,127.92117
2025-11-05 01:00:00,38.0,27.0,31.640095466908065,44.99010714285715,44.083880408816476,43.49954,40.10254
2025-11-05 02:00:00,22.0,17.0,0.0,22.355258116883125,22.62409163561783,27.824547,2.8842163
2025-11-05 03:00:00,11.0,17.0,0.0,14.831615079365074,13.34416607174921,13.565668,2.1900635
2025-11-05 04:00:00,35.0,42.0,0.0,45.15084920634922,44.96128447182596,48.61662,22.92627
2025-11-05 05:00:00,160.0,144.0,192.35383758575597,201.8710297619048,199.64429075484605,195.69989,126.81909
2025-11-05 06:00:00,384.0,426.0,498.71403646763594,421.08141071428565,438.17347083646723,435.29456,469.05807
2025-11-05 07:00:00,1022.0,1067.0,1124.0529747387468,1168.133033730159,1166.2176826603998,1171.0979,1102.826
2025-11-05 08:00:00,1740.0,1647.0,1581.8031252323315,1828.9436865079363,1821.6260706373741,1871.8722,1862.763
2025-11-05 09:00:00,1054.0,932.0,1438.6790637108475,1393.1976904761912,1299.5499985873685,1301.0839,1047.7083
2025-11-05 10:00:00,655.0,631.0,967.7991273811176,886.6815714285715,866.1349779253916,885.2223,675.69635
2025-11-05 11:00:00,721.0,704.0,867.0425151432711,825.0714861111113,828.61315210297,848.0493,772.3827
2025-11-05 12:00:00,836.0,855.0,976.9451432278213,1075.8730654761907,1018.8448887191861,1027.9271,940.3856
2025-11-05 13:00:00,924.0,799.0,1037.4776025142223,1207.647275793651,1126.3884505867254,1114.8275,950.5573
2025-11-05 14:00:00,953.0,896.0,1090.9349388596654,1161.623440476191,1110.3676779982404,1108.2202,1096.2212
2025-11-05 15:00:00,1207.0,1211.0,1299.4892052738996,1482.3812063492064,1423.0911583052134,1443.0769,1576.0869
2025-11-05 16:00:00,1808.0,1589.0,1640.2428670298332,2251.986797619048,1989.3640438189916,2030.3992,1683.1978
2025-11-05 17:00:00,2352.0,2136.0,1992.33187331833,2528.4104960317463,2505.3708750832875,2578.8992,2438.5923
2025-11-05 18:00:00,1788.0,1669.0,1860.532680266152,1965.2752142857144,1984.928285918552,1929.4637,1837.3782
2025-11-05 19:00:00,1327.0,1108.0,1431.5389949031655,1413.6059662698403,1349.5043502929523,1407.368,1262.8961
2025-11-05 20:00:00,844.0,723.0,1090.0467242547384,1034.8535595238097,1020.2983346236598,1054.4669,971.39545
2025-11-05 21:00:00,764.0,683.0,845.3160694223388,784.537347222222,789.9925488555551,805.7674,850.44366
2025-11-05 22:00:00,572.0,504.0,711.2217225236758,711.5603948412698,680.4295522076343,677.0485,626.15234
2025-11-05 23:00:00,272.0,274.0,357.24016907055153,339.329380952381,338.0296027706221,343.91873,409.66113
2025-11-06 00:00:00,120.0,100.0,284.0514804896043,158.17408730158732,160.51827501293047,166.07635,171.34283
2025-11-06 01:00:00,50.0,38.0,68.51747445458852,62.14325000000001,61.0367234706174,59.752316,98.579926
2025-11-06 02:00:00,22.0,22.0,0.0,25.63888690476189,28.607833394581903,27.725996,25.6156
2025-11-06 03:00:00,18.0,11.0,0.0,20.521744047619045,19.813678884190594,22.820442,9.942017
2025-11-06 04:00:00,35.0,35.0,0.0,42.17631547619047,47.25856923418781,46.09036,61.25006
2025-11-06 05:00:00,154.0,160.0,180.49865686192175,191.87004365079378,194.52253167628604,190.44681,146.40576
2025-11-06 06:00:00,413.0,384.0,559.6184311267904,498.55634722222237,517.2761959446955,513.3074,410.43643
2025-11-06 07:00:00,970.0,1022.0,1091.6707003103477,1147.306553571429,1110.087558602578,1113.4615,1143.7057
2025-11-06 08:00:00,1694.0,1740.0,1604.5671055728255,1851.3316547619036,1833.5600570928761,1861.4229,1805.3989
2025-11-06 09:00:00,1042.0,1054.0,1482.9759618265953,1518.3543551587309,1344.2743856610396,1334.4591,1142.3513
2025-11-06 10:00:00,631.0,655.0,956.8950126098339,848.0307023809527,797.4295422770948,837.0299,759.7109
2025-11-06 11:00:00,645.0,721.0,845.2143909359418,811.0503650793652,820.2681494450838,830.2739,782.0195
2025-11-06 12:00:00,770.0,836.0,938.7378674014186,992.7185833333334,964.5341451727232,957.4619,933.25037
2025-11-06 13:00:00,835.0,924.0,1050.14353647959,1210.1651071428569,1108.9407432848882,1126.9138,967.92365
2025-11-06 14:00:00,918.0,953.0,1073.7567115195861,1179.086458333333,1133.2914392567,1127.8875,1135.8286
2025-11-06 15:00:00,1256.0,1207.0,1330.977391063706,1563.7743412698424,1530.7961427829537,1512.7971,1515.5002
2025-11-06 16:00:00,1576.0,1808.0,1692.1391940103154,2180.3646289682547,1982.4629631311564,2075.867,1730.89
2025-11-06 17:00:00,2110.0,2352.0,1942.4716340316365,2441.087146825397,2384.2308351224583,2454.317,2317.038
2025-11-06 18:00:00,1594.0,1788.0,1813.1192515716941,1924.1844523809527,1922.546395748202,1921.4203,1766.1173
2025-11-06 19:00:00,1110.0,1327.0,1377.1568635012477,1301.4632083333338,1335.654954133861,1332.2877,1245.9913
2025-11-06 20:00:00,822.0,844.0,986.1464461530884,946.2882321428573,933.1873740597101,917.82477,917.77893
2025-11-06 21:00:00,699.0,764.0,820.5168875983354,758.5296666666669,763.57836418006,764.09357,749.39087
2025-11-06 22:00:00,562.0,572.0,624.96216644058,592.932607142857,590.0029499652289,587.8172,605.9385
2025-11-06 23:00:00,346.0,272.0,409.0296203255738,444.95692063492066,424.7090685909726,430.6265,371.01
2025-11-07 00:00:00,162.0,120.0,271.7331836635804,179.58972817460315,184.3245905402115,187.81122,179.36746
2025-11-07 01:00:00,88.0,50.0,117.64161777732193,85.18509126984128,86.90258884201113,86.978195,85.55493
2025-11-07 02:00:00,35.0,22.0,0.0,45.002599206349224,45.118283466173395,46.78525,32.693604
2025-11-07 03:00:00,18.0,18.0,0.0,22.18945238095238,22.572497440358973,22.089928,3.2999878
2025-11-07 04:00:00,39.0,35.0,0.0,52.94786309523809,51.809172145090464,55.285545,30.165894
2025-11-07 05:00:00,140.0,154.0,137.7415999088388,177.51079761904762,170.94900056681914,164.67397,121.05893
2025-11-07 06:00:00,335.0,413.0,416.3176548207183,387.8459563492063,395.6691924632494,384.87854,383.64603
2025-11-07 07:00:00,735.0,970.0,923.8070975503656,877.5252896825393,896.543162652043,889.54956,835.4773
2025-11-07 08:00:00,1295.0,1694.0,1423.6242518106028,1582.6390773809524,1527.5449584720648,1534.2723,1390.5446
2025-11-07 09:00:00,907.0,1042.0,1249.3772772479465,1025.1710714285714,1070.0662294124606,1116.9663,946.73645
2025-11-07 10:00:00,688.0,631.0,929.3411456737799,924.3966141774893,867.8894919865375,885.35077,694.44745
2025-11-07 11:00:00,808.0,645.0,917.7972576956588,1001.5382619047618,960.1058087438379,981.70886,845.96533
2025-11-07 12:00:00,981.0,770.0,1036.656949718932,1244.3320357142854,1169.9482303031382,1151.5651,1072.911
2025-11-07 13:00:00,1036.0,835.0,1048.9095135217394,1086.7560714285714,1117.2597373258502,1112.7415,1198.7256
2025-11-07 14:00:00,1138.0,918.0,1200.7609932568544,1360.0887023809526,1347.7142388882532,1375.5166,1382.3744
2025-11-07 15:00:00,1501.0,1256.0,1473.9648577944774,2001.3873452380958,1837.186844421826,1820.1984,1684.5369
2025-11-07 16:00:00,1642.0,1576.0,1682.4537130912952,2270.7538214285714,1995.4987978733996,2032.1007,1893.1116
2025-11-07 17:00:00,1702.0,2110.0,1778.153110156928,2029.028946428572,1976.1717056918558,2009.0144,1983.7697
2025-11-07 18:00:00,1471.0,1594.0,1547.3829185059383,1535.9019047619047,1540.772172378781,1579.0922,1408.4738
2025-11-07 19:00:00,1069.0,1110.0,1208.4264979195282,1185.9940654761901,1162.1360297615875,1139.1626,1070.6571
2025-11-07 20:00:00,745.0,822.0,978.6665983644475,939.0154464285714,934.2792215806529,928.5263,859.73676
2025-11-07 21:00:00,676.0,699.0,776.2807909572914,783.818954184704,769.0138064789281,761.7652,844.3428
2025-11-07 22:00:00,569.0,562.0,655.3937678119667,640.5702817460318,642.3376206119943,630.6345,704.8799
2025-11-07 23:00:00,381.0,346.0,455.60247482168677,498.6413928571429,507.8756668363374,492.74072,534.93384
2025-11-08 00:00:00,222.0,162.0,364.9381840933388,229.88049007936505,230.71858506298315,242.84512,326.57544
2025-11-08 01:00:00,93.0,88.0,132.44829776899678,99.25579563492062,106.40913145895288,110.658775,169.88403
2025-11-08 02:00:00,93.0,35.0,82.50962413481079,94.3179285714286,90.42899561150314,98.81486,63.778687
2025-11-08 03:00:00,58.0,18.0,29.763544730736044,60.19887500000002,56.32488538918445,57.159702,49.300903
2025-11-08 04:00:00,35.0,39.0,0.0,43.111402777777776,42.646092436261604,44.115574,40.77362
2025-11-08 05:00:00,55.0,140.0,0.0,67.2017738095238,65.32703142309099,62.473537,46.39624
2025-11-08 06:00:00,119.0,335.0,125.97994741037274,151.02085119047612,147.74619812616794,148.70184,124.44742
2025-11-08 07:00:00,275.0,735.0,408.23579987102596,350.5349186507936,330.9195103742821,324.1063,295.9441
2025-11-08 08:00:00,536.0,1295.0,860.4191792069057,700.8351666666671,686.4029430482698,684.44385,547.2835
2025-11-08 09:00:00,930.0,907.0,1044.0876317960694,1039.7331130952384,1049.1722862984363,1055.9089,1019.16705
2025-11-08 10:00:00,1269.0,688.0,1217.3980770736903,1357.2185238095235,1406.780235477683,1426.6664,1364.5513
2025-11-08 11:00:00,1771.0,808.0,1416.4430848241668,1730.7283333333332,1641.3310972638776,1707.2153,1674.7024
2025-11-08 12:00:00,1588.0,981.0,1484.619931008223,1713.9195595238098,1796.842912812993,1763.4843,1861.3691
2025-11-08 13:00:00,1716.0,1036.0,1556.4935687914626,1944.7117500000002,1932.8432715797292,1896.5743,1870.8275
2025-11-08 14:00:00,1723.0,1138.0,1621.6419560948111,2042.5989642857135,1947.448668013733,1979.3258,1920.449
2025-11-08 15:00:00,2027.0,1501.0,1692.9121385318397,1969.3223928571429,1977.0086969330578,1978.4624,1980.4359
2025-11-08 16:00:00,1799.0,1642.0,1769.192565401099,1887.3226607142851,1888.1692807808884,1899.0754,1895.4586
2025-11-08 17:00:00,1389.0,1702.0,1616.6960720950033,1571.4580238095234,1646.6117757526165,1680.4177,1788.8538
2025-11-08 18:00:00,1112.0,1471.0,1344.1180634834686,1256.7143750000002,1315.16737015701,1297.0917,1328.363
2025-11-08 19:00:00,907.0,1069.0,1060.6399657576846,978.1398988095236,1003.2742463696418,994.14325,972.3908
2025-11-08 20:00:00,752.0,745.0,803.7965087349098,743.3701051587301,756.3007486509706,752.0923,818.23474
2025-11-08 21:00:00,674.0,676.0,790.080723018575,754.9773809523808,801.866782581372,788.14386,705.2259
2025-11-08 22:00:00,670.0,569.0,807.1504502904529,786.2673272005771,843.6211193252661,830.8092,684.9779
2025-11-08 23:00:00,623.0,381.0,595.3262749409112,609.3417222222221,639.484293814293,617.5696,653.00934
2025-11-09 00:00:00,429.0,222.0,614.720867388275,454.84430952380967,459.202291149554,456.05463,471.47183
2025-11-09 01:00:00,298.0,93.0,399.0522316909412,314.48714285714294,314.87004329124164,313.9391,341.26227
2025-11-09 02:00:00,226.0,93.0,267.2874081608065,210.69124404761908,207.12240759064983,201.36273,186.15036
2025-11-09 03:00:00,114.0,58.0,135.02475369648278,133.60398611111114,129.55312817383967,131.48077,87.04944
2025-11-09 04:00:00,40.0,35.0,0.0,53.81539682539684,56.3281796963314,63.855373,48.65686
2025-11-09 05:00:00,59.0,55.0,0.0,76.57723124098125,74.15889211977864,74.21854,53.24774
2025-11-09 06:00:00,104.0,119.0,21.253924920295162,139.04943452380948,131.44726972022517,126.79914,116.00784
2025-11-09 07:00:00,237.0,275.0,273.2824351473923,315.7648591269841,324.245599202435,321.6941,264.59802
2025-11-09 08:00:00,436.0,536.0,517.2883143656579,518.1424960317461,520.8028504518364,518.25665,532.1848
2025-11-09 09:00:00,771.0,930.0,853.354274207529,861.3229047619046,846.4795101818462,852.45905,891.8694
2025-11-09 10:00:00,1024.0,1269.0,1113.1032376128046,1098.4210773809523,1155.1612583294298,1112.5114,1194.0327
2025-11-09 11:00:00,1156.0,1771.0,1294.1906566948305,1214.464773809523,1220.475977369707,1201.3456,1435.5961
2025-11-09 12:00:00,1371.0,1588.0,1395.872777700187,1482.45531547619,1501.5476505659303,1500.7484,1283.6365
2025-11-09 13:00:00,1338.0,1716.0,1424.8250129763312,1448.8134702380953,1478.9811430821794,1458.537,1423.2327
2025-11-09 14:00:00,1305.0,1723.0,1495.0729684291036,1541.661714285713,1556.271193975687,1557.6538,1561.4354
2025-11-09 15:00:00,1399.0,2027.0,1640.4940298403994,1872.1156924603172,1779.06626618646,1781.0203,1689.7793
2025-11-09 16:00:00,1425.0,1799.0,1517.3199515132087,1523.9060248917742,1549.1026503029307,1545.5679,1705.7894
2025-11-09 17:00:00,1180.0,1389.0,1357.7201194487175,1398.602361111111,1448.66546990266,1404.4022,1347.3508
2025-11-09 18:00:00,878.0,1112.0,1044.5076093916657,979.6328730158732,996.2239248440245,998.73096,1006.66
2025-11-09 19:00:00,666.0,907.0,835.1870385118875,814.4546210317458,778.3041244934419,807.427,751.5908
2025-11-09 20:00:00,372.0,752.0,512.4022237713349,457.378774891775,466.926712820382,478.88663,678.0176
2025-11-09 21:00:00,199.0,674.0,251.07854744613684,270.6721785714286,253.3560051150895,262.64633,441.19403
2025-11-09 22:00:00,301.0,670.0,362.3519169253083,384.2725178571428,344.4512061267413,332.32068,264.83624
2025-11-09 23:00:00,183.0,623.0,264.8512664896622,246.286628968254,246.22574835377415,241.21098,266.0494
2025-11-10 00:00:00,74.0,429.0,258.31673743022367,115.6462579365079,106.62990451619629,109.87283,118.76349
2025-11-10 01:00:00,33.0,298.0,75.98797085253739,36.352958333333326,35.98196375969631,41.446194,47.245667
2025-11-10 02:00:00,32.0,226.0,64.39918110294127,43.85339682539685,40.73635970664849,39.616714,6.2319336
2025-11-10 03:00:00,18.0,114.0,0.0,28.37402579365079,23.70605434259533,24.834137,1.0458984
2025-11-10 04:00:00,44.0,40.0,0.0,63.296444444444475,57.50467926199494,62.548756,0.0
2025-11-10 05:00:00,121.0,59.0,130.24815604494825,161.85541666666663,155.4057162879362,151.89513,95.51196
2025-11-10 06:00:00,313.0,104.0,324.8797858560833,346.1989285714284,333.3503785538861,327.23785,299.88892
2025-11-10 07:00:00,754.0,237.0,754.4611833067374,837.7225535714283,845.0528552988226,853.6098,588.15015
2025-11-10 08:00:00,1304.0,436.0,1156.8565234024086,1474.3696249999996,1492.584230753168,1492.1677,1227.0353
2025-11-10 09:00:00,820.0,771.0,1114.3421426597001,940.1352380952382,918.5891825865334,949.78577,1000.8841
2025-11-10 10:00:00,527.0,1024.0,859.1447200956252,710.7082619047619,664.6109093927679,665.35065,471.1532
2025-11-10 11:00:00,657.0,1156.0,916.7370645471332,878.3351944444445,835.1463090976312,854.66034,541.82574
2025-11-10 12:00:00,687.0,1371.0,960.0473022698857,824.8620833333327,798.5561045394916,825.9621,763.35114
2025-11-10 13:00:00,692.0,1338.0,1040.8507792910727,956.4884305555559,950.4132299251904,975.6215,754.6891
2025-11-10 14:00:00,688.0,1305.0,1013.127421297558,912.4773511904766,896.9127502748877,912.8701,904.7985
2025-11-10 15:00:00,978.0,1399.0,1223.1904529502253,1308.9822559523811,1286.179900403447,1293.8538,1060.748
2025-11-10 16:00:00,1220.0,1425.0,1442.095073718824,1827.519888888889,1569.2406697356278,1705.5441,1216.5571
2025-11-10 17:00:00,1420.0,1180.0,1420.335083549308,1821.5249126984124,1782.7911848674962,1771.3828,1455.8293
2025-11-10 18:00:00,1096.0,878.0,1273.5494683940242,1427.2215019841265,1352.4689891749736,1350.1537,890.5744
2025-11-10 19:00:00,771.0,666.0,890.2594241858601,848.145619047619,808.0597205987445,843.4722,630.974
2025-11-10 20:00:00,579.0,372.0,722.3065082220087,724.8874940476193,746.6927484965095,734.38635,536.1471
2025-11-10 21:00:00,419.0,199.0,496.7627505750912,541.095142857143,522.5287373446519,514.1933,512.5235
2025-11-10 22:00:00,283.0,301.0,359.79048003188853,376.33301190476186,373.7935060691345,365.43536,366.96222
2025-11-10 23:00:00,202.0,183.0,146.5529802936971,210.8461051587302,191.46842145918995,196.90802,218.4614
2025-11-11 00:00:00,85.0,74.0,227.64433940913767,113.80240476190471,116.39521477018731,124.4683,95.39252
2025-11-11 01:00:00,28.0,33.0,71.6098833362654,39.30763095238097,41.505874048114045,48.4945,132.5972
2025-11-11 02:00:00,8.0,32.0,23.765294367412935,16.550869047619052,17.599696974014293,27.469639,44.210083
2025-11-11 03:00:00,12.0,18.0,0.0,18.211440476190486,19.43416265575795,23.209078,27.562317
2025-11-11 04:00:00,36.0,44.0,0.0,37.44574603174603,36.296064491518,45.858974,59.42157
2025-11-11 05:00:00,99.0,121.0,126.59101130799621,130.85329761904765,115.53070703339971,119.49121,128.07687
2025-11-11 06:00:00,218.0,313.0,338.94936064738715,271.6798253968254,255.8042016755057,255.38719,276.18182
2025-11-11 07:00:00,476.0,754.0,731.4330649948203,566.4536309523812,578.9706746263116,571.3463,478.45572
2025-11-11 08:00:00,771.0,1304.0,1026.8939470319813,831.1770833333327,897.2436651417443,870.4644,710.3291
2025-11-11 09:00:00,639.0,820.0,916.9078709444926,771.4193392857146,747.1844491776327,748.91034,918.25256
2025-11-11 10:00:00,533.0,527.0,787.761848472804,719.9899523809523,707.5144415619637,727.32684,809.1839
2025-11-11 11:00:00,599.0,657.0,758.1848916295464,701.8104543650793,711.7309836422177,703.9312,811.9524
2025-11-11 12:00:00,692.0,687.0,885.1764959661266,962.4885376984124,906.0444781752634,910.2179,889.65424
2025-11-11 13:00:00,711.0,692.0,882.6983884271067,886.6287142857144,865.5714740509828,874.92596,1038.9186
2025-11-11 14:00:00,694.0,688.0,894.6882084053173,896.7226170634921,889.1290667385666,887.08356,1058.4227
2025-11-11 15:00:00,849.0,978.0,1066.7337515228621,1193.7571488095239,1120.5222377605014,1107.6757,1132.0088
2025-11-11 16:00:00,961.0,1220.0,1207.9781899114196,1311.1254464285716,1226.0138281607806,1239.5027,1236.408
2025-11-11 17:00:00,1130.0,1420.0,1288.8700675200669,1335.6958928571423,1384.6473231304287,1364.2418,1176.9714
2025-11-11 18:00:00,987.0,1096.0,1133.0074880224274,989.9554146825395,1038.3823636452132,1058.2506,1022.89246
2025-11-11 19:00:00,616.0,771.0,869.9771399913874,773.037833333333,758.9290247612203,775.8447,808.8612
2025-11-11 20:00:00,527.0,579.0,656.4310596751567,590.2825496031745,587.3385734528376,577.918,628.8615
2025-11-11 21:00:00,398.0,419.0,512.1266947702746,469.5426071428571,472.0944400940104,471.0779,512.9377
2025-11-11 22:00:00,341.0,283.0,408.7421623395348,406.2372142857143,409.92684262881454,407.77502,398.12555
2025-11-11 23:00:00,182.0,202.0,193.26069750341043,212.71470238095247,203.20372815949167,223.63733,284.4109
2025-11-12 00:00:00,85.0,85.0,241.98862037795044,118.33033333333333,113.3252928547741,107.59095,151.59488
2025-11-12 01:00:00,30.0,28.0,99.9440786386105,41.22250000000002,38.67208617209339,37.443924,46.28528
2025-11-12 02:00:00,14.0,8.0,15.509746318237603,19.357232142857143,19.51963950674057,19.440626,5.816284
2025-11-12 03:00:00,11.0,12.0,25.89325196784216,15.593922619047625,14.593429842103152,16.09586,0.0
2025-11-12 04:00:00,27.0,36.0,0.0,34.64011507936507,32.35390194660735,37.277782,0.0
2025-11-12 05:00:00,150.0,99.0,216.5154572086841,170.96385714285714,175.89108582908383,174.25685,130.22061
2025-11-12 06:00:00,348.0,218.0,483.98700478011506,394.09069444444447,407.5655783091444,397.03708,489.9631
2025-11-12 07:00:00,844.0,476.0,945.0538280783775,944.7869126984128,1015.9805032428848,977.736,984.5489
2025-11-12 08:00:00,1496.0,771.0,1367.0884398867172,1655.451047619048,1693.4616243259113,1688.1594,1360.7388
2025-11-12 09:00:00,841.0,639.0,1232.7857825495798,969.8429464285714,1002.2878939861531,1033.2662,783.55585
2025-11-12 10:00:00,575.0,533.0,813.3683222104106,696.8115178571429,640.9850162028034,670.05383,471.41577
2025-11-12 11:00:00,562.0,599.0,811.3325022609237,836.358621031746,790.1417998134249,807.63727,607.33136
2025-11-12 12:00:00,709.0,692.0,842.1378228497714,869.5170615079365,854.4098312168486,865.70593,720.3683
2025-11-12 13:00:00,757.0,711.0,952.1737991989595,973.40333531746,927.4965028366111,951.84125,761.51953
2025-11-12 14:00:00,804.0,694.0,1058.9316913761572,1289.5935000000002,1182.9760255433728,1163.4016,1060.3225
2025-11-12 15:00:00,1035.0,849.0,1108.4912936484725,1308.418668650794,1244.5678792300157,1195.1798,1455.9702
2025-11-12 16:00:00,1532.0,961.0,1487.5518646234407,2253.578940476191,1945.6151737232144,2029.9191,1619.0757
2025-11-12 17:00:00,1881.0,1130.0,1619.9035920253946,2237.9057261904763,2139.644553286215,2223.1555,1848.5845
2025-11-12 18:00:00,1426.0,987.0,1464.338006074061,1493.2177936507935,1480.2906398340199,1493.969,1306.9854
2025-11-12 19:00:00,1025.0,616.0,1190.044995029945,1183.102940476191,1164.1071014625416,1208.3297,894.6377
2025-11-12 20:00:00,832.0,527.0,935.8187643303953,945.1350952380953,959.1444443010546,944.55194,821.7284
2025-11-12 21:00:00,648.0,398.0,765.0413130681247,726.9253908730159,721.7857455606995,735.9639,658.05286
2025-11-12 22:00:00,436.0,341.0,537.8905632136009,514.2848591269843,500.1034482387405,499.6388,489.07285
2025-11-12 23:00:00,241.0,182.0,283.83880924953957,275.8004424603174,285.5148095765023,298.46664,288.14
2025-11-13 00:00:00,101.0,85.0,224.1295176573953,127.85035119047619,127.42394316004385,129.24937,138.78061
2025-11-13 01:00:00,40.0,30.0,66.35246050079206,53.72414880952381,52.85989600564625,52.16674,50.588013
2025-11-13 02:00:00,30.0,14.0,0.0,22.644452380952394,22.223108530449185,20.619791,17.660889
2025-11-13 03:00:00,18.0,11.0,0.0,24.263670634920633,21.793827342712675,21.807344,0.0
2025-11-13 04:00:00,26.0,27.0,0.0,36.12574206349207,37.57048731082827,37.418705,35.13684
2025-11-13 05:00:00,151.0,150.0,191.6262839542261,185.92080952380954,183.90596489218683,179.43498,110.94946
2025-11-13 06:00:00,380.0,348.0,501.21985768354784,415.5249107142856,441.40339578327706,425.3605,423.03043
2025-11-13 07:00:00,960.0,844.0,1125.8914312831967,1387.5541011904756,1261.084750507125,1261.1072,1039.4368
2025-11-13 08:00:00,1680.0,1496.0,1556.114626560462,1809.4846805555553,1795.0894285832458,1825.5497,1783.1194
2025-11-13 09:00:00,954.0,841.0,1346.7784529161345,1032.8725714285715,1110.7002646262638,1109.9545,1043.3746
2025-11-13 10:00:00,579.0,575.0,886.122527170337,833.2191031746033,778.841228484023,810.6082,616.93353
2025-11-13 11:00:00,575.0,562.0,742.0787434192152,783.8719404761899,791.6871131809336,800.84894,720.457
2025-11-13 12:00:00,712.0,709.0,888.7501544614832,964.1040519480517,965.7799849438264,962.8464,829.51843
2025-11-13 13:00:00,780.0,757.0,932.710968364888,905.1537067099566,937.1795295801919,957.75934,832.9917
2025-11-13 14:00:00,789.0,804.0,1035.0875262437187,1132.3745,1110.5868051573993,1099.098,1044.4324
2025-11-13 15:00:00,1234.0,1035.0,1265.3766006807205,1596.426244047619,1498.5570603135006,1482.117,1489.0039
2025-11-13 16:00:00,1538.0,1532.0,1575.56909259599,1951.3222499999995,1732.4989858263489,1810.1053,1755.0085
2025-11-13 17:00:00,1976.0,1881.0,1782.3657883375593,2212.365035714287,2088.8434227688203,2204.1045,2092.2136
2025-11-13 18:00:00,1505.0,1426.0,1626.404481575944,1621.0917162698415,1630.634286313432,1671.2036,1572.9941
2025-11-13 19:00:00,1024.0,1025.0,1188.5801702756003,1162.5610119047624,1147.1283940535734,1131.5854,1072.1003
2025-11-13 20:00:00,728.0,832.0,936.2184557390026,860.654809523809,875.2235634516863,888.8253,803.78986
2025-11-13 21:00:00,619.0,648.0,753.1796102892358,712.6790992063491,715.7001135402762,711.61884,692.72394
2025-11-13 22:00:00,494.0,436.0,583.9649857432746,590.6376958874457,558.5642110561852,548.9345,553.85724
2025-11-13 23:00:00,332.0,241.0,352.7740968943906,347.8600595238095,361.88797854149504,350.8223,344.3071
2025-11-14 00:00:00,167.0,101.0,289.48866881532496,177.57579491341988,189.3879949265627,188.45312,160.31503
2025-11-14 01:00:00,86.0,40.0,113.0145136172668,94.98399404761905,92.9221870064994,94.62761,86.07745
2025-11-14 02:00:00,51.0,30.0,26.869550024216892,49.234369047619055,51.83909227137851,51.585186,33.18524
2025-11-14 03:00:00,25.0,18.0,0.0,29.202107142857134,29.56594269918195,29.572617,7.673706
2025-11-14 04:00:00,40.0,26.0,0.0,44.190166666666656,45.893716891307065,47.8822,25.934448
2025-11-14 05:00:00,134.0,151.0,134.04448620884114,166.91752976190475,166.55078427677094,161.39252,99.54956
2025-11-14 06:00:00,349.0,380.0,442.7744580412093,397.2346666666666,416.28513336572314,412.1422,346.8276
2025-11-14 07:00:00,757.0,960.0,960.2316992356839,921.3813650793653,946.1578040454931,942.7332,873.50165
2025-11-14 08:00:00,1301.0,1680.0,1390.7520092233588,1489.3676607142856,1479.8036858863793,1510.9797,1418.5558
2025-11-14 09:00:00,903.0,954.0,1221.286305878743,1005.2088749999998,1039.5324502813519,1079.4264,891.15955
2025-11-14 10:00:00,648.0,579.0,893.962037759492,863.9371785714287,839.4539784932813,836.7617,663.1361
2025-11-14 11:00:00,717.0,575.0,859.6435356802782,857.8322242063491,900.0032982918984,898.49365,806.83514
2025-11-14 12:00:00,842.0,712.0,891.992620050198,892.0979388528139,916.8129454479481,918.5327,1021.2543
2025-11-14 13:00:00,904.0,780.0,978.2432552976637,1038.4768611111108,1035.7236475257303,1046.9486,1059.402
2025-11-14 14:00:00,980.0,789.0,1071.1804769528844,1358.165642857143,1257.607381342954,1234.4546,1245.637
2025-11-14 15:00:00,1283.0,1234.0,1327.7012091494662,1625.7214246031754,1528.6498968276417,1542.8582,1484.1824
2025-11-14 16:00:00,1463.0,1538.0,1536.0031703337902,1800.5782202380951,1665.898712878664,1724.7754,1634.8765
2025-11-14 17:00:00,1664.0,1976.0,1675.5660174266386,1875.517867063492,1768.6069933247263,1855.6697,1713.7837
2025-11-14 18:00:00,1312.0,1505.0,1492.7504609315872,1519.35073015873,1498.050615051844,1555.0863,1370.0388
2025-11-14 19:00:00,1027.0,1024.0,1115.9119195972094,1039.253287698413,1055.428331635408,1083.4889,1022.4133
2025-11-14 20:00:00,767.0,728.0,864.7910955687628,833.347875,789.4536481300509,828.2634,825.85535
2025-11-14 21:00:00,621.0,619.0,734.4700114848181,721.3896884920636,719.8560539372361,705.1124,751.7147
2025-11-14 22:00:00,577.0,494.0,620.712869373524,618.2010198412697,617.6093631560382,599.4274,673.8711
2025-11-14 23:00:00,547.0,332.0,559.9912635659255,603.4944226190476,614.2493604517404,571.62305,551.3026
2025-11-15 00:00:00,439.0,167.0,649.0208399275895,459.28463888888894,461.71325421025847,456.838,413.44836
2025-11-15 01:00:00,306.0,86.0,445.6747989999696,309.65553571428563,309.48759049195326,309.53387,299.7989
2025-11-15 02:00:00,186.0,51.0,281.88488036388236,210.93194841269843,200.62362063723944,202.41371,159.80887
2025-11-15 03:00:00,78.0,25.0,114.60438152511165,94.92571428571429,94.87662019365447,91.31417,84.72302
2025-11-15 04:00:00,44.0,40.0,0.0,57.87973214285714,58.489002835386394,58.7299,34.990906
2025-11-15 05:00:00,67.0,134.0,45.891113461468194,88.34020238095239,83.58841702469817,81.65128,48.313965
2025-11-15 06:00:00,132.0,349.0,206.57918246040748,177.9445416666666,181.12959050079482,174.04897,132.18823
2025-11-15 07:00:00,227.0,757.0,432.30329601230187,347.91780952380947,342.26866154522776,317.05872,345.24277
2025-11-15 08:00:00,485.0,1301.0,798.908956141189,638.2673690476188,617.3839605919698,616.01306,557.6033
2025-11-15 09:00:00,800.0,903.0,959.8242296235235,901.362795995671,923.7530487084539,929.6351,906.8242
2025-11-15 10:00:00,1198.0,648.0,1086.4798126312155,1288.2062658730158,1249.7056436418964,1213.9532,1146.2985
2025-11-15 11:00:00,1389.0,717.0,1256.7593426400617,1511.7152261904762,1484.6511590934763,1511.9395,1395.7339
2025-11-15 12:00:00,1261.0,842.0,1284.7103812222972,1479.1636884920645,1500.796277182757,1486.6669,1548.7749
2025-11-15 13:00:00,1222.0,904.0,1285.975800593449,1527.885632936508,1484.2201949773823,1520.0817,1651.3524
2025-11-15 14:00:00,1565.0,980.0,1350.326096387595,1650.6929623015872,1558.6392219254526,1580.7225,1623.8102
2025-11-15 15:00:00,1497.0,1283.0,1516.8956015262775,1741.357418109668,1713.7236427020014,1742.9033,1639.5339
2025-11-15 16:00:00,1346.0,1463.0,1479.209445389352,1573.9245813492066,1518.4413388456894,1532.5067,1593.9866
2025-11-15 17:00:00,1158.0,1664.0,1383.8220656318047,1336.2502380952383,1348.5899549765713,1356.7317,1349.8889
2025-11-15 18:00:00,1020.0,1312.0,1195.137715156725,1098.5721607142855,1105.7032953866487,1106.087,1038.4142
2025-11-15 19:00:00,817.0,1027.0,1005.4872242006719,926.5567083333332,942.6540872456549,937.8863,876.2516
2025-11-15 20:00:00,723.0,767.0,849.3047466633215,794.5437676767673,802.2828963082462,787.50476,786.44885
2025-11-15 21:00:00,628.0,621.0,791.3611407082527,742.8429980158727,779.972177608531,770.3158,711.8594
2025-11-15 22:00:00,699.0,577.0,763.2361962295305,717.4607916666663,756.7101793986814,730.3018,665.0496
2025-11-15 23:00:00,615.0,547.0,737.4132753295642,680.048404761905,677.5205203686949,678.64856,590.633
2025-11-16 00:00:00,463.0,439.0,764.1765207026612,518.6173939393942,520.4584704642932,517.07086,480.17255
2025-11-16 01:00:00,349.0,306.0,533.0244797392272,344.4581091269842,360.06175384196825,337.96375,342.464
2025-11-16 02:00:00,218.0,186.0,355.55155683197484,231.2800376984127,224.70978301593638,221.4872,194.94812
2025-11-16 03:00:00,111.0,78.0,138.76584277687772,119.10308531746035,116.70386229503917,117.59508,110.121826
2025-11-16 04:00:00,44.0,44.0,0.0,49.63150595238097,48.96370451316603,52.115723,50.16577
2025-11-16 05:00:00,46.0,67.0,0.0,60.267375,60.60447617994016,61.551914,33.518555
2025-11-16 06:00:00,130.0,132.0,113.50407673527252,165.2778214285714,161.42065410765116,162.08202,100.44458
2025-11-16 07:00:00,212.0,227.0,221.63032349485377,258.57064484126977,251.30857854134672,252.19398,253.3104
2025-11-16 08:00:00,471.0,485.0,552.3688003714474,546.0097857142857,534.0949637766577,524.3106,462.9744
2025-11-16 09:00:00,750.0,800.0,907.2011197565603,848.9944583333333,867.4595078868389,877.3455,898.9437
2025-11-16 10:00:00,995.0,1198.0,1168.8613425120066,1096.622166666666,1149.5826963094764,1096.7554,1297.7378
2025-11-16 11:00:00,1069.0,1389.0,1274.6592547401942,1265.1362023809522,1260.884254047329,1237.5818,1342.6094
2025-11-16 12:00:00,1265.0,1261.0,1249.6882477769495,1259.4301309523808,1248.5247469814788,1267.0452,1330.7476
2025-11-16 13:00:00,1222.0,1222.0,1326.051896301996,1390.420190476191,1379.9124900426025,1366.358,1299.0634
2025-11-16 14:00:00,1147.0,1565.0,1394.7492349595832,1371.1215753968254,1368.368199197457,1378.6758,1370.8187
2025-11-16 15:00:00,1163.0,1497.0,1353.3512046737399,1341.4211071428567,1344.6689120409933,1359.4246,1391.8623
2025-11-16 16:00:00,1029.0,1346.0,1276.5612390948963,1255.6349523809522,1269.4591482545234,1242.2611,1250.1453
2025-11-16 17:00:00,859.0,1158.0,1048.373826351566,977.1444960317459,977.8634840992476,974.69434,1046.3708
2025-11-16 18:00:00,729.0,1020.0,909.4569186654453,807.5175416666665,823.2313136267097,847.0136,750.34326
2025-11-16 19:00:00,509.0,817.0,682.4891181199022,653.2540476190475,608.16252783817,604.26044,601.60516
2025-11-16 20:00:00,425.0,723.0,542.1344838534204,447.5622341269842,458.54390570877433,455.3084,467.328
2025-11-16 21:00:00,341.0,628.0,479.9715685408894,427.1069146825398,425.0741192615108,422.6926,388.79706
2025-11-16 22:00:00,301.0,699.0,438.3624116614616,371.2904523809524,343.84943753403456,341.36023,315.55173
2025-11-16 23:00:00,173.0,615.0,281.2470063066846,228.63599603174606,222.18272625759312,233.18687,209.08603
2025-11-17 00:00:00,62.0,463.0,254.1700911489766,85.90329960317459,86.3620811024533,83.83823,96.99286
2025-11-17 01:00:00,44.0,349.0,141.8732043798817,49.77394642857143,50.66187328033373,52.192535,15.671082
2025-11-17 02:00:00,27.0,218.0,97.87141242745292,45.14066666666667,43.86336723463688,36.450077,2.4320679
2025-11-17 03:00:00,16.0,111.0,0.0,19.516232142857152,17.463624420168927,16.54476,0.0
2025-11-17 04:00:00,33.0,44.0,0.0,41.19715277777775,36.367804570609295,36.30312,5.4819946
2025-11-17 05:00:00,134.0,46.0,163.4621966360604,168.60511904761904,165.9735294083673,157.29149,77.737915
2025-11-17 06:00:00,374.0,130.0,452.6503054845376,411.1778710317459,397.2677447816765,400.2705,353.3788
2025-11-17 07:00:00,831.0,212.0,892.7809706570533,1021.0479563492064,1030.4681719866928,1041.3341,871.97797
2025-11-17 08:00:00,1404.0,471.0,1221.2023029701409,1558.1212480158733,1554.2124516738247,1550.7137,1350.4207
2025-11-17 09:00:00,723.0,750.0,1123.1155195725985,866.2245862193363,863.115678951866,866.8681,806.574
2025-11-17 10:00:00,421.0,995.0,744.2027622683152,522.3865714285715,522.4219159070846,543.7719,536.2195
2025-11-17 11:00:00,474.0,1069.0,780.8591502366031,694.0116845238097,685.3389223573326,690.193,580.90393
2025-11-17 12:00:00,638.0,1265.0,901.2064506914696,856.2690138888887,812.6519393601169,846.9913,743.3371
2025-11-17 13:00:00,659.0,1222.0,980.9367220840568,928.0513333333332,887.2264769916657,923.5048,755.1323
2025-11-17 14:00:00,636.0,1147.0,938.67955842775,865.168199134199,816.2689011689209,835.2598,843.27356
2025-11-17 15:00:00,970.0,1163.0,1176.1975239332378,1339.4035654761901,1251.5933155233931,1317.4595,1101.5559
2025-11-17 16:00:00,1260.0,1029.0,1306.3562700565067,1574.12566540404,1445.0613972161902,1533.5039,1346.6819
2025-11-17 17:00:00,1683.0,859.0,1425.5141683244974,1885.610589285715,1826.5298228676832,1857.5114,1713.261
2025-11-17 18:00:00,1299.0,729.0,1390.8097573324626,1557.5625238095238,1458.0600203389251,1536.9172,1441.4414
2025-11-17 19:00:00,865.0,509.0,1051.2725542984408,1086.0460178571425,1072.5307324007465,1074.6443,1036.6107
2025-11-17 20:00:00,657.0,425.0,767.8698948816036,763.1256607142855,768.9221885772155,768.13916,730.1012
2025-11-17 21:00:00,515.0,341.0,604.5703317555898,623.3300257936506,587.2874300837937,578.65533,571.071
2025-11-17 22:00:00,370.0,301.0,486.50926463152774,482.6366626984125,464.99182731156066,457.68967,418.20728
2025-11-17 23:00:00,210.0,173.0,222.76173178390502,241.14366865079353,234.55994527826687,245.26195,247.54181
2025-11-18 00:00:00,59.0,62.0,148.81446658195466,94.854753968254,84.99602415239926,85.14958,94.92395
2025-11-18 01:00:00,38.0,44.0,57.103465338773276,54.05830357142855,49.372425275525366,50.91892,21.255066
2025-11-18 02:00:00,17.0,27.0,19.847032566822236,26.6163134920635,29.97306301938741,28.048044,0.0
2025-11-18 03:00:00,11.0,16.0,0.0,14.886365079365083,14.51695446736317,14.642501,0.0
2025-11-18 04:00:00,35.0,33.0,0.0,34.33645238095236,32.88765529007655,35.607445,20.539734
2025-11-18 05:00:00,138.0,134.0,171.54182505335217,167.54208333333332,166.6211365907093,159.67346,104.86804
2025-11-18 06:00:00,373.0,374.0,497.89555335607315,418.7942718253969,427.84148123779977,413.7326,377.31458
2025-11-18 07:00:00,1001.0,831.0,1074.1293954375656,1164.6064285714288,1116.547917522869,1114.0099,1036.0092
2025-11-18 08:00:00,1693.0,1404.0,1600.8951501896806,1946.7473809523817,1937.8722797356193,1960.7705,1794.6862
2025-11-18 09:00:00,926.0,723.0,1304.4468404741979,1013.768142857143,1065.9656176749972,1063.9735,1051.6453
2025-11-18 10:00:00,447.0,421.0,697.1394867129735,573.8150892857144,558.625114665994,580.0281,571.10443
2025-11-18 11:00:00,501.0,474.0,638.9582674559394,720.5638690476193,687.8534061263357,701.94934,604.51306
2025-11-18 12:00:00,618.0,638.0,751.9402319642203,810.8491428571427,768.9392178143609,809.82434,738.9728
2025-11-18 13:00:00,617.0,659.0,785.9190542651431,828.2144999999997,860.1104784403093,872.233,725.07733
2025-11-18 14:00:00,670.0,636.0,819.163943779492,998.6284781746031,955.2299923658651,948.26135,854.61224
2025-11-18 15:00:00,980.0,970.0,1083.8176252898138,1292.088089285714,1237.6795834390578,1221.3265,1150.9199
2025-11-18 16:00:00,1343.0,1260.0,1325.798123103911,1584.1754365079373,1452.801290017025,1534.8646,1329.0022
2025-11-18 17:00:00,1437.0,1683.0,1524.4551672183825,1685.1466428571437,1726.5521091177293,1699.9121,1659.0466
2025-11-18 18:00:00,655.0,1299.0,1098.5645178273685,898.7800972222221,882.6427016356646,929.94574,1261.3479
2025-11-18 19:00:00,351.0,865.0,547.2514164368205,454.52680158730124,462.0177517535581,455.61182,607.59454
2025-11-18 20:00:00,365.0,657.0,458.37810098121577,454.2075853174605,473.42397615275,463.82562,431.6726
2025-11-18 21:00:00,310.0,515.0,361.7037702291273,392.4544880952379,389.684689167747,375.00903,377.86108
2025-11-18 22:00:00,241.0,370.0,272.2449330333552,310.00853571428576,307.43569777218676,303.24255,262.72537
2025-11-18 23:00:00,129.0,210.0,88.6782029634071,206.10873214285718,183.70741574003773,184.78233,147.91171
2025-11-19 00:00:00,51.0,59.0,98.36387167377285,62.04250793650794,58.58208150678554,58.687275,68.707886
2025-11-19 01:00:00,13.0,38.0,6.204052301807565,18.66754166666667,16.977429701471323,19.799332,4.9865723
2025-11-19 02:00:00,12.0,17.0,0.0,15.360569444444444,14.298798585264736,16.631725,0.0
2025-11-19 03:00:00,9.0,11.0,0.0,12.87377380952381,13.846605510778787,16.113361,4.028015
2025-11-19 04:00:00,32.0,35.0,0.0,43.323916666666655,38.475886407562506,43.96956,7.2597656
2025-11-19 05:00:00,144.0,138.0,176.5080329049527,175.35511904761898,186.5986758704502,170.764,92.671265
2025-11-19 06:00:00,413.0,373.0,521.0672153781326,457.3574801587302,488.85441039410114,470.99268,413.7561
2025-11-19 07:00:00,955.0,1001.0,1074.1253774243148,1082.4205238095237,1079.3394245939446,1078.7029,1058.7255
2025-11-19 08:00:00,1606.0,1693.0,1527.6092009775077,1697.8016785714287,1769.146953506866,1736.1548,1630.9287
2025-11-19 09:00:00,908.0,926.0,1276.831871437481,974.6653571428574,990.1090575862295,1010.83124,934.9519
2025-11-19 10:00:00,475.0,447.0,697.7534606861009,589.887025793651,562.6589459209061,585.6625,588.57324
2025-11-19 11:00:00,503.0,501.0,618.9415060827424,647.9063214285718,644.7910444703907,647.61035,597.3115
2025-11-19 12:00:00,575.0,618.0,651.7623250950224,697.9061567460317,684.066095794352,691.0787,732.40546
2025-11-19 13:00:00,630.0,617.0,716.5980837432412,770.6550218253968,797.3980280318765,789.1353,675.79
2025-11-19 14:00:00,648.0,670.0,804.3180741428894,890.9911666666666,843.358119828324,855.4795,776.29456
2025-11-19 15:00:00,970.0,980.0,1047.3192813481874,1194.3330476190467,1190.0163226328496,1167.0151,1125.6287
2025-11-19 16:00:00,1329.0,1343.0,1403.7755357275337,1740.8576130952383,1599.6992872820085,1691.2976,1323.2883
2025-11-19 17:00:00,1783.0,1437.0,1550.8797448821101,1889.2655654761904,1872.345017430603,1875.2296,1806.3547
2025-11-19 18:00:00,1446.0,655.0,1357.165278939116,1471.8733492063484,1486.6083738456114,1526.5061,1323.2092
2025-11-19 19:00:00,1005.0,351.0,1039.6839122010542,1148.8201666666664,1153.0912769028969,1127.1957,925.0148
2025-11-19 20:00:00,693.0,365.0,770.0876824646482,796.1624960317463,803.9583193531649,791.4476,779.8537
2025-11-19 21:00:00,609.0,310.0,613.401763604904,657.2214365079365,635.0942051168438,640.96277,634.2806
2025-11-19 22:00:00,435.0,241.0,453.2139006295615,489.7445297619049,487.30862178993027,486.6556,459.79462
2025-11-19 23:00:00,245.0,129.0,272.19749536991196,315.14698015873006,327.8039925577462,327.83817,248.26724
2025-11-20 00:00:00,96.0,51.0,208.34644657255,142.87386904761902,139.57788856331285,139.41556,125.54971
2025-11-20 01:00:00,48.0,13.0,84.99926712552224,66.21000595238093,62.570538191783676,60.930145,43.309753
2025-11-20 02:00:00,6.0,12.0,0.0,9.331035714285713,13.443724611794067,13.53989,17.121277
2025-11-20 03:00:00,25.0,9.0,0.0,32.546009920634916,30.4269380362727,30.323282,0.0
2025-11-20 04:00:00,34.0,32.0,0.0,39.52280952380952,38.342896324049256,42.27162,30.62378
2025-11-20 05:00:00,159.0,144.0,161.64513936372362,172.17284523809525,174.57462430762382,175.04442,107.924805
2025-11-20 06:00:00,356.0,413.0,438.9880980943475,385.4433749999999,371.7448771182028,367.14725,418.91626
2025-11-20 07:00:00,987.0,955.0,1025.0309538455035,974.2191190476192,1051.829138600653,1010.9947,987.4452
2025-11-20 08:00:00,1614.0,1606.0,1581.270683773002,1814.6167400793647,1832.5315909943515,1861.705,1631.6947
2025-11-20 09:00:00,857.0,908.0,1263.6613756542602,967.8222083333333,986.9063250711289,1002.77136,1005.5438
2025-11-20 10:00:00,472.0,475.0,702.5291766900374,644.798388888889,620.6158291820716,636.7837,595.5866
2025-11-20 11:00:00,562.0,503.0,643.2067349675385,719.651900793651,699.4716246184361,713.4014,626.85046
2025-11-20 12:00:00,613.0,575.0,711.5740723098363,760.4790833333334,734.8109601637725,759.65314,758.47296
2025-11-20 13:00:00,656.0,630.0,734.7268593751144,813.3084880952379,793.1661159530765,816.82684,784.7455
2025-11-20 14:00:00,700.0,648.0,844.2967778308735,974.472714285714,943.985571518059,962.406,855.0657
2025-11-20 15:00:00,1078.0,970.0,1089.7364762171785,1340.8950773809524,1304.968720651555,1308.1362,1141.2296
2025-11-20 16:00:00,1364.0,1329.0,1406.219599701355,1857.7819761904764,1619.5219519781401,1738.267,1369.4221
2025-11-20 17:00:00,1775.0,1783.0,1623.4165013914496,1965.7808809523808,1921.3826362918671,1956.4279,1828.455
2025-11-20 18:00:00,1464.0,1446.0,1540.077042665392,1591.321083333333,1536.476145582179,1635.7855,1351.8708
2025-11-20 19:00:00,1034.0,1005.0,1180.9050265914684,1166.3415793650797,1156.081779553059,1148.1815,919.44147
2025-11-20 20:00:00,739.0,693.0,884.2998185863555,855.4360773809519,856.9993958582545,883.83215,747.4949
2025-11-20 21:00:00,583.0,609.0,730.8537317552505,720.8587420634918,715.1454837221607,714.1927,670.97034
2025-11-20 22:00:00,439.0,435.0,537.7514481233982,556.0486899350649,540.0035523490589,526.8553,538.8459
2025-11-20 23:00:00,343.0,245.0,325.9920260659647,377.18876984126973,368.18972296529296,371.77765,326.46024
2025-11-21 00:00:00,181.0,96.0,333.79190897578314,250.15541666666653,239.75369668990976,240.56192,165.77856
2025-11-21 01:00:00,85.0,48.0,74.7688744018592,87.17786706349209,93.90693557548026,91.841705,104.87009
2025-11-21 02:00:00,39.0,6.0,0.0,44.910103174603165,48.86253951874559,50.408127,35.62909
2025-11-21 03:00:00,22.0,25.0,0.0,28.618579365079363,30.011440287840923,25.942595,7.2264404
2025-11-21 04:00:00,50.0,34.0,0.0,64.0870532106782,55.27279716694876,60.000668,30.357666
2025-11-21 05:00:00,150.0,159.0,123.28653836691683,169.00893253968258,165.90158741386017,166.43971,114.17346
2025-11-21 06:00:00,348.0,356.0,399.81945701963963,375.30843452380935,375.83266319508516,369.3545,392.63873
2025-11-21 07:00:00,794.0,987.0,990.0618265366629,960.068976190476,1035.8119158099976,1011.3566,871.4346
2025-11-21 08:00:00,1271.0,1614.0,1368.2063750107955,1518.2305654761908,1492.5454396210343,1480.4509,1349.3701
2025-11-21 09:00:00,826.0,857.0,1156.3871969393706,968.9774166666662,1002.5480861955973,1043.7217,822.38745
2025-11-21 10:00:00,600.0,472.0,762.5117661502057,774.1386706349205,750.6070467219561,754.40875,658.3203
2025-11-21 11:00:00,633.0,562.0,728.121184592987,803.6651428571427,788.5129151997982,812.3353,759.64624
2025-11-21 12:00:00,854.0,613.0,858.5724246682908,998.0216726190476,982.4447269965864,968.3951,919.0796
2025-11-21 13:00:00,846.0,656.0,950.9405474670233,1113.130918650794,1117.5502307872114,1093.2354,1044.3175
2025-11-21 14:00:00,901.0,700.0,917.7895128867829,1042.212202380952,1027.4500807337631,1019.4301,1256.8818
2025-11-21 15:00:00,1209.0,1078.0,1237.1015436956518,1553.0567539682545,1526.484953956289,1536.5482,1349.0908
2025-11-21 16:00:00,1528.0,1364.0,1433.6594479810706,1813.0115317460316,1631.994247831467,1708.5891,1513.5807
2025-11-21 17:00:00,1648.0,1775.0,1652.8713820942355,1995.5141666666664,1828.1556812500735,1910.4697,1679.6493
2025-11-21 18:00:00,1303.0,1464.0,1499.629658733192,1572.7288373015863,1495.4674189561777,1604.3733,1368.2773
2025-11-21 19:00:00,907.0,1034.0,1114.3021286963422,1055.3488670634924,1055.5553925532445,1079.7638,997.32355
2025-11-21 20:00:00,770.0,739.0,902.9538626875992,941.0819642857143,967.2712932437853,919.3217,772.5063
2025-11-21 21:00:00,656.0,583.0,740.636741610031,750.4827261904762,771.1503390327514,759.5892,745.73096
2025-11-21 22:00:00,532.0,439.0,549.3684410326084,590.5653506493508,584.394504061865,576.46,660.2319
2025-11-21 23:00:00,432.0,343.0,478.8044349639641,518.601262987013,533.1746628340285,502.9547,504.2072
2025-11-22 00:00:00,264.0,181.0,385.9400808008194,225.93740476190476,243.58126069749187,260.98932,387.4301
2025-11-22 01:00:00,217.0,85.0,273.8018176231611,197.3190634920635,197.64997836589774,196.07643,188.78256
2025-11-22 02:00:00,119.0,39.0,207.42212762793554,135.4969444444444,132.3229292799248,136.92381,120.29147
2025-11-22 03:00:00,75.0,22.0,73.70349488491547,91.80121428571428,85.26457129244946,80.17758,70.66278
2025-11-22 04:00:00,35.0,50.0,0.0,38.66624206349207,38.242085962040726,38.33193,26.570251
2025-11-22 05:00:00,53.0,150.0,0.4516521326700058,68.62093452380954,66.33697890951181,67.40162,39.77545
2025-11-22 06:00:00,66.0,348.0,16.718359477169315,82.09350793650798,79.1643155976006,75.78375,121.81821
2025-11-22 07:00:00,152.0,794.0,253.20212463269507,195.9342380952382,193.0369441649507,198.07875,188.93665
2025-11-22 08:00:00,302.0,1271.0,527.3299949363859,375.4247519841268,359.25190324303225,357.74472,389.32806
2025-11-22 09:00:00,522.0,826.0,665.1067056750522,629.6889583333333,608.489265614973,619.3339,626.5641
2025-11-22 10:00:00,702.0,600.0,754.0151720259767,750.9825992063492,805.4743191249776,783.8517,822.77893
2025-11-22 11:00:00,859.0,633.0,865.3261592063463,902.9777817460324,952.3928911449786,941.24664,1006.034
2025-11-22 12:00:00,1054.0,854.0,1057.9627228307577,1121.3442956349206,1196.2439852033144,1165.3807,971.4216
2025-11-22 13:00:00,1181.0,846.0,1170.7546366061783,1376.5447023809525,1364.406711656458,1386.0498,1226.8217
2025-11-22 14:00:00,1219.0,901.0,1236.1567179518033,1409.244589285714,1412.0705572420989,1413.948,1423.4526
2025-11-22 15:00:00,1273.0,1209.0,1330.7242299009208,1470.760353174603,1455.7564929632872,1474.298,1485.499
2025-11-22 16:00:00,1190.0,1528.0,1342.3699600439759,1353.403994047619,1353.6889806878103,1323.5295,1415.1311
2025-11-22 17:00:00,1016.0,1648.0,1315.8347798389273,1255.652410714286,1228.829166306528,1255.344,1182.8442
2025-11-22 18:00:00,962.0,1303.0,1159.3541450297275,1094.8540952380947,1095.1540854438147,1105.6171,959.40454
2025-11-22 19:00:00,815.0,907.0,922.3774059010965,851.6208968253968,873.9870917260243,884.0566,822.2444
2025-11-22 20:00:00,582.0,770.0,781.5748413587593,740.8206230158731,710.2898079441228,729.0843,688.5087
2025-11-22 21:00:00,466.0,656.0,532.9299640634209,483.80010714285714,500.8516169654877,499.85703,616.99646
2025-11-22 22:00:00,592.0,532.0,612.3893819856308,587.2643075396822,607.3233189246465,590.38605,465.91513
2025-11-22 23:00:00,477.0,432.0,587.089064328129,581.973136904762,565.1711448476964,551.47687,517.899
2025-11-23 00:00:00,342.0,264.0,590.0000196671373,398.57120833333335,408.3903794914974,393.57855,440.28714
2025-11-23 01:00:00,296.0,217.0,418.7537522700727,272.1439258658009,270.70454890077133,262.3044,295.82794
2025-11-23 02:00:00,167.0,119.0,284.6303670976435,209.13301388888888,204.19498076825903,202.52829,161.55252
2025-11-23 03:00:00,89.0,75.0,89.77489415224716,85.38438690476188,87.83793667577025,87.53297,86.35083
2025-11-23 04:00:00,47.0,35.0,0.5986951604547812,58.24659523809524,55.54091416550291,58.282074,25.859192
2025-11-23 05:00:00,54.0,53.0,0.0,70.03991071428574,65.87933437696596,63.377556,32.34265
2025-11-23 06:00:00,103.0,66.0,36.756402186548826,137.99558333333331,127.09663952404863,121.89435,77.11493
2025-11-23 07:00:00,176.0,152.0,129.5486946083746,214.65829960317456,207.25112247799734,204.20795,205.1753
2025-11-23 08:00:00,365.0,302.0,384.4877706635527,403.008615079365,408.15898287418355,410.8238,318.85944
2025-11-23 09:00:00,585.0,522.0,638.169140467014,688.5985476190477,685.79645729936,681.0317,663.23883
2025-11-23 10:00:00,834.0,702.0,890.7390553417572,925.8098253968251,956.7463941067952,948.50256,888.7449
2025-11-23 11:00:00,1017.0,859.0,1019.538926257083,1115.9976547619046,1123.6199760241284,1071.1437,1143.3757
2025-11-23 12:00:00,1108.0,1054.0,1163.8356320301411,1286.1202976190473,1243.8692135044037,1251.0524,1288.9053
2025-11-23 13:00:00,1189.0,1181.0,1220.99754764084,1313.856265873016,1291.9044542648762,1261.49,1400.9785
2025-11-23 14:00:00,1168.0,1219.0,1297.8116528730566,1382.3582500000002,1394.6790396637618,1379.7347,1396.0906
2025-11-23 15:00:00,1196.0,1273.0,1307.676079067707,1346.7304424603174,1344.0398552171805,1340.8223,1374.56
2025-11-23 16:00:00,1181.0,1190.0,1319.7954272586428,1414.2648035714287,1396.597762217775,1399.2496,1258.3718
2025-11-23 17:00:00,912.0,1016.0,1101.33903910434,1075.345880952381,1097.0818923857769,1104.1024,1152.3198
2025-11-23 18:00:00,739.0,962.0,934.5050845591217,901.8558035714283,909.3309251139485,912.4924,817.6547
2025-11-23 19:00:00,525.0,815.0,722.3402424731869,707.4577619047622,670.8301520324734,662.8664,638.63696
2025-11-23 20:00:00,452.0,582.0,570.5444896038774,561.3363134920634,548.0168688142979,533.17163,508.85535
2025-11-23 21:00:00,338.0,466.0,446.8356370256746,439.0811715367966,442.0690793015235,440.8128,440.17242
2025-11-23 22:00:00,273.0,592.0,371.7025858974827,316.65314880952394,314.49157775248705,321.52863,337.59186
2025-11-23 23:00:00,178.0,477.0,220.7614745735305,224.9806071428572,209.6138261717078,215.38443,209.88766
2025-11-24 00:00:00,78.0,342.0,226.85019338793398,94.52630952380957,101.94972027962152,96.58132,103.04724
2025-11-24 01:00:00,38.0,296.0,111.67164332184979,47.964886904761876,50.68724415511854,54.980877,27.003967
2025-11-24 02:00:00,27.0,167.0,63.51126127672103,37.57076587301587,36.1371677085369,34.0826,4.553528
2025-11-24 03:00:00,13.0,89.0,0.0,19.004367063492058,15.575511628877681,14.836328,0.0
2025-11-24 04:00:00,35.0,47.0,0.0,42.65861904761905,40.99143288303205,45.908913,4.2371216
2025-11-24 05:00:00,121.0,54.0,121.18557673127617,148.37525000000005,141.3132319029049,135.52284,92.47412
2025-11-24 06:00:00,352.0,103.0,393.701262322852,387.22394841269846,387.45050977029604,391.90445,340.62555
2025-11-24 07:00:00,745.0,176.0,809.7677356142866,942.0558988095244,952.6173828142122,958.38403,856.71185
2025-11-24 08:00:00,1231.0,365.0,1107.9119235441121,1435.8197023809523,1440.5490714372963,1457.7844,1378.6755
2025-11-24 09:00:00,719.0,585.0,1029.65793658373,905.8262023809522,869.1754641974269,882.7661,767.7917
2025-11-24 10:00:00,511.0,834.0,821.4661313633054,703.5751666666666,671.9962848843446,684.0904,505.17474
2025-11-24 11:00:00,589.0,1017.0,872.29022440664,832.6465654761903,801.5909189518679,830.7207,680.74
2025-11-24 12:00:00,759.0,1108.0,948.3996375888036,923.3202440476194,855.0830173745427,877.0319,854.4346
2025-11-24 13:00:00,756.0,1189.0,1042.5013459183283,985.2141845238095,966.7782446338025,988.78656,862.61005
2025-11-24 14:00:00,728.0,1168.0,1016.5412784209889,921.7719404761908,924.6289800969274,928.7951,984.58923
2025-11-24 15:00:00,1058.0,1196.0,1188.8907189468164,1297.2073095238093,1208.7627545661742,1250.7688,1285.8535
2025-11-24 16:00:00,1332.0,1181.0,1385.9158931089437,1701.8244126984127,1547.603070851873,1646.2195,1345.5837
2025-11-24 17:00:00,1567.0,912.0,1407.6022927791091,1842.879728174603,1811.9472469143743,1830.2257,1720.4133
2025-11-24 18:00:00,1144.0,739.0,1275.3278609270728,1421.3521388888885,1377.0442125617108,1374.8396,1305.305
2025-11-24 19:00:00,836.0,525.0,964.2355856297745,1004.3815634920641,1012.7140898075958,1001.41833,890.1516
2025-11-24 20:00:00,607.0,452.0,719.6210213484934,729.9807202380953,712.3396960958968,705.6788,691.7573
2025-11-24 21:00:00,479.0,338.0,534.6244317848175,578.596589105339,551.7155276058579,537.61755,541.1315
2025-11-24 22:00:00,302.0,273.0,341.491922400403,364.8081845238096,361.4608469392074,362.39026,377.76355
2025-11-24 23:00:00,190.0,178.0,160.1245430859836,239.5089126984127,229.51969644387722,233.32549,193.40167
2025-11-25 00:00:00,95.0,78.0,177.88785950179567,114.49447619047618,106.22485572067202,109.78038,87.742615
2025-11-25 01:00:00,56.0,38.0,50.211737165571094,59.528863095238094,58.18976428437988,56.780315,30.984253
2025-11-25 02:00:00,30.0,27.0,14.58491134176279,34.18622817460317,34.63655015084805,34.192436,7.3911743
2025-11-25 03:00:00,9.0,13.0,0.0,14.570988095238093,12.762427353354793,11.934917,8.35791
2025-11-25 04:00:00,31.0,35.0,0.0,34.52540476190477,35.86571900725512,38.11019,11.828369
2025-11-25 05:00:00,126.0,121.0,141.09339739601756,171.46204166666666,157.43915921461712,154.33994,109.129364
2025-11-25 06:00:00,308.0,352.0,394.36115376198853,360.4294999999996,356.80509052027054,348.34457,378.7788
2025-11-25 07:00:00,764.0,745.0,917.8693706170711,913.7417619047621,936.5000353374116,923.2992,953.48914
2025-11-25 08:00:00,1320.0,1231.0,1371.307433447132,1549.1767956349206,1585.9112195637176,1617.6417,1608.7437
2025-11-25 09:00:00,762.0,719.0,1159.3214914629962,964.8474702380954,996.3757128651713,1020.3668,882.05615
2025-11-25 10:00:00,561.0,511.0,725.1800510618966,675.8295059523812,630.0782345142244,643.9171,566.8787
2025-11-25 11:00:00,522.0,589.0,681.379911839008,693.2099186507937,678.1507916954847,689.71704,645.2451
2025-11-25 12:00:00,581.0,759.0,723.5637117616797,727.5218174603178,727.1528435107965,743.0417,761.0386
2025-11-25 13:00:00,654.0,756.0,771.3216678959782,811.8510357142857,788.7125370857832,809.94806,733.13995
2025-11-25 14:00:00,697.0,728.0,808.50494926913,857.8286904761906,828.5521960924442,838.5095,870.67456
2025-11-25 15:00:00,1002.0,1058.0,1118.1366191527882,1307.5527380952378,1295.1584971276695,1242.567,1162.4473
2025-11-25 16:00:00,728.0,1332.0,1101.493328776856,1038.075458333333,1084.5741642935038,1075.9628,1432.8574
2025-11-25 17:00:00,556.0,1567.0,929.8109401182908,744.5804464285715,788.5996427995536,820.88983,1296.8423
2025-11-25 18:00:00,401.0,1144.0,632.7606832435583,539.7274484126983,534.3033808223923,537.7352,611.67554
2025-11-25 19:00:00,396.0,836.0,581.118482316663,555.8230535714287,561.6312516540893,546.6791,260.46863
2025-11-25 20:00:00,362.0,607.0,463.7416003836072,451.66099603174627,463.81151037200544,456.95013,345.94348
2025-11-25 21:00:00,341.0,479.0,406.23161767492275,409.5746920995669,419.1800075188413,408.08945,367.96054
2025-11-25 22:00:00,256.0,302.0,333.2255114065853,386.39036904761895,366.17657175512727,361.8221,295.01178
2025-11-25 23:00:00,159.0,190.0,120.97641356654793,210.78320238095236,190.7723496322398,182.05055,193.77603
2025-11-26 00:00:00,90.0,95.0,219.50450525076297,119.45101388888892,113.46255396550151,108.26346,89.951965
2025-11-26 01:00:00,37.0,56.0,60.327534662265066,41.14338888888889,42.06380430392627,41.02477,47.163574
2025-11-26 02:00:00,21.0,30.0,20.60365315462036,28.709315476190483,26.358730605397906,25.26555,0.0
2025-11-26 03:00:00,15.0,9.0,0.0,15.468958333333344,15.164376054460153,16.674568,2.7686157
2025-11-26 04:00:00,47.0,31.0,13.821852333478773,60.376496031746065,52.51646720192452,55.045765,9.489746
2025-11-26 05:00:00,105.0,126.0,129.97568136780956,141.90963492063483,136.23537875638817,128.46783,54.458557
2025-11-26 06:00:00,240.0,308.0,345.5953821887437,298.7672932900433,290.50014082300413,288.7365,174.83383
2025-11-26 07:00:00,427.0,764.0,674.6246008808532,523.433261904762,535.9699592201542,536.4181,324.35156
2025-11-26 08:00:00,688.0,1320.0,1010.5119266968024,929.1320873015876,930.6404914607731,915.51166,654.1328
2025-11-26 09:00:00,638.0,762.0,872.5268897861828,790.6619206349202,763.0929844570766,773.5552,605.38367
2025-11-26 10:00:00,538.0,561.0,750.4078190193263,719.8556190476191,684.1145618267731,688.23676,709.2785
2025-11-26 11:00:00,607.0,522.0,738.1208536511205,769.6685694444449,752.0037124736904,742.20044,808.43243
2025-11-26 12:00:00,833.0,581.0,956.7154011593318,1033.8517162698415,1031.1738484925795,1014.96344,867.8408
2025-11-26 13:00:00,956.0,654.0,1001.5458858251694,1017.5943928571427,1051.693151213827,1025.2601,1162.9539
2025-11-26 14:00:00,1191.0,697.0,1195.8310251161827,1473.1657797619052,1401.2613639567844,1404.149,1251.3424
2025-11-26 15:00:00,1238.0,1002.0,1366.3952870268045,1564.210087301586,1506.7174975266728,1535.2737,1435.5078
2025-11-26 16:00:00,1196.0,728.0,1292.6554925309042,1552.4329742063494,1519.107990899908,1496.7552,1559.9995
2025-11-26 17:00:00,1063.0,556.0,1231.59953597479,1530.3890952380957,1592.6231625698172,1537.6436,1257.5432
2025-11-26 18:00:00,791.0,401.0,888.2791803853697,943.3778392857145,981.817171233423,942.0991,923.0863
2025-11-26 19:00:00,556.0,396.0,714.2904718690135,744.0196964285711,741.842124025504,738.62256,660.6268
2025-11-26 20:00:00,492.0,362.0,565.5549839849334,599.3688710317459,587.9768596014022,561.5435,571.551
2025-11-26 21:00:00,361.0,341.0,477.3193135724265,449.5134880952379,468.55232017793014,461.2216,477.54968
2025-11-26 22:00:00,296.0,256.0,341.91628496767834,339.9838988095238,342.44219839838655,332.03815,352.50037
2025-11-26 23:00:00,208.0,159.0,236.94057338584162,259.1847857142857,249.88185526302755,251.98784,242.30151
2025-11-27 00:00:00,147.0,90.0,382.32975028655324,193.36281547619043,178.969003701118,181.977,180.21915
2025-11-27 01:00:00,131.0,37.0,265.57386242042077,144.3514543650793,137.88290417218886,138.26529,175.64493
2025-11-27 02:00:00,56.0,21.0,128.8122745761833,67.39696825396827,79.26725755728492,72.170456,113.37143
2025-11-27 03:00:00,42.0,15.0,55.130930790904245,54.4743630952381,53.14422873297028,54.153156,65.38452
2025-11-27 04:00:00,20.0,47.0,0.0,27.96929166666666,32.419491116190734,35.28555,53.87195
2025-11-27 05:00:00,43.0,105.0,34.165737013154626,58.13372817460316,50.60509424984175,53.737736,62.86078
2025-11-27 06:00:00,70.0,240.0,68.86733184928346,93.5705138888889,93.18599553684054,91.203094,126.361694
2025-11-27 07:00:00,185.0,427.0,298.1390186586671,240.98838888888884,237.4763944894833,238.9906,213.15628
2025-11-27 08:00:00,214.0,688.0,339.18919676740705,247.7902738095239,236.9323400806312,258.78528,356.483
2025-11-27 09:00:00,333.0,638.0,449.0849337119119,379.37856944444457,388.1998186693512,379.7653,392.73444
2025-11-27 10:00:00,417.0,538.0,535.6983780895821,462.076369047619,477.87756348082735,452.89728,479.3485
2025-11-27 11:00:00,414.0,607.0,520.5884354690759,435.4682023809521,441.0982879801826,436.1855,620.4083
2025-11-27 12:00:00,472.0,833.0,616.4375452176503,538.2772301587299,543.7786876303954,533.11884,598.85657
2025-11-27 13:00:00,387.0,956.0,564.0999164512567,453.9219226190477,453.8453493249455,434.48373,598.89844
2025-11-27 14:00:00,364.0,1191.0,550.4576585015668,390.3424107142857,423.38803787419107,413.11307,572.80115
2025-11-27 15:00:00,340.0,1238.0,556.8530487386334,392.4211527777775,425.17631635223836,412.28043,549.09863
2025-11-27 16:00:00,280.0,1196.0,521.7627243893203,399.05896230158714,381.60815010721075,388.1352,539.99286
2025-11-27 17:00:00,202.0,1063.0,358.14825021528634,245.91062824675316,242.81076896921184,294.6357,466.09277
2025-11-27 18:00:00,163.0,791.0,240.27676009013732,196.42848214285715,198.2252673179723,208.33447,306.20178
2025-11-27 19:00:00,131.0,556.0,115.61358866214209,141.40100595238093,139.99209556828882,142.60008,228.98929
2025-11-27 20:00:00,157.0,492.0,200.33861369849802,191.88554166666665,207.16190449517913,186.54745,175.8794
2025-11-27 21:00:00,143.0,361.0,144.22532990178843,150.72858712121214,176.62123326139886,174.09291,171.6629
2025-11-27 22:00:00,132.0,296.0,158.30241433586292,160.40298809523813,175.68355662262044,168.61343,143.99707
2025-11-27 23:00:00,95.0,208.0,81.96332748236546,127.97444047619051,122.33036355454159,117.74271,130.4541
2025-11-28 00:00:00,45.0,147.0,159.48904667236377,58.699148809523805,53.34539737936904,57.832825,85.45984
2025-11-28 01:00:00,21.0,131.0,93.35757393103404,28.76139285714284,31.172404385084985,32.403324,40.028748
2025-11-28 02:00:00,14.0,56.0,63.55407682756368,15.75906764069264,18.777308073973845,21.432657,7.36084
2025-11-28 03:00:00,10.0,42.0,22.415798010510002,12.68611706349206,15.133852205179693,21.362465,1.977417
2025-11-28 04:00:00,21.0,20.0,13.599026824979546,22.450273809523814,27.986682603665074,33.700714,13.081238
2025-11-28 05:00:00,46.0,43.0,7.92496181709032,44.05411111111113,43.316813913330286,48.30136,28.921387
2025-11-28 06:00:00,90.0,70.0,105.65868035545054,114.49000396825404,114.23612077506418,106.88996,85.907776
2025-11-28 07:00:00,159.0,185.0,227.80098023902616,213.8164047619049,196.31591211907394,197.57594,176.62186
2025-11-28 08:00:00,218.0,214.0,333.0031072839945,305.1543988095238,295.9937231943721,299.52847,273.9744
2025-11-28 09:00:00,319.0,333.0,439.96743855716113,412.9803075396825,390.8404913354769,383.48087,334.27368
2025-11-28 10:00:00,339.0,417.0,452.59885901418096,412.6355337301586,405.1829744542321,404.629,409.2875
2025-11-28 11:00:00,357.0,414.0,484.2901818119229,476.1277732683983,464.894180907002,457.2136,427.09134
2025-11-28 12:00:00,394.0,472.0,503.77364883659453,511.40138690476203,475.20798224875494,462.92102,500.35272
2025-11-28 13:00:00,426.0,387.0,519.4647575476142,554.9073154761904,506.7441361229312,504.24487,513.0077
2025-11-28 14:00:00,426.0,364.0,493.8468689605956,547.5886369047619,525.1242964542392,498.6783,557.8748
2025-11-28 15:00:00,526.0,340.0,639.2077871139851,735.5901190476188,714.0487546790444,703.7187,599.19617
2025-11-28 16:00:00,467.0,280.0,541.6896749788643,611.8212976190476,590.9335213674888,567.3156,632.17267
2025-11-28 17:00:00,385.0,202.0,440.67029943782563,552.4474285714284,507.6280602400444,502.2531,529.78345
2025-11-28 18:00:00,369.0,163.0,397.3555337469493,456.85004166666675,470.99389380231355,458.14352,392.27676
2025-11-28 19:00:00,239.0,131.0,237.4435734501452,309.6024206349206,310.67118076624024,296.78824,328.69586
2025-11-28 20:00:00,213.0,157.0,203.3752321817189,264.9001199494949,255.33377411569973,246.50533,243.74213
2025-11-28 21:00:00,203.0,143.0,163.72138894880544,235.1321666666666,227.12762001794576,223.11473,218.47415
2025-11-28 22:00:00,208.0,132.0,209.53103006168686,255.08732142857144,246.235341205366,232.12874,194.7793
2025-11-28 23:00:00,176.0,95.0,168.47570948060974,220.77931944444438,217.1607676735963,204.1262,193.3865
2025-11-29 00:00:00,100.0,45.0,256.95476614894,119.01851388888892,114.98472612719972,119.831924,159.98743
2025-11-29 01:00:00,68.0,21.0,154.88215390716164,69.37337103174606,70.2428450122544,78.47552,96.03015
2025-11-29 02:00:00,49.0,14.0,134.87056010306287,63.90432936507938,62.32096822214835,65.97256,47.56024
2025-11-29 03:00:00,36.0,10.0,162.30287536560098,53.0297242063492,50.762148214890274,52.707993,23.358276
2025-11-29 04:00:00,26.0,21.0,35.0826269348529,32.780912698412685,36.3507785396127,37.66079,23.761047
2025-11-29 05:00:00,37.0,46.0,28.02649595459866,42.60058531746031,43.11755350773908,43.771175,41.332092
2025-11-29 06:00:00,81.0,90.0,104.2367554510414,110.3892182539683,99.98359505313795,93.90463,54.146973
2025-11-29 07:00:00,125.0,159.0,163.33670691501993,169.54310317460317,158.1001590206425,159.3044,117.78882
2025-11-29 08:00:00,197.0,218.0,253.76557365500042,256.0324285714285,235.62137030889153,240.2415,207.9035
2025-11-29 09:00:00,359.0,319.0,513.4031610544852,491.4960992063493,496.5446250002118,484.42438,337.7665
2025-11-29 10:00:00,427.0,339.0,572.862980131922,583.6079280303031,554.0349101250382,559.70496,533.1657
2025-11-29 11:00:00,484.0,357.0,616.6779020150664,653.0609285714286,638.7759422275598,630.7104,596.09143
2025-11-29 12:00:00,617.0,394.0,662.715036021234,687.7384285714285,693.2303745352435,692.8902,656.5445
2025-11-29 13:00:00,616.0,426.0,687.2146662608969,648.909636904762,688.6459934291754,689.4968,695.36743
2025-11-29 14:00:00,655.0,426.0,808.8290139442038,897.9137559523812,871.4768176318244,869.1355,701.60675
2025-11-29 15:00:00,737.0,526.0,823.4624591443988,889.3631944444445,846.6836395139461,839.16376,759.59045
2025-11-29 16:00:00,610.0,467.0,762.2705600894121,812.3743869047616,777.0511541512669,749.39905,703.8971
2025-11-29 17:00:00,519.0,385.0,597.6015093824927,603.5473273809521,585.0526355041085,581.028,625.8681
2025-11-29 18:00:00,465.0,369.0,611.7794933637923,686.9598273809524,696.4555252964576,662.1395,482.72906
2025-11-29 19:00:00,362.0,239.0,459.8513264969372,514.0178273809523,506.47522415697625,484.1503,451.70642
2025-11-29 20:00:00,301.0,213.0,306.9441425069069,323.43587499999995,322.726499356853,317.3229,356.77783
2025-11-29 21:00:00,282.0,203.0,347.41892145019796,394.57988690476196,382.4020713996446,365.94876,284.4546
2025-11-29 22:00:00,264.0,208.0,333.659258281108,356.6288214285715,347.1184881572149,334.3715,289.5109
2025-11-29 23:00:00,223.0,176.0,228.04128032967816,252.68924404761898,250.6505053458727,239.24266,255.98788
2025-11-30 00:00:00,133.0,100.0,316.12038673161834,165.91197619047617,170.5560557368358,175.25652,185.26877
2025-11-30 01:00:00,111.0,68.0,204.29131298704482,114.86884523809526,111.49019979754173,110.245834,103.054535
2025-11-30 02:00:00,72.0,49.0,154.04470002627977,84.00442857142855,87.78447995734787,84.8166,50.575806
2025-11-30 03:00:00,48.0,36.0,109.83536137294209,62.59381150793654,61.68039619820598,61.809616,24.843689
2025-11-30 04:00:00,28.0,26.0,3.395318234453157,30.01426190476191,34.471632256704616,37.114937,9.910889
2025-11-30 05:00:00,32.0,37.0,10.507615305879426,44.84059776334779,41.06948625068052,43.70116,22.91858
2025-11-30 06:00:00,71.0,81.0,51.999483819421584,93.90669047619043,83.70593745067026,78.7965,53.47644
2025-11-30 07:00:00,130.0,125.0,123.5765087653499,164.97084523809517,158.16683432345522,157.54494,123.585754
2025-11-30 08:00:00,131.0,197.0,114.88145613954566,174.9156369047619,159.9186729035497,168.89922,253.33896
2025-11-30 09:00:00,157.0,359.0,137.48821687019495,184.79270833333328,182.4520765396677,185.0435,299.8233
2025-11-30 10:00:00,286.0,427.0,267.79913374464337,305.79059199134207,308.0873949759596,304.75482,254.40271
2025-11-30 11:00:00,362.0,484.0,417.08909140620835,468.05407485569975,456.19089129005954,460.30212,358.01804
2025-11-30 12:00:00,440.0,617.0,491.07076372986523,515.0675535714287,502.27691357696517,507.18863,487.58044
2025-11-30 13:00:00,447.0,616.0,528.8141880805006,545.920587301587,542.7360990095013,553.9159,537.6338
2025-11-30 14:00:00,322.0,655.0,423.59801395555644,429.9545079365079,454.88051257034186,466.58047,575.87335
2025-11-30 15:00:00,479.0,737.0,518.7621538062406,548.8419444444446,540.6198252064013,549.39154,420.2381
2025-11-30 16:00:00,506.0,610.0,619.8573556246519,686.0388333333333,676.8420636013877,646.4291,462.9035
2025-11-30 17:00:00,375.0,519.0,463.236871800019,470.6669206349208,498.03206757286415,493.05334,495.1717
2025-11-30 18:00:00,401.0,465.0,456.2407595606401,537.3209247835499,509.3192254005616,484.56073,340.64606
2025-11-30 19:00:00,283.0,362.0,321.10781772765773,359.82085119047616,371.23677249742536,365.754,351.2441
2025-11-30 20:00:00,244.0,301.0,240.38869002363685,309.0387489177489,306.8384447884947,287.66458,261.25018
2025-11-30 21:00:00,223.0,282.0,257.3213161270099,310.0693035714285,303.8338245008989,288.3347,226.07364
2025-11-30 22:00:00,208.0,264.0,229.7691527535879,260.12476785714284,257.233725197075,248.35565,203.03952
2025-11-30 23:00:00,129.0,223.0,133.50469945993746,180.0993452380952,181.78363854776362,170.59404,149.55869
2025-12-01 00:00:00,88.0,133.0,250.68017585521403,124.0138888888889,112.95761637191846,108.18116,82.02069
2025-12-01 01:00:00,57.0,111.0,161.64051591214707,70.07909523809525,69.24002922535966,68.99267,22.692871
2025-12-01 02:00:00,18.0,72.0,73.90529412712101,27.471228174603166,30.980995849198965,31.192038,20.612732
2025-12-01 03:00:00,10.0,48.0,0.0,10.71958333333333,11.968012722141873,9.163448,0.2901001
2025-12-01 04:00:00,23.0,28.0,0.0,23.544833333333326,26.81558363097222,31.256948,9.917297
2025-12-01 05:00:00,109.0,32.0,138.96375518477424,132.89523809523808,130.4893225503931,134.11008,77.32422
2025-12-01 06:00:00,322.0,71.0,429.83892683476904,392.90469047619024,389.85276791325873,384.98962,249.41171
2025-12-01 07:00:00,697.0,130.0,788.3287277951883,930.8810515873017,853.8789277401742,862.99133,724.5016
2025-12-01 08:00:00,1111.0,131.0,999.7066257524197,1260.9127142857149,1279.7680349081704,1254.6626,1030.4055
2025-12-01 09:00:00,666.0,157.0,889.7162966035698,915.7668829365077,806.7792182946383,815.6213,605.0452
2025-12-01 10:00:00,360.0,286.0,533.4888538381622,484.6451349206348,471.24631294506094,485.55487,492.88617
2025-12-01 11:00:00,441.0,362.0,501.192494706252,501.92688095238094,486.37603731241194,495.84274,527.4321
2025-12-01 12:00:00,546.0,440.0,661.6637560395952,765.3169920634917,745.9916179908412,772.5921,575.2261
2025-12-01 13:00:00,561.0,447.0,671.0125654790446,726.8551984126985,745.1163395711143,740.90845,626.91846
2025-12-01 14:00:00,638.0,322.0,715.0458462487637,909.0348154761908,868.3566946964145,875.6196,749.5487
2025-12-01 15:00:00,871.0,479.0,915.7334128851553,1125.7940357142852,1097.8560362222881,1088.7472,990.1881
2025-12-01 16:00:00,1120.0,506.0,1112.6104544779962,1519.3986098484847,1359.0132306740306,1428.9326,1107.5452
2025-12-01 17:00:00,1341.0,375.0,1160.119760119302,1601.2793400072158,1569.7434872414515,1611.6494,1346.3433
2025-12-01 18:00:00,1073.0,401.0,1076.3935236336151,1207.816113095238,1208.8579958450457,1230.9473,1059.5796
2025-12-01 19:00:00,733.0,283.0,761.5745879632225,833.2826666666667,814.5658585561278,838.4829,752.4442
2025-12-01 20:00:00,498.0,244.0,602.0989795899343,649.508242063492,642.4837174575991,644.8222,554.37897
2025-12-01 21:00:00,378.0,223.0,372.809058450233,411.9219940476188,417.99511795770684,419.7038,471.60864
2025-12-01 22:00:00,249.0,208.0,259.75641983191997,322.82907142857147,306.7769114848785,314.3283,312.3432
2025-12-01 23:00:00,135.0,129.0,63.23085132487495,174.29174206349202,166.05972768631545,178.75873,169.9386
2025-12-02 00:00:00,66.0,88.0,107.30294800246457,81.51223809523808,76.84345239461616,75.47406,71.11005
2025-12-02 01:00:00,25.0,57.0,2.201316650057265,26.71749404761905,30.655581176830207,29.699568,16.42749
2025-12-02 02:00:00,19.0,18.0,0.0,19.827005952380954,22.89688635822445,24.852442,1.6002197
2025-12-02 03:00:00,11.0,10.0,0.0,13.135017857142852,16.531446213819404,15.680388,0.0
2025-12-02 04:00:00,34.0,23.0,0.0,49.50729166666668,48.826908994763244,55.617786,13.269104
2025-12-02 05:00:00,67.0,109.0,54.52037900395612,101.26113095238094,98.87221649100819,90.53383,108.66632
2025-12-02 06:00:00,143.0,322.0,165.5446759262416,170.66113690476192,169.60453772979335,165.21144,264.08627
2025-12-02 07:00:00,250.0,697.0,402.0393603679545,304.9381071428571,327.0710542890404,314.0602,500.75388
2025-12-02 08:00:00,391.0,1111.0,635.0131137773718,471.77311904761916,525.8117760383975,507.2742,715.6334
2025-12-02 09:00:00,211.0,666.0,349.07020293064284,312.4402142857142,304.94871070459044,317.76944,309.24945
2025-12-02 10:00:00,111.0,360.0,32.2953648116104,173.02696428571429,153.52212614288285,157.58742,156.94968
2025-12-02 11:00:00,106.0,441.0,0.0,130.59345238095239,112.55096502195644,120.14889,167.44873
2025-12-02 12:00:00,124.0,546.0,4.8649792738450515,161.0760178571428,142.1734882723154,154.02031,137.24533
2025-12-02 13:00:00,201.0,561.0,150.08550770804658,283.9306904761905,256.59813270237595,260.0831,155.13547
2025-12-02 14:00:00,380.0,638.0,451.98523073650637,527.828125,536.4525435771116,547.1968,263.60867
2025-12-02 15:00:00,726.0,871.0,806.2179834570131,951.5456587301587,961.1282347706781,956.62164,525.4382
2025-12-02 16:00:00,1023.0,1120.0,1135.271595313231,1382.6272261904755,1279.7432670106436,1308.8376,830.18896
2025-12-02 17:00:00,1243.0,1341.0,1332.3934573002116,1589.9679484126984,1521.0834673828722,1584.3494,1306.4358
2025-12-02 18:00:00,1013.0,1073.0,1180.6383170277304,1143.4479801587302,1148.795271506307,1187.9319,1112.2982
2025-12-02 19:00:00,667.0,733.0,870.9648146961706,813.8353809523805,798.1523504593393,820.40436,692.9255
2025-12-02 20:00:00,498.0,498.0,625.1723871693968,587.6295515873012,588.3920522793386,576.97406,480.15314
2025-12-02 21:00:00,424.0,378.0,526.5171237151388,525.1453492063492,515.9536739772071,505.27725,426.12866
2025-12-02 22:00:00,282.0,249.0,322.4144119906,334.1140178571429,334.782914470233,335.9486,358.2343
2025-12-02 23:00:00,175.0,135.0,186.18823820864344,243.68816666666655,239.44729333582006,229.98485,185.87689
2025-12-03 00:00:00,66.0,66.0,198.2365249966852,101.68963690476194,99.49133401842197,105.53687,96.33136
2025-12-03 01:00:00,24.0,25.0,64.83305220724128,30.887363095238094,35.544365858184136,39.72195,14.894348
2025-12-03 02:00:00,21.0,19.0,34.01968847153046,22.379914682539685,28.788183330938182,30.03173,0.0
2025-12-03 03:00:00,23.0,11.0,15.803122696782452,28.598732142857134,32.4923876801266,33.33623,0.0
2025-12-03 04:00:00,35.0,34.0,42.758634001237056,43.31931547619049,45.88715600885849,46.43846,39.272522
2025-12-03 05:00:00,130.0,67.0,180.3822046929016,168.07433333333324,154.86833216760326,152.50484,107.18753
2025-12-03 06:00:00,354.0,143.0,436.993607742479,391.9345595238094,399.84178573751916,387.50305,334.87115
2025-12-03 07:00:00,593.0,250.0,723.9703504743594,739.9249345238094,709.3133343363601,707.5235,892.64465
2025-12-03 08:00:00,1480.0,391.0,1166.145165665188,1475.8787341269835,1473.3610101118365,1513.309,1338.7924
2025-12-03 09:00:00,353.0,211.0,681.9882533918856,457.024511904762,494.20106012243264,473.35382,835.50476
2025-12-03 10:00:00,489.0,111.0,545.3284913380407,679.9228452380951,651.8099862822411,658.45074,297.58307
2025-12-03 11:00:00,521.0,106.0,585.1563676005077,707.142015873016,697.2097670005293,691.0775,587.0626
2025-12-03 12:00:00,611.0,124.0,677.6515034155252,938.4177638888893,859.6899370933704,879.5785,665.2275
2025-12-03 13:00:00,664.0,201.0,702.9306747520737,940.9999543650795,876.7978351052742,887.0568,786.79285
2025-12-03 14:00:00,708.0,380.0,817.807120700389,1016.0713472222219,966.1647437581515,978.4085,973.8485
2025-12-03 15:00:00,996.0,726.0,1056.5452403440408,1340.0465773809526,1263.7191611796086,1313.2952,1193.829
2025-12-03 16:00:00,1195.0,1023.0,1273.202334723849,1581.7095297619055,1451.1157258141654,1520.7322,1335.6483
2025-12-03 17:00:00,1672.0,1243.0,1404.7346152845735,1686.4428392857144,1743.5343731291907,1723.0819,1373.2991
2025-12-03 18:00:00,1330.0,1013.0,1393.4125646560078,1438.974642857143,1465.9032666320752,1490.7727,1102.5555
2025-12-03 19:00:00,877.0,667.0,995.9865069055598,976.0344166666666,974.2782709967933,982.1187,882.094
2025-12-03 20:00:00,615.0,498.0,700.0586895926638,678.385496031746,661.2460062845474,666.5427,678.88885
2025-12-03 21:00:00,497.0,424.0,517.580897307864,525.5129285714285,526.0149574951022,522.18567,549.11426
2025-12-03 22:00:00,358.0,282.0,398.877405369071,421.8621071428568,400.1645891409469,409.17917,382.7726
2025-12-03 23:00:00,197.0,175.0,186.63742557110731,244.46521626984125,251.89202985092373,259.8782,230.23804
2025-12-04 00:00:00,91.0,66.0,223.93724455856238,128.1268015873016,121.61608560139184,120.50207,104.04358
2025-12-04 01:00:00,44.0,24.0,47.96146384584847,42.726890873015876,46.96825071181411,46.922123,27.069275
2025-12-04 02:00:00,21.0,21.0,0.0,24.07591071428572,26.13183755871342,26.930971,1.1831055
2025-12-04 03:00:00,18.0,23.0,0.0,23.51205952380953,25.245765268207297,30.001379,0.0
2025-12-04 04:00:00,33.0,35.0,0.0,44.044726190476204,42.12739000655587,50.294502,24.248657
2025-12-04 05:00:00,133.0,130.0,173.1161978662608,174.81841666666662,185.2025473148254,174.40144,83.5177
2025-12-04 06:00:00,302.0,354.0,388.549267917066,353.8270496031743,359.2741786783082,349.60007,363.5824
2025-12-04 07:00:00,785.0,593.0,868.3591988126091,910.9688333333329,910.3795570638634,903.2812,848.72546
2025-12-04 08:00:00,1452.0,1480.0,1441.607227842897,1576.5475952380955,1592.1268956786807,1636.3037,1364.7234
2025-12-04 09:00:00,859.0,353.0,1126.249728709016,985.2714821428569,1005.4250993535869,1048.5032,933.9757
2025-12-04 10:00:00,493.0,489.0,792.5710607661686,769.8581845238094,715.6807630239914,734.4805,559.4512
2025-12-04 11:00:00,475.0,521.0,627.7737257126852,661.8863214285714,665.9370050396747,671.0924,639.95245
2025-12-04 12:00:00,606.0,611.0,729.7293578465511,826.3088690476189,819.4987466538156,851.39044,690.3641
2025-12-04 13:00:00,590.0,664.0,786.6951959259841,875.4568928571429,879.2455611522788,882.6625,700.0094
2025-12-04 14:00:00,633.0,708.0,798.4428855899739,859.8308214285715,889.9516921238533,891.9359,839.6244
2025-12-04 15:00:00,982.0,996.0,1115.01406895742,1380.2170833333332,1288.4037518605853,1358.3799,1077.2627
2025-12-04 16:00:00,1123.0,1195.0,1266.3385848065384,1483.9148412698416,1382.5041267997692,1449.8745,1319.2415
2025-12-04 17:00:00,1545.0,1672.0,1534.367153643898,1860.58767063492,1825.9354896381833,1871.8081,1496.2605
2025-12-04 18:00:00,1175.0,1330.0,1362.4964018234157,1294.2735714285718,1339.1507239974692,1348.1494,1205.4713
2025-12-04 19:00:00,523.0,877.0,794.7635267924582,628.397390873016,611.3610453856577,655.97095,831.10846
2025-12-04 20:00:00,614.0,615.0,704.7558110876348,718.3717896825394,725.074277759577,723.7539,506.7229
2025-12-04 21:00:00,496.0,497.0,582.6966000545165,556.1315616883115,559.1584531313571,553.7166,525.46436
2025-12-04 22:00:00,387.0,358.0,457.8582599586738,458.7486547619048,450.5360811808408,443.11075,394.53424
2025-12-04 23:00:00,263.0,197.0,256.1652902273856,300.2461318542568,297.5310844494159,302.68893,262.32465
2025-12-05 00:00:00,126.0,91.0,264.44009529897306,155.41767857142858,163.9699719614404,169.00166,132.96799
2025-12-05 01:00:00,65.0,44.0,89.51690484342248,69.4219464285714,73.00312577155114,77.28169,61.77881
2025-12-05 02:00:00,39.0,21.0,4.490746828474357,40.5113630952381,40.940783298140026,40.941708,17.750916
2025-12-05 03:00:00,9.0,18.0,0.0,12.96985119047619,17.095314351894714,22.254372,4.6255493
2025-12-05 04:00:00,36.0,33.0,0.0,41.132767857142845,40.53809002210042,45.751835,17.810242
2025-12-05 05:00:00,96.0,133.0,99.39503756978797,135.08125992063492,126.89730037721027,127.477554,79.533264
2025-12-05 06:00:00,220.0,302.0,236.24525721287972,227.96309920634917,216.7942067768637,215.9198,241.89224
2025-12-05 07:00:00,370.0,785.0,529.635315958517,400.85219642857123,403.25638969180494,402.5977,505.36115
2025-12-05 08:00:00,506.0,1452.0,854.1651462612028,602.7703809523811,675.5865593820471,648.5214,764.14935
2025-12-05 09:00:00,314.0,859.0,511.66182243725615,413.35986904761916,412.71472058378407,416.79773,444.00314
2025-12-05 10:00:00,226.0,493.0,263.17666105936144,307.36963095238093,309.32754380149464,310.68304,258.46976
2025-12-05 11:00:00,238.0,475.0,232.34151386461247,347.03509523809544,337.3047738192803,331.96048,302.11407
2025-12-05 12:00:00,288.0,606.0,338.4210108324869,418.7608035714285,425.2209564700636,426.398,392.65063
2025-12-05 13:00:00,357.0,590.0,411.424793787584,513.5656269841272,506.0900274658836,505.1172,464.8523
2025-12-05 14:00:00,446.0,633.0,513.454107491562,585.6346488095238,575.5417158532256,588.9294,587.792
2025-12-05 15:00:00,681.0,982.0,836.184765131321,974.9838869047621,962.2845926729384,968.78955,687.6094
2025-12-05 16:00:00,766.0,1123.0,993.8257317726933,1168.1322678571428,1107.1905923143456,1104.4606,834.17615
2025-12-05 17:00:00,831.0,1545.0,1092.9032455228262,1112.2072321428575,1120.9109271429404,1096.7928,964.0587
2025-12-05 18:00:00,714.0,1175.0,922.669172005252,846.0743353174602,865.6529009234698,858.9762,705.7633
2025-12-05 19:00:00,549.0,523.0,629.3786450592484,612.8301448412699,646.1843147595725,631.22424,525.89874
2025-12-05 20:00:00,409.0,614.0,532.5459388587992,498.94156457431455,521.2487682911238,499.66458,441.31277
2025-12-05 21:00:00,324.0,496.0,387.4028450349629,401.15574801587286,402.003975407781,384.3448,400.46967
2025-12-05 22:00:00,279.0,387.0,314.3114916550819,326.0669365079365,352.359867050908,338.8941,322.80984
2025-12-05 23:00:00,240.0,263.0,243.77551028069513,289.127513888889,294.24696608084355,274.60098,263.516
2025-12-06 00:00:00,199.0,126.0,389.1020233918318,212.65204761904764,211.30320434461007,215.29124,187.77237
2025-12-06 01:00:00,148.0,65.0,256.56312182077954,145.72799603174602,158.60024786948932,164.21925,132.70547
2025-12-06 02:00:00,112.0,39.0,216.9669178296329,139.2878412698413,135.62652263059,140.2232,90.64465
2025-12-06 03:00:00,44.0,9.0,68.76960238665288,58.24820238095237,61.33114917537286,62.0861,51.65216
2025-12-06 04:00:00,31.0,36.0,4.578453559515651,38.392990079365084,45.52874233166259,48.155777,22.863281
2025-12-06 05:00:00,38.0,96.0,21.510508048087672,60.426988095238045,55.03182373048083,56.78908,29.480835
2025-12-06 06:00:00,72.0,220.0,73.16105818991298,102.92080555555553,98.39068425939693,93.74923,83.07263
2025-12-06 07:00:00,141.0,370.0,198.83718346810872,175.98704166666664,189.82034490912355,179.50928,166.93839
2025-12-06 08:00:00,289.0,506.0,409.4271174131306,368.56717857142854,375.37143062357757,372.44864,294.63824
2025-12-06 09:00:00,535.0,314.0,580.4495663830076,657.0702261904761,619.532320318482,630.68384,529.1925
2025-12-06 10:00:00,677.0,226.0,691.7380703649501,783.1911091269841,806.1272007510588,808.6258,725.36774
2025-12-06 11:00:00,822.0,238.0,781.8617111843408,932.9289623015873,921.5265193762037,920.51654,851.6292
2025-12-06 12:00:00,902.0,288.0,867.1233068523379,1041.321091269841,1066.8320077861683,1043.296,962.047
2025-12-06 13:00:00,1061.0,357.0,924.8343632317466,1108.174804473304,1135.9132597201167,1092.8915,1028.373
2025-12-06 14:00:00,1060.0,446.0,989.0745422841103,1150.3457806637803,1176.4165233322851,1157.9806,1074.6876
2025-12-06 15:00:00,1069.0,681.0,1059.1069162719305,1171.9918759018758,1212.9844689850263,1193.89,1061.3663
2025-12-06 16:00:00,957.0,766.0,1039.313030901601,1104.7991607142856,1119.0995090767965,1095.6261,996.18445
2025-12-06 17:00:00,928.0,831.0,1012.9334785179944,1050.302505952381,1099.987120386538,1060.5835,878.0021
2025-12-06 18:00:00,823.0,714.0,919.5484078112158,965.0438769841269,1007.3782711461254,963.51575,762.5415
2025-12-06 19:00:00,688.0,549.0,745.4981145173098,741.7317480158729,756.2471775235059,758.23193,653.74243
2025-12-06 20:00:00,510.0,409.0,599.7982153981453,607.0554583333333,629.6221689944526,615.7744,557.77966
2025-12-06 21:00:00,432.0,324.0,508.20167552968985,564.9960436507937,548.3736299379433,538.6414,495.505
2025-12-06 22:00:00,429.0,279.0,429.39388558418557,431.0873095238094,466.89642282484607,470.1218,451.7522
2025-12-06 23:00:00,402.0,240.0,414.5296886948288,432.23694642857123,448.8874488485212,447.51373,387.52368
2025-12-07 00:00:00,376.0,199.0,548.2624440889675,378.44430158730165,361.0772146584845,361.91245,336.5896
2025-12-07 01:00:00,243.0,148.0,394.7862643700637,256.00971230158723,259.6226135485126,259.35626,247.56537
2025-12-07 02:00:00,154.0,112.0,288.93616030235995,186.98564448051945,189.44518676627365,181.9681,132.56073
2025-12-07 03:00:00,84.0,44.0,94.32100634389565,89.22283928571429,91.59873104791806,88.929726,71.91315
2025-12-07 04:00:00,49.0,31.0,18.60809120808142,65.83919246031746,62.94989056606244,66.56244,21.50177
2025-12-07 05:00:00,35.0,38.0,0.0,46.0543511904762,47.64904235219386,52.74756,34.341675
2025-12-07 06:00:00,62.0,72.0,0.0,90.10808928571427,81.66678395671966,81.42028,63.48065
2025-12-07 07:00:00,143.0,141.0,112.68956665176376,174.67465476190472,187.26105292779957,179.6164,137.28708
2025-12-07 08:00:00,247.0,289.0,270.70120165875136,325.9509821428572,323.9658192483642,317.02393,295.91824
2025-12-07 09:00:00,494.0,535.0,496.04758552168255,535.0582242063495,520.1933201482241,515.6761,495.9743
2025-12-07 10:00:00,698.0,677.0,784.1016535352405,861.1976646825399,841.7617092757248,846.80444,696.6583
2025-12-07 11:00:00,812.0,822.0,856.0667732902019,890.154375,885.0392699711794,872.4485,919.62195
2025-12-07 12:00:00,913.0,902.0,1012.7796001353925,1085.5258869047618,1093.051522965243,1070.2487,956.00476
2025-12-07 13:00:00,990.0,1061.0,1066.7742105023572,1133.6847032828282,1118.2521006601758,1103.1722,1097.7903
2025-12-07 14:00:00,834.0,1060.0,1024.4501582530645,1063.9469484126982,1057.6354658719213,1036.1813,1067.7368
2025-12-07 15:00:00,948.0,1069.0,1039.6637065390296,1070.9194404761902,1084.65514808041,1071.9397,942.758
2025-12-07 16:00:00,946.0,957.0,1066.6739421811226,1165.2933481240977,1124.1571926664776,1116.8269,892.8108
2025-12-07 17:00:00,803.0,928.0,943.6641921053308,974.6407738095234,978.7255576831924,982.3935,859.25635
2025-12-07 18:00:00,602.0,823.0,743.6318668859716,695.9567063492062,709.4069605608331,720.0981,675.19385
2025-12-07 19:00:00,450.0,688.0,572.6197832797109,541.1529193722944,557.4655005367783,544.2601,497.5186
2025-12-07 20:00:00,335.0,510.0,381.50416512933907,402.6189285714286,414.3146380894871,400.47165,425.59998
2025-12-07 21:00:00,334.0,432.0,355.48772780263266,404.98045833333344,394.27026978037594,379.15448,340.05856
2025-12-07 22:00:00,266.0,429.0,340.88270537673696,328.848492063492,344.87607090619383,322.83072,308.14227
2025-12-07 23:00:00,167.0,402.0,202.29347860982904,248.6845059523809,235.22316436992705,228.48645,226.64566
2025-12-08 00:00:00,58.0,376.0,191.2824344433754,77.07047817460318,81.66737361637131,84.285164,120.88745
2025-12-08 01:00:00,32.0,243.0,86.93059682812998,50.16489285714285,50.454156332287205,46.02732,26.234985
2025-12-08 02:00:00,20.0,154.0,14.052757042425242,28.383523809523798,29.73376331214523,30.39069,11.667786
2025-12-08 03:00:00,10.0,84.0,0.0,10.069236111111111,12.594011297490345,16.363762,0.0
2025-12-08 04:00:00,29.0,49.0,0.0,39.66494642857142,39.06648481420318,45.126045,7.5612793
2025-12-08 05:00:00,116.0,35.0,137.4523516732138,164.31524999999993,163.18022321754827,159.2569,86.06665
2025-12-08 06:00:00,278.0,62.0,313.89985761687467,313.7362658730159,320.80922750035415,311.1785,327.98926
2025-12-08 07:00:00,631.0,143.0,638.459415784185,724.9313551587298,697.2399518122027,699.9037,736.7505
2025-12-08 08:00:00,1145.0,247.0,969.1279043621679,1241.6189246031752,1271.6806023174422,1243.6489,1062.1074
2025-12-08 09:00:00,614.0,494.0,907.6502823651588,714.943107142857,740.5508221707348,766.01733,657.6355
2025-12-08 10:00:00,350.0,698.0,574.9587033263086,469.4632976190473,465.1415831215115,474.509,450.4803
2025-12-08 11:00:00,364.0,812.0,542.0086883277713,487.57614682539685,467.84120547556444,465.71426,503.21515
2025-12-08 12:00:00,467.0,913.0,671.7783621806165,660.8462916666665,630.3066330573778,638.64355,606.2035
2025-12-08 13:00:00,494.0,990.0,682.16795388295,650.690136904762,617.3230032647272,622.04645,599.0467
2025-12-08 14:00:00,503.0,834.0,726.14347841359,765.1306488095237,748.8495673213732,766.36505,611.84015
2025-12-08 15:00:00,728.0,948.0,937.1771285866361,1009.7341884920643,1052.987278443956,1028.6738,854.5713
2025-12-08 16:00:00,916.0,946.0,1048.3346325981383,1211.3190535714284,1124.5875061719717,1143.8867,1016.46313
2025-12-08 17:00:00,1192.0,803.0,1117.8135789311248,1378.497450396826,1300.3331568924311,1308.0739,1172.4678
2025-12-08 18:00:00,926.0,602.0,1012.469763336183,996.3050238095243,1035.5653157035495,1040.2944,996.2241
2025-12-08 19:00:00,619.0,450.0,759.0344769818546,706.3850304834053,747.5052595313185,741.0202,667.6818
2025-12-08 20:00:00,409.0,335.0,528.3735386918171,528.1235357142858,526.7541956158537,520.8276,507.75525
2025-12-08 21:00:00,336.0,334.0,391.1765825723436,405.79654166666677,415.0552104002634,408.51376,399.01526
2025-12-08 22:00:00,248.0,266.0,320.14963132634136,325.63868181818185,323.6871901273209,327.13138,271.94305
2025-12-08 23:00:00,145.0,167.0,141.1466250497121,204.10119444444453,197.16276199745442,200.98093,157.99823
2025-12-09 00:00:00,78.0,58.0,215.05901292686224,114.54260912698417,113.95440390068542,121.34468,66.7052
2025-12-09 01:00:00,42.0,32.0,61.58845184320387,39.92076785714285,44.46905151354628,52.285248,23.260437
2025-12-09 02:00:00,8.0,20.0,3.984538410950904,13.272547619047621,24.755793867121227,29.904612,0.0
2025-12-09 03:00:00,18.0,10.0,5.170983667932319,19.053833333333333,25.288273728738275,29.166689,0.0
2025-12-09 04:00:00,23.0,29.0,0.0,28.503630952380956,32.81895864823377,34.147423,13.207764
2025-12-09 05:00:00,113.0,116.0,166.01957250308362,146.25689682539686,140.7527040706566,139.16118,94.189026
2025-12-09 06:00:00,299.0,278.0,385.8094337068956,309.2394583333333,306.40132804120867,296.6271,283.6406
2025-12-09 07:00:00,691.0,631.0,876.6619947290876,848.5078273809526,837.3714442843518,822.04346,736.1537
2025-12-09 08:00:00,1264.0,1145.0,1235.1242140903578,1284.3377579365085,1345.0696143070015,1291.6476,1323.5725
2025-12-09 09:00:00,646.0,614.0,1026.7188734825074,807.3169503968253,786.4447982851271,798.09485,702.9268
2025-12-09 10:00:00,343.0,350.0,511.52028259366733,449.5808432539683,442.11275456931156,466.6326,449.71085
2025-12-09 11:00:00,334.0,364.0,399.2952685335044,423.36500595238095,432.202693546836,448.00146,461.07092
2025-12-09 12:00:00,472.0,467.0,589.1250244742886,680.1443948412697,682.1124471145636,692.3742,522.796
2025-12-09 13:00:00,439.0,494.0,558.4124035188347,582.034226190476,568.4874983961051,577.17566,570.01373
2025-12-09 14:00:00,495.0,503.0,640.7692529675568,720.2476329365077,720.9573893434844,737.09546,623.56946
2025-12-09 15:00:00,780.0,728.0,938.4458249471942,1162.862654761905,1111.292331129284,1097.974,861.8149
2025-12-09 16:00:00,960.0,916.0,1077.3754028531985,1269.099214285714,1171.3539507185421,1183.5325,1056.2891
2025-12-09 17:00:00,1316.0,1192.0,1294.9324659437957,1520.8103412698413,1520.7476985402152,1547.9497,1269.7925
2025-12-09 18:00:00,1022.0,926.0,1204.7730379626983,1167.585928571429,1185.6509258155083,1194.5865,1052.7677
2025-12-09 19:00:00,649.0,619.0,824.2007848360868,744.5705873015868,759.1993416210692,774.1751,752.9765
2025-12-09 20:00:00,442.0,409.0,529.8762828999713,527.2971666666668,523.1188747028078,511.1128,542.345
2025-12-09 21:00:00,365.0,336.0,426.1634023885697,424.0540396825399,446.98013817601037,446.45288,406.70346
2025-12-09 22:00:00,278.0,248.0,336.8270526870855,381.125125,368.9517397857077,367.41156,295.27316
2025-12-09 23:00:00,189.0,145.0,154.76785903300907,242.31673809523807,221.45074735401803,223.66655,176.85168
2025-12-10 00:00:00,78.0,78.0,200.0964832447434,112.993125,108.12503893314856,109.704285,81.06195
2025-12-10 01:00:00,23.0,42.0,67.7498547410188,36.514313492063486,33.806513159183375,39.003696,16.964111
2025-12-10 02:00:00,17.0,8.0,0.0,21.699857142857148,26.019084354212985,25.608122,0.0
2025-12-10 03:00:00,16.0,18.0,0.0,18.463505952380963,22.556675922420734,22.450071,0.0
2025-12-10 04:00:00,39.0,23.0,24.888538006111162,66.36595238095238,58.71443225294516,64.692696,27.842468
2025-12-10 05:00:00,126.0,113.0,173.12748949300044,167.72328571428568,169.45278763542632,168.96066,126.80893
2025-12-10 06:00:00,297.0,299.0,379.8400095629835,329.87824206349217,343.07850088901887,316.89264,360.18896
2025-12-10 07:00:00,755.0,691.0,885.3962385340294,937.2032797619047,864.6966708797831,870.5539,746.75885
2025-12-10 08:00:00,1312.0,1264.0,1288.0445510562897,1406.814253968254,1433.7670865400619,1429.1978,1358.9629
2025-12-10 09:00:00,726.0,646.0,1057.4474327124374,946.5593373015871,822.6586178578831,845.0706,761.7656
2025-12-10 10:00:00,416.0,343.0,614.577336463149,549.3981369047618,558.8316007025195,585.295,489.52087
2025-12-10 11:00:00,402.0,334.0,489.32986635150695,516.3187619047618,532.7512099411625,529.1962,537.87885
2025-12-10 12:00:00,504.0,472.0,628.6709508189057,745.8294761904762,709.1463493311168,727.8234,622.9651
2025-12-10 13:00:00,487.0,439.0,596.5625000514123,671.4724384920632,662.4213520928535,665.86194,660.67664
2025-12-10 14:00:00,571.0,495.0,662.0658367891276,760.2087857142855,756.0029701455469,776.3465,852.7682
2025-12-10 15:00:00,783.0,780.0,840.8620186830619,925.4269583333333,930.8117367278392,915.7011,1010.9723
2025-12-10 16:00:00,996.0,960.0,1092.9873600409612,1305.6224543650794,1230.382310289953,1250.317,993.50256
2025-12-10 17:00:00,1459.0,1316.0,1340.4536354743457,1506.2133690476192,1538.7196319922077,1578.9998,1375.113
2025-12-10 18:00:00,1188.0,1022.0,1341.6467323199226,1431.780696428571,1400.0981469160315,1404.6467,1108.9229
2025-12-10 19:00:00,888.0,649.0,995.6580617660103,939.1995119047621,943.4587539438968,972.0983,846.712
2025-12-10 20:00:00,611.0,442.0,727.45425323856,700.2218571428573,703.444808352819,694.382,649.0109
2025-12-10 21:00:00,513.0,365.0,545.5090005819488,555.5379761904762,546.076628058257,540.1388,584.1934
2025-12-10 22:00:00,371.0,278.0,424.36247650334167,430.3662797619047,421.3351169370443,412.9559,423.3726
2025-12-10 23:00:00,239.0,189.0,253.51884769386038,278.84591269841263,277.317311889736,277.98895,249.8104
2025-12-11 00:00:00,114.0,78.0,231.5052067906937,147.63220833333335,144.2063581581529,149.67355,130.22647
2025-12-11 01:00:00,32.0,23.0,46.85897337164795,49.8440238095238,53.21431923560198,54.78317,49.43274
2025-12-11 02:00:00,26.0,17.0,54.44470741864518,28.589333333333332,32.028757382060604,32.369255,5.201721
2025-12-11 03:00:00,12.0,16.0,0.0,15.401404761904766,18.06244659747274,17.601822,5.9728394
2025-12-11 04:00:00,31.0,39.0,0.0,36.322365079365085,36.24022904881833,40.68122,24.850464
2025-12-11 05:00:00,107.0,126.0,147.43512475077148,142.07083333333335,141.94374947614185,140.90327,99.121704
2025-12-11 06:00:00,312.0,297.0,405.15548904490095,355.50283333333306,353.79801774213047,350.2312,298.7553
2025-12-11 07:00:00,752.0,755.0,872.855394157501,819.0949484126983,810.1523037369656,794.9692,840.07336
2025-12-11 08:00:00,1296.0,1312.0,1334.4318990384095,1471.3096369047616,1480.51019465858,1442.9124,1381.5638
2025-12-11 09:00:00,695.0,726.0,1083.9763977642929,933.8679424603177,847.6853680520018,876.05096,889.5049
2025-12-11 10:00:00,417.0,416.0,627.6680966435808,550.3685595238094,543.9417814274096,554.4023,509.28577
2025-12-11 11:00:00,430.0,402.0,536.7658505187384,566.0435535714286,572.0099759001952,575.01886,537.63947
2025-12-11 12:00:00,496.0,504.0,579.5932464469001,653.8278551587304,620.6452852148304,656.9254,618.9275
2025-12-11 13:00:00,514.0,487.0,606.9329974121258,657.6865535714288,670.1870040257047,679.0246,594.90497
2025-12-11 14:00:00,552.0,571.0,697.0783079893503,736.3759404761903,783.6696001916753,793.6187,766.33844
2025-12-11 15:00:00,775.0,783.0,921.6010047191346,1078.545503968254,1065.1083112390018,1052.4402,1024.96
2025-12-11 16:00:00,1063.0,996.0,1090.450863162342,1269.7619702380953,1179.9857917046916,1203.5098,1209.3605
2025-12-11 17:00:00,1338.0,1459.0,1361.0217896994523,1506.3242202380948,1515.168248605626,1524.4644,1407.9429
2025-12-11 18:00:00,1115.0,1188.0,1276.882244650903,1177.9853035714282,1179.1238418542334,1215.6741,1091.8837
2025-12-11 19:00:00,755.0,888.0,1043.5824329251634,985.3748194444443,974.0927238953581,973.48096,783.14514
2025-12-11 20:00:00,544.0,611.0,738.7219789661877,665.515888888889,652.3063157781954,654.88104,653.1871
2025-12-11 21:00:00,444.0,513.0,589.2369293686029,542.7177638888891,551.8371973245124,543.98193,518.33014
2025-12-11 22:00:00,386.0,371.0,461.9144161630102,436.09336904761903,442.27753033006456,443.41864,401.43372
2025-12-11 23:00:00,219.0,239.0,236.92944795253692,247.44539484126977,266.8167036548448,267.4793,253.2645
2025-12-12 00:00:00,146.0,114.0,317.0051250181311,199.99214880952383,195.13008642750825,191.91742,113.58359
2025-12-12 01:00:00,59.0,32.0,97.66396798328435,71.9021845238095,72.36158684369074,74.36328,83.463806
2025-12-12 02:00:00,42.0,26.0,27.72010805236846,42.8997261904762,43.74363781002326,45.67831,13.81665
2025-12-12 03:00:00,21.0,12.0,0.0,30.848878968253967,35.558038182002754,35.92648,0.0
2025-12-12 04:00:00,32.0,31.0,0.0,46.69892857142859,42.41455605092598,46.060776,11.667969
2025-12-12 05:00:00,106.0,107.0,124.53995801065622,142.01646428571428,142.64359764955603,141.41034,76.65527
2025-12-12 06:00:00,303.0,312.0,385.2625304596369,371.1530992063495,353.7278834762435,341.3769,265.05624
2025-12-12 07:00:00,613.0,752.0,809.2863412189106,803.3590575396827,750.6333077356047,749.3924,677.59174
2025-12-12 08:00:00,1023.0,1296.0,1200.59931435495,1222.9446150793653,1258.610867080067,1229.5438,1125.5391
2025-12-12 09:00:00,675.0,695.0,943.4023736357533,775.3202321428574,785.2633795387777,796.14655,778.23016
2025-12-12 10:00:00,439.0,417.0,604.8495035944544,561.8135416666664,566.2889874909813,574.6775,535.52527
2025-12-12 11:00:00,469.0,430.0,568.4083426259983,618.3193571428574,606.1990149313085,612.2347,554.865
2025-12-12 12:00:00,590.0,496.0,656.353591919503,743.2418353174601,775.7331564388012,790.89417,668.653
2025-12-12 13:00:00,599.0,514.0,690.3272096380015,764.6552619047617,799.9406758072813,805.1987,734.7776
2025-12-12 14:00:00,685.0,552.0,827.8875376939277,949.3358015873011,968.6306914179851,957.51514,857.2825
2025-12-12 15:00:00,987.0,775.0,988.9743955152344,1213.6435793650794,1139.677098771804,1124.6488,1095.1039
2025-12-12 16:00:00,1196.0,1063.0,1246.3902489039822,1447.5393750000005,1337.5984619297958,1406.8328,1177.2463
2025-12-12 17:00:00,1195.0,1338.0,1332.7978886707083,1458.6111051587307,1432.1846498038394,1458.4116,1345.7847
2025-12-12 18:00:00,950.0,1115.0,1163.3489233047196,1124.7592083333334,1134.3359523571987,1165.797,1070.3557
2025-12-12 19:00:00,711.0,755.0,879.320431837481,852.6475555555558,868.0110698951892,870.88965,769.679
2025-12-12 20:00:00,543.0,544.0,685.4522503554875,696.2366666666669,706.534510989129,686.7712,627.05505
2025-12-12 21:00:00,398.0,444.0,525.6252988616897,546.9784074675324,544.6463708347985,534.7183,560.262
2025-12-12 22:00:00,384.0,386.0,423.19963099506367,431.33355952380947,457.458323461716,447.8696,462.3961
2025-12-12 23:00:00,343.0,219.0,360.57932084803144,419.6086626984125,415.87748305659824,394.96912,364.37756
2025-12-13 00:00:00,271.0,146.0,481.0880468223539,297.57379166666675,302.52881254107405,307.3442,279.9032
2025-12-13 01:00:00,207.0,59.0,344.25941471768516,208.61673809523808,221.08754028281896,223.61581,195.48956
2025-12-13 02:00:00,126.0,42.0,225.7351147058871,139.62793650793657,144.88195772995783,149.22139,110.9689
2025-12-13 03:00:00,66.0,21.0,100.54900164193907,81.50011904761904,87.28982871206497,85.62263,61.084656
2025-12-13 04:00:00,31.0,32.0,0.0,44.080297619047606,46.38138397322262,50.87323,30.621765
2025-12-13 05:00:00,50.0,106.0,10.482592300084207,68.69440277777781,63.31550546911044,63.98749,32.071594
2025-12-13 06:00:00,77.0,303.0,70.80187652641575,94.80530555555556,90.87484146793048,88.01364,89.80658
2025-12-13 07:00:00,174.0,613.0,293.9771354036572,220.32694047619046,213.03780506862378,215.98265,173.06561
2025-12-13 08:00:00,331.0,1023.0,580.3910477248719,409.459373015873,426.2637540827929,422.65952,382.01508
2025-12-13 09:00:00,535.0,675.0,684.9852397126324,681.8272162698413,644.7093900206635,661.3169,629.8107
2025-12-13 10:00:00,666.0,439.0,732.2921975287621,753.1590634920635,776.6384551154749,783.63086,739.1808
2025-12-13 11:00:00,775.0,469.0,846.2265132181159,945.0101091269842,910.100543145221,918.9943,892.36426
2025-12-13 12:00:00,916.0,590.0,892.5106499351032,958.1754444444445,965.2542391338055,968.507,1052.9783
2025-12-13 13:00:00,959.0,599.0,973.829560312528,1070.5823809523813,1090.120883318417,1062.4056,1074.8448
2025-12-13 14:00:00,971.0,685.0,995.0999023331749,1085.7373988095242,1109.924124875844,1083.4966,1151.3291
2025-12-13 15:00:00,983.0,987.0,1112.2415109074993,1163.2381953463207,1186.132565888392,1162.505,1109.5205
2025-12-13 16:00:00,908.0,1196.0,1116.5138191737085,1063.4392976190475,1092.685799278163,1064.6881,1062.9512
2025-12-13 17:00:00,836.0,1195.0,1030.2445471712763,980.4762678571425,1014.0595793541606,990.51416,943.5705
2025-12-13 18:00:00,679.0,950.0,864.3419643376354,802.8314583333334,795.499911720978,814.1234,786.6358
2025-12-13 19:00:00,603.0,711.0,712.5732650215162,668.7526210317461,668.1793803655372,651.5539,635.0972
2025-12-13 20:00:00,492.0,543.0,572.8255966236666,563.8055476190474,562.5096151233748,544.8459,552.26544
2025-12-13 21:00:00,403.0,398.0,538.7895013851764,560.2642499999998,541.9814943473087,534.2107,485.08435
2025-12-13 22:00:00,400.0,384.0,460.89463664119785,456.90863257575757,462.4646330377442,462.79816,468.6691
2025-12-13 23:00:00,394.0,343.0,491.4285150659612,466.77036904761934,493.20681056540644,486.2365,395.00623
2025-12-14 00:00:00,307.0,271.0,564.9465619246913,363.8838551587302,358.2250336936629,353.52908,357.55933
2025-12-14 01:00:00,201.0,207.0,392.3876003863994,256.55961111111105,247.24496333585518,250.80113,237.89474
2025-12-14 02:00:00,108.0,126.0,207.4703376037079,133.6551845238095,139.2829734521138,142.04008,123.994934
2025-12-14 03:00:00,47.0,66.0,53.67791437231915,60.10643055555557,57.81134179002948,62.815643,49.441956
2025-12-14 04:00:00,23.0,31.0,0.0,32.84494841269841,33.312448860916774,37.73118,12.925964
2025-12-14 05:00:00,21.0,50.0,0.0,31.688746031746028,30.7338772887779,37.28647,1.6859131
2025-12-14 06:00:00,45.0,77.0,0.0,66.52385714285718,61.37800288466262,63.252415,24.596558
2025-12-14 07:00:00,92.0,174.0,31.998150874689372,117.31861309523815,114.61330279553079,115.45011,102.700714
2025-12-14 08:00:00,140.0,331.0,97.26981998243662,171.79130158730152,160.3658915938411,161.02832,152.99545
2025-12-14 09:00:00,237.0,535.0,256.46199393811054,270.1895515873016,254.42948956204114,260.1387,213.89285
2025-12-14 10:00:00,367.0,666.0,462.7871218130347,448.23710714285704,467.19913619470395,469.64786,360.6394
2025-12-14 11:00:00,389.0,775.0,478.2945489253269,420.8840873015872,449.9344228109374,460.32193,516.7388
2025-12-14 12:00:00,488.0,916.0,561.679004122729,498.6361904761904,518.5787071308349,525.5184,505.38132
2025-12-14 13:00:00,397.0,959.0,560.0250069986878,493.8612440476192,499.4190573564463,505.79892,591.9225
2025-12-14 14:00:00,459.0,971.0,543.9675800409142,498.59508333333355,508.65550736649277,503.31116,559.2716
2025-12-14 15:00:00,470.0,983.0,614.9654398362085,559.1711071428574,549.1331574754099,556.7441,526.7553
2025-12-14 16:00:00,458.0,908.0,591.6739152119306,534.5012976190477,528.2973160588647,519.6429,539.9242
2025-12-14 17:00:00,306.0,836.0,481.1637397323906,415.0227202380953,419.32596771349955,437.17117,465.16357
2025-12-14 18:00:00,254.0,679.0,336.60706202033214,319.61933333333326,321.6369042696644,323.87906,327.90704
2025-12-14 19:00:00,177.0,603.0,239.17333948523185,246.7110238095237,246.96940663358436,238.42021,266.37253
2025-12-14 20:00:00,145.0,492.0,145.95487581256646,161.74874404761906,183.1246318028918,164.94136,209.9704
2025-12-14 21:00:00,119.0,403.0,119.65030398506599,148.94058116883116,162.20402393168695,156.24072,166.95505
2025-12-14 22:00:00,128.0,400.0,147.74040082471907,159.68519426406925,169.28495059354313,161.66519,133.34888
2025-12-14 23:00:00,70.0,394.0,44.95479966580922,87.33537103174602,102.04185359237049,89.43588,94.68646
2025-12-15 00:00:00,42.0,307.0,243.59245954230516,63.20532142857142,56.16227340787228,59.232876,32.090332
2025-12-15 01:00:00,13.0,201.0,74.43899236903997,22.302761904761898,22.887691274844453,28.047606,0.0
2025-12-15 02:00:00,8.0,108.0,69.54578686410491,13.370315656565658,14.832663817627639,23.62647,15.770691
2025-12-15 03:00:00,8.0,47.0,0.0,10.722212301587298,13.607210480216077,20.164555,17.246277
2025-12-15 04:00:00,27.0,23.0,0.0,27.945083333333333,30.832803459977857,34.471043,0.0
2025-12-15 05:00:00,90.0,21.0,121.8306211854877,129.3752242063492,123.36574423991658,124.74299,81.8197
2025-12-15 06:00:00,184.0,45.0,223.34010946845558,208.873126984127,204.24235041961336,203.31229,249.1358
2025-12-15 07:00:00,428.0,92.0,514.9939507019187,493.8790297619047,490.6330987305926,500.24323,470.97278
2025-12-15 08:00:00,718.0,140.0,720.0541131282232,834.0650714285716,819.1464017343225,822.5817,817.4667
2025-12-15 09:00:00,451.0,237.0,633.7610394671295,531.3494285714285,550.2657537029021,573.7977,454.5411
2025-12-15 10:00:00,231.0,367.0,352.9895723000148,328.15141071428565,317.3605801014537,334.45267,361.8048
2025-12-15 11:00:00,248.0,389.0,240.04659614952254,303.8711336580085,274.06127448617553,288.13538,385.67023
2025-12-15 12:00:00,306.0,488.0,364.08951142276794,425.36813293650795,414.16532750429553,422.21094,424.3
2025-12-15 13:00:00,339.0,397.0,372.43854440643287,444.39293849206354,450.5360493799249,456.74014,459.4035
2025-12-15 14:00:00,381.0,459.0,470.62846156755427,534.4659821428572,540.4011769894752,538.5283,526.09314
2025-12-15 15:00:00,571.0,470.0,648.3056810003692,797.883265873016,769.2832095619664,787.36127,646.6925
2025-12-15 16:00:00,708.0,458.0,752.9097479399904,930.0869206349207,899.7960460911137,871.26575,736.17163
2025-12-15 17:00:00,925.0,306.0,881.8865436677486,1171.5960476190478,1107.625138246381,1130.8286,800.51874
2025-12-15 18:00:00,771.0,254.0,811.4295307571152,929.2894999999999,931.2967859456865,933.9039,818.38055
2025-12-15 19:00:00,511.0,177.0,596.234692176906,645.6666388888887,632.8081546165635,643.12634,567.7463
2025-12-15 20:00:00,317.0,145.0,369.89704405993353,424.86877777777755,413.56338328731005,411.9574,435.8874
2025-12-15 21:00:00,253.0,119.0,240.74515163493464,307.65622023809533,310.3353591107239,306.7216,330.86368
2025-12-15 22:00:00,189.0,128.0,128.06407274294008,205.7984523809524,206.74811815588956,211.4363,232.25659
2025-12-15 23:00:00,115.0,70.0,14.261149751432413,126.71999999999994,121.70280963865596,116.68891,119.54224
2025-12-16 00:00:00,48.0,42.0,140.1717293211267,65.45076587301588,64.72528791335301,69.239525,46.257324
2025-12-16 01:00:00,17.0,13.0,55.10924553954317,27.548654761904764,30.468042204828105,30.955431,10.5408325
2025-12-16 02:00:00,7.0,8.0,19.98520929623328,10.122047619047617,12.889466837573842,19.335146,0.0
2025-12-16 03:00:00,4.0,8.0,0.0,6.969428571428573,12.474954747771683,17.624758,0.0
2025-12-16 04:00:00,40.0,27.0,0.0,49.55120039682541,52.897150517159545,52.746273,0.0
2025-12-16 05:00:00,97.0,90.0,125.46072453885722,133.64649206349208,120.56581596634004,120.44816,93.77954
2025-12-16 06:00:00,281.0,184.0,298.19823426677254,261.4669047619048,249.05717870483332,243.16956,262.1824
2025-12-16 07:00:00,583.0,428.0,740.7412315174729,751.2549166666666,735.8856914400807,710.8517,639.7418
2025-12-16 08:00:00,986.0,718.0,1040.646262354296,1140.8989166666668,1195.1698552088678,1136.67,1190.5676
2025-12-16 09:00:00,657.0,451.0,905.4816095056808,746.4995892857145,766.710918686736,794.10724,570.0899
2025-12-16 10:00:00,350.0,231.0,514.9588846371303,485.66573412698415,472.22182231299007,496.88657,405.71927
2025-12-16 11:00:00,347.0,248.0,360.6213590857451,424.6076785714286,413.571847428313,424.77905,488.0278
2025-12-16 12:00:00,463.0,306.0,495.90275192459245,596.1316805555557,581.9801772447696,585.03864,512.35376
2025-12-16 13:00:00,495.0,339.0,519.6144681927653,600.5565138888888,585.5871846341382,596.3816,555.426
2025-12-16 14:00:00,548.0,381.0,613.17771795198,671.074142857143,692.4368668413375,694.4889,672.80554
2025-12-16 15:00:00,742.0,571.0,854.7104326070138,1018.8830813492065,1047.9113698208696,1004.9662,867.6968
2025-12-16 16:00:00,940.0,708.0,994.6171513534509,1192.8128511904763,1135.450382233364,1115.1816,960.4525
2025-12-16 17:00:00,1294.0,925.0,1211.7500053605404,1461.7975059523812,1477.803465298959,1449.3463,1125.7988
2025-12-16 18:00:00,1001.0,771.0,1156.668366809563,1147.7852361111115,1132.673479257106,1154.1852,1025.6111
2025-12-16 19:00:00,673.0,511.0,914.8531506646615,880.9133928571426,904.6619552678808,899.01355,760.79706
2025-12-16 20:00:00,450.0,317.0,606.8086572596104,602.2628948412698,607.1127286201737,590.71313,603.6265
2025-12-16 21:00:00,398.0,253.0,469.04646300398906,469.9031527777778,474.6946791604443,465.68875,455.32022
2025-12-16 22:00:00,282.0,189.0,276.6903278772828,299.18095039682555,305.87471608110536,303.79645,313.66245
2025-12-16 23:00:00,163.0,115.0,170.90606097206336,243.033744047619,226.55548529559778,228.40253,151.34125
2025-12-17 00:00:00,83.0,48.0,188.92807363510525,94.14071428571432,97.33401869259924,95.0313,69.86542
2025-12-17 01:00:00,42.0,17.0,71.0220102911461,39.04194047619047,42.37672026669055,42.6428,17.175293
2025-12-17 02:00:00,19.0,7.0,12.952900726581674,19.686706349206354,24.96224951325734,26.124737,0.0
2025-12-17 03:00:00,14.0,4.0,0.0,17.349892857142862,18.661570107542833,22.810858,0.0
2025-12-17 04:00:00,31.0,40.0,0.0,35.234269841269835,38.376221530514826,45.03608,26.89679
2025-12-17 05:00:00,111.0,97.0,129.62997564848484,139.19402182539682,133.41828747015902,129.207,89.34155
2025-12-17 06:00:00,282.0,281.0,372.30604943376153,309.077863095238,302.8705433002112,294.8109,314.62744
2025-12-17 07:00:00,650.0,583.0,858.7148022400897,919.073392857143,843.9084849087735,857.71967,779.47205
2025-12-17 08:00:00,1227.0,986.0,1270.2034751807034,1412.451136904762,1422.7025008815197,1436.2432,1360.4504
2025-12-17 09:00:00,728.0,657.0,1041.7702889267257,931.8419444444444,810.4561719528258,835.4091,805.61865
2025-12-17 10:00:00,444.0,350.0,627.6204733982486,553.3570476190473,540.1274262753147,570.9955,499.8824
2025-12-17 11:00:00,442.0,347.0,545.2867711120655,568.2539583333332,551.2286130592382,560.00574,535.7434
2025-12-17 12:00:00,507.0,463.0,616.5915039038804,685.0498452380951,689.7340420516465,703.38684,622.35846
2025-12-17 13:00:00,573.0,495.0,698.3591937773735,856.2109841269845,811.8492312223646,810.36346,678.44574
2025-12-17 14:00:00,615.0,548.0,756.4426531372519,928.3663849206351,859.9748710843802,881.936,913.297
2025-12-17 15:00:00,939.0,742.0,1012.9257522212309,1250.6606190476195,1201.8880468750267,1229.0936,1083.4445
2025-12-17 16:00:00,1126.0,940.0,1228.1511071131736,1484.794700396825,1338.4441489520098,1463.2386,1314.7158
2025-12-17 17:00:00,1501.0,1294.0,1355.8814948900429,1484.700150793651,1533.3509045063772,1578.7994,1511.971
2025-12-17 18:00:00,1213.0,1001.0,1287.5101526351227,1235.054906746032,1286.4980268223112,1267.035,1108.5587
2025-12-17 19:00:00,873.0,673.0,970.5680554866585,922.4946726190475,925.9352203521266,930.84204,828.65906
2025-12-17 20:00:00,512.0,450.0,678.7067162704218,642.9481726190475,641.9690109003872,641.02527,652.7513
2025-12-17 21:00:00,477.0,398.0,552.6628585938935,547.1495496031747,547.6441900181533,537.2612,498.71536
2025-12-17 22:00:00,332.0,282.0,401.82642016453394,418.0352440476189,408.27464779817154,405.68323,379.45953
2025-12-17 23:00:00,242.0,163.0,219.83202269403233,278.3014424603174,270.80141743245844,272.50272,213.22852
2025-12-18 00:00:00,99.0,83.0,206.99591114506774,120.96452777777772,115.10886031635162,119.44042,93.02643
2025-12-18 01:00:00,43.0,42.0,69.91227314242201,52.89175595238095,53.53070059955429,56.300056,26.86792
2025-12-18 02:00:00,23.0,19.0,0.0,27.829494047619047,32.82378324966577,29.66547,0.0
2025-12-18 03:00:00,15.0,14.0,0.0,17.056101190476195,18.57440825625261,18.477226,1.1333008
2025-12-18 04:00:00,32.0,31.0,0.0,40.8648869047619,40.24274286392061,44.739067,8.1814575
2025-12-18 05:00:00,123.0,111.0,133.91553073677744,157.79655357142852,151.99825474557483,149.41396,94.62915
2025-12-18 06:00:00,291.0,282.0,368.0097777424646,332.25661706349194,334.79076700818723,327.83572,360.18243
2025-12-18 07:00:00,646.0,650.0,813.1001698131089,842.0621904761905,808.1997555360633,791.2577,825.83936
2025-12-18 08:00:00,1246.0,1227.0,1236.9698268457764,1347.101307539683,1382.0948393493886,1368.0486,1281.1128
2025-12-18 09:00:00,704.0,728.0,1048.7169268122761,920.3087797619047,822.2955755027305,856.4434,781.374
2025-12-18 10:00:00,443.0,444.0,636.1537201564246,590.6451666666669,576.485085367555,605.22174,509.8366
2025-12-18 11:00:00,483.0,442.0,540.0548527233162,571.9949107142857,579.2005558733503,590.5136,569.4306
2025-12-18 12:00:00,595.0,507.0,668.5631924239789,759.120339285714,728.7642724281001,742.29083,657.61237
2025-12-18 13:00:00,672.0,573.0,767.6002529924026,888.6738035714288,873.4382584241257,878.8081,713.0654
2025-12-18 14:00:00,665.0,615.0,852.286694823187,880.5060894660896,912.8230928300542,941.6057,936.9254
2025-12-18 15:00:00,1058.0,939.0,1117.606632803128,1346.7980000000002,1275.033996220046,1308.1505,1178.1931
2025-12-18 16:00:00,1275.0,1126.0,1328.8348519142332,1702.6897678571431,1530.5275566739429,1616.0553,1360.1799
2025-12-18 17:00:00,1526.0,1501.0,1450.9408455069497,1631.2239900793654,1643.543591286226,1683.5835,1542.4417
2025-12-18 18:00:00,1204.0,1213.0,1443.0202022459243,1534.045748015873,1477.8926770611652,1539.6517,1122.2585
2025-12-18 19:00:00,758.0,873.0,984.888344912797,888.6087857142854,908.0042320574048,922.6817,927.8838
2025-12-18 20:00:00,427.0,512.0,539.5637589668645,541.7947023809523,535.7922889661693,535.12537,642.25555
2025-12-18 21:00:00,340.0,477.0,370.8996678645011,404.12730357142857,396.3264612039974,395.38416,430.84692
2025-12-18 22:00:00,278.0,332.0,300.79321348665314,359.74524206349196,346.23712338991464,339.36996,320.39697
2025-12-18 23:00:00,182.0,242.0,129.31326645280183,219.25529166666666,204.5139845731231,198.8084,231.27966
2025-12-19 00:00:00,133.0,99.0,244.27100206275264,155.9858630952381,156.56620623686433,157.3075,111.624695
2025-12-19 01:00:00,53.0,43.0,98.27114427509957,67.30772420634919,67.38480506293924,74.971664,63.06543
2025-12-19 02:00:00,35.0,23.0,0.0,38.85839484126983,37.78257520628932,41.768337,21.413452
2025-12-19 03:00:00,18.0,15.0,0.0,26.849291666666677,28.050405577138516,32.08112,12.851196
2025-12-19 04:00:00,37.0,32.0,0.0,52.46120833333333,50.137747563145396,54.769684,26.109314
2025-12-19 05:00:00,94.0,123.0,54.98586346890863,119.82433928571432,105.68556660106358,107.971115,84.74298
2025-12-19 06:00:00,216.0,291.0,244.83002580513,262.01167857142855,241.62974836181627,244.99152,203.7864
2025-12-19 07:00:00,425.0,646.0,612.0626615262537,527.4735575396825,555.0317552861846,549.4985,471.7492
2025-12-19 08:00:00,456.0,1246.0,773.2640561420619,558.5107321428571,612.0727631394195,580.8838,802.4121
2025-12-19 09:00:00,369.0,704.0,546.8346167628232,488.12562500000024,496.23246756407156,491.21057,350.7211
2025-12-19 10:00:00,464.0,443.0,565.8751629529146,656.5723869047619,637.7457145012266,633.2834,337.96396
2025-12-19 11:00:00,506.0,483.0,591.6125915309104,684.8371230158732,679.4323484395808,684.49274,624.50305
2025-12-19 12:00:00,659.0,595.0,716.485916823548,848.2374503968254,773.1932670218274,814.6175,807.28516
2025-12-19 13:00:00,686.0,672.0,852.5282679749225,876.7184446248198,851.0492565209174,885.20667,903.75696
2025-12-19 14:00:00,780.0,665.0,875.8981119976931,880.2743730158733,916.4546351572044,951.29803,1168.7849
2025-12-19 15:00:00,1098.0,1058.0,1196.613605267729,1418.891875,1343.2532225577731,1379.6006,1277.7805
2025-12-19 16:00:00,1076.0,1275.0,1260.2689087135411,1333.7985,1311.176702981909,1333.0018,1524.4308
2025-12-19 17:00:00,1060.0,1526.0,1297.1828881849724,1288.0906369047618,1321.8106268348624,1326.2501,1362.1809
2025-12-19 18:00:00,738.0,1204.0,1055.3019085279425,966.7451666666664,951.4950338828224,970.9154,973.8303
2025-12-19 19:00:00,570.0,758.0,778.0599312041593,710.1803392857145,709.7648740673367,716.4751,603.05237
2025-12-19 20:00:00,374.0,427.0,480.2853717236834,479.0200317460317,483.3325596181695,475.9712,494.35663
2025-12-19 21:00:00,298.0,340.0,346.9515686528745,391.2238551587302,388.16512235555484,370.88095,403.66156
2025-12-19 22:00:00,311.0,278.0,298.0163688015717,324.194869047619,343.8953625437321,320.62448,333.00632
2025-12-19 23:00:00,284.0,182.0,267.30479852784913,313.8574166666666,308.0037636280248,301.57462,262.6211
2025-12-20 00:00:00,205.0,133.0,403.37987891016815,222.7390059523809,224.90059694831663,227.29382,197.65848
2025-12-20 01:00:00,144.0,53.0,291.7645496332438,159.19119426406922,175.19919370253947,169.14319,130.69485
2025-12-20 02:00:00,97.0,35.0,190.9295035472394,75.22722619047619,80.10561686678837,88.29241,74.43848
2025-12-20 03:00:00,45.0,18.0,61.34405044884477,48.59221428571429,52.827935580376156,58.249527,35.896667
2025-12-20 04:00:00,27.0,37.0,2.555952775613946,37.43763095238096,39.38429692980034,40.92975,31.424011
2025-12-20 05:00:00,44.0,94.0,32.14375113231233,66.28955555555558,62.33658697067166,65.500175,38.21637
2025-12-20 06:00:00,65.0,216.0,72.30747324730169,94.373,86.73097035440301,85.64449,90.77673
2025-12-20 07:00:00,145.0,425.0,195.65959992690625,170.08473015873014,166.1145657103063,162.50198,150.77206
2025-12-20 08:00:00,233.0,456.0,334.2329078700693,304.7317976190476,293.3986065423513,285.99506,274.73294
2025-12-20 09:00:00,428.0,369.0,480.4928595693624,484.88508676046183,502.19794802408404,494.98846,449.78348
2025-12-20 10:00:00,598.0,464.0,679.6515447607482,707.3321607142857,719.9407502202674,720.42206,648.8125
2025-12-20 11:00:00,685.0,506.0,761.633899690622,745.5628928571432,768.0183453975146,759.56793,826.80365
2025-12-20 12:00:00,778.0,659.0,839.7602721470162,895.4136607142855,883.3874651292577,865.0954,902.7943
2025-12-20 13:00:00,775.0,686.0,918.3726932434337,945.7394027777779,964.3658315775581,971.4101,945.0436
2025-12-20 14:00:00,788.0,780.0,894.083995181498,936.5276448412698,912.1923158441472,903.26544,1004.4308
2025-12-20 15:00:00,861.0,1098.0,1011.1199030713658,948.7137003968254,974.533230746681,976.8489,940.1162
2025-12-20 16:00:00,749.0,1076.0,1035.459662652511,965.8777559523812,1037.684648150177,991.8595,896.5566
2025-12-20 17:00:00,662.0,1060.0,858.4764126396904,761.2922678571427,777.8664114035118,788.23944,825.3122
2025-12-20 18:00:00,514.0,738.0,676.6750975244775,610.7640714285715,626.4194132579414,619.06,608.4467
2025-12-20 19:00:00,430.0,570.0,550.7819302147274,551.7203750000001,534.6044234586823,514.3793,488.97137
2025-12-20 20:00:00,328.0,374.0,393.31947063729456,406.73374404761904,414.5381167613946,400.69897,427.7602
2025-12-20 21:00:00,303.0,298.0,326.20050947731346,336.1139067460319,345.87070581427236,345.6298,362.96423
2025-12-20 22:00:00,277.0,311.0,339.0568203716535,327.10286904761904,333.0248306660176,331.88782,318.09174
2025-12-20 23:00:00,288.0,284.0,362.1470539777729,363.2182797619046,354.27028844059294,337.19055,277.3508
2025-12-21 00:00:00,229.0,205.0,430.2251775267673,251.39840476190483,243.34926988358748,238.4701,233.90067
2025-12-21 01:00:00,132.0,144.0,259.30536243935956,128.44566468253964,139.2305722086258,140.39238,130.96106
2025-12-21 02:00:00,90.0,97.0,202.231271175943,110.69020833333337,110.52769259984723,107.55464,64.55182
2025-12-21 03:00:00,51.0,45.0,92.35503758053301,65.59509722222224,63.288608897456264,70.25841,42.85974
2025-12-21 04:00:00,29.0,27.0,0.0,30.38833333333334,35.53690185061328,39.104683,18.9104
2025-12-21 05:00:00,42.0,44.0,0.0,51.01151190476191,53.143731155281195,58.022915,25.418518
2025-12-21 06:00:00,75.0,65.0,25.917247349841205,90.31013798701296,89.14861006466923,90.500145,72.64197
2025-12-21 07:00:00,105.0,145.0,67.34240520012156,137.24458928571434,119.66061983707809,124.04091,131.83643
2025-12-21 08:00:00,200.0,233.0,231.75444959151918,265.30210515873,249.87042105402617,254.32176,228.06778
2025-12-21 09:00:00,353.0,428.0,448.05302263622673,430.41393253968243,457.9121932517545,450.23468,423.5711
2025-12-21 10:00:00,453.0,598.0,615.9512767217806,577.7319107142856,579.5241470989257,588.8215,604.1361
2025-12-21 11:00:00,551.0,685.0,675.0884126057603,632.8309702380953,647.2481145871766,644.91376,729.1064
2025-12-21 12:00:00,621.0,778.0,764.9583194784279,716.7528293650798,739.9893681316971,757.7781,753.6996
2025-12-21 13:00:00,580.0,775.0,663.4392476456026,600.7968154761904,618.404842212912,629.27466,827.2153
2025-12-21 14:00:00,591.0,788.0,737.4941406788721,702.8635813492065,746.4237372535974,724.7373,681.79083
2025-12-21 15:00:00,662.0,861.0,817.0469296392482,784.2992142857147,834.1743249651928,803.02026,721.7616
2025-12-21 16:00:00,616.0,749.0,775.7032261421977,725.9283095238096,749.1264648521702,739.0662,725.51135
2025-12-21 17:00:00,494.0,662.0,669.1738583537284,651.3333769841269,647.7142484465185,629.6196,611.5337
2025-12-21 18:00:00,424.0,514.0,530.2800925140252,544.4594940476193,535.302483818732,503.30612,466.75305
2025-12-21 19:00:00,266.0,430.0,361.27779769986523,383.65679166666666,372.8742371677417,359.74976,359.1086
2025-12-21 20:00:00,188.0,328.0,242.3749309476409,269.4828809523809,266.02236452881357,251.8993,249.2666
2025-12-21 21:00:00,265.0,303.0,264.9290038659279,287.797264069264,284.0763068408498,263.21936,182.99591
2025-12-21 22:00:00,209.0,277.0,253.25338821718083,258.26128968253965,269.97299567467303,253.61772,180.65057
2025-12-21 23:00:00,125.0,288.0,117.3106589451836,137.25670634920638,149.74376913618744,146.55621,129.20316
2025-12-22 00:00:00,74.0,229.0,247.03669283802122,108.53469642857148,99.19104143066127,99.30323,58.36212
2025-12-22 01:00:00,45.0,132.0,130.67605661855202,39.48462175324673,41.03910915793439,42.92132,23.630249
2025-12-22 02:00:00,21.0,90.0,45.3842862646884,33.302791666666685,36.104420798351484,32.49079,8.088135
2025-12-22 03:00:00,13.0,51.0,91.2290764910689,13.732418650793646,15.246515609540548,20.154022,2.470398
2025-12-22 04:00:00,27.0,29.0,3.2467394394930125,36.371019841269835,39.35253211141946,40.851974,0.0
2025-12-22 05:00:00,69.0,42.0,47.98740160530622,89.40361904761905,86.23455912980303,87.808105,85.71649
2025-12-22 06:00:00,171.0,75.0,172.94277912561432,188.30314285714292,180.43008633300136,178.4785,217.03113
2025-12-22 07:00:00,284.0,105.0,370.4998358704555,383.0427440476188,364.53135253448744,367.95282,421.37228
2025-12-22 08:00:00,533.0,200.0,642.3911653534724,739.0490119047618,751.6845498746413,727.4479,636.0927
2025-12-22 09:00:00,423.0,353.0,581.2609419036401,536.0296964285714,523.0267235203273,520.3633,484.30627
2025-12-22 10:00:00,355.0,453.0,521.766257002663,472.611244047619,473.2546002859605,462.36877,388.95688
2025-12-22 11:00:00,396.0,551.0,564.5762498147399,586.461333874459,542.3842313498124,540.21136,488.55188
2025-12-22 12:00:00,509.0,621.0,652.6977147594879,639.366363095238,635.6105857423023,644.3101,572.29645
2025-12-22 13:00:00,543.0,580.0,652.9818333361536,641.5950357142859,641.4414049016698,651.22736,630.5209
2025-12-22 14:00:00,548.0,591.0,722.436065872675,739.7288333333333,738.6795020571006,744.96344,693.90076
2025-12-22 15:00:00,690.0,662.0,809.0042485808083,882.738398809524,819.6094811505651,837.7086,803.6562
2025-12-22 16:00:00,783.0,616.0,939.7227096053,1017.4439404761905,994.7469550948358,992.99664,841.55505
2025-12-22 17:00:00,754.0,494.0,848.494908228005,974.0880932539683,1018.3877699823498,983.5195,995.15607
2025-12-22 18:00:00,529.0,424.0,683.7442338838639,697.2324888167386,729.6113935545105,724.22363,725.09454
2025-12-22 19:00:00,438.0,266.0,541.3114275154138,600.9416428571428,605.6357300673903,568.23914,470.17947
2025-12-22 20:00:00,243.0,188.0,266.86137991413693,317.7070357142858,321.61523266004656,310.38828,390.0341
2025-12-22 21:00:00,226.0,265.0,210.58349977004826,280.5174523809526,289.16162328383376,274.16562,267.35184
2025-12-22 22:00:00,209.0,209.0,235.7948865666669,283.2255041486292,281.4760753131556,265.46286,190.59204
2025-12-22 23:00:00,152.0,125.0,93.52073715276856,176.01524206349194,166.41695915944086,165.87343,132.08847
2025-12-23 00:00:00,70.0,74.0,167.01522939841226,84.86402182539685,84.55799728899953,85.51235,55.249817
2025-12-23 01:00:00,23.0,45.0,74.19217005633686,29.57867261904762,32.47637889905774,35.644978,17.76947
2025-12-23 02:00:00,7.0,21.0,1.649400430005926,10.29495833333333,13.733010574836289,18.873459,0.0
2025-12-23 03:00:00,9.0,13.0,0.0,11.548591269841268,13.404525704432364,12.178541,0.0
2025-12-23 04:00:00,27.0,27.0,0.0,28.104976190476194,31.383208669757117,35.140583,17.248535
2025-12-23 05:00:00,65.0,69.0,53.75212991637045,84.46553968253966,80.6939436879971,76.75665,97.44342
2025-12-23 06:00:00,128.0,171.0,162.5624752426885,164.2255714285714,162.97605514315444,158.994,235.72208
2025-12-23 07:00:00,187.0,284.0,269.45961576300783,245.28469841269853,246.73999619206768,247.66397,457.06845
2025-12-23 08:00:00,314.0,533.0,444.45364684016715,404.0620992063491,411.57619924746484,408.77667,444.27478
2025-12-23 09:00:00,327.0,423.0,470.9583232091298,446.4174146825395,460.575302656307,457.8921,206.98651
2025-12-23 10:00:00,315.0,355.0,410.2473513098986,425.38997023809515,432.24525209910166,433.4237,247.41003
2025-12-23 11:00:00,366.0,396.0,425.16286001339915,472.6712916666665,485.9841716644804,475.21103,430.65823
2025-12-23 12:00:00,426.0,509.0,453.08655372221307,490.6829821428571,497.2173790407177,493.21564,516.19794
2025-12-23 13:00:00,465.0,543.0,534.7332557358995,577.238716991342,552.877917834015,561.7206,538.3439
2025-12-23 14:00:00,595.0,548.0,709.6167775522217,848.9729206349207,763.1327294417317,794.90204,658.55
2025-12-23 15:00:00,617.0,690.0,844.1961740171297,894.2959484126983,899.4138252288624,901.0411,853.4908
2025-12-23 16:00:00,654.0,783.0,817.4089281747987,867.9196488095238,842.6555689658956,827.23303,922.41766
2025-12-23 17:00:00,642.0,754.0,862.3554263159534,962.0020456349207,959.3632887207363,925.88477,840.996
2025-12-23 18:00:00,476.0,529.0,621.3602211835453,636.8503809523808,609.8950512960238,612.31287,704.0602
2025-12-23 19:00:00,309.0,438.0,374.59344645634997,414.61091666666687,416.1566576379716,399.9866,433.80542
2025-12-23 20:00:00,284.0,243.0,274.97457685692905,347.3025357142857,354.710474665354,331.15018,295.13046
2025-12-23 21:00:00,251.0,226.0,212.69285863544974,289.8974841269842,296.6141594708967,277.70706,256.2753
2025-12-23 22:00:00,223.0,209.0,233.52716605867136,286.9265436507936,284.15076808638247,269.94437,205.0693
2025-12-23 23:00:00,136.0,152.0,100.7940051488273,182.24445833333334,175.77659699285576,165.20123,142.71332
2025-12-24 00:00:00,66.0,70.0,170.46897261549958,85.16013095238094,85.61225432474714,84.89935,77.792114
2025-12-24 01:00:00,36.0,23.0,95.90142318382016,43.2287261904762,43.2219750805388,42.416775,20.233887
2025-12-24 02:00:00,19.0,7.0,57.348410547760864,27.524607142857153,29.69833045677324,30.463259,5.2996826
2025-12-24 03:00:00,12.0,9.0,8.091790068775026,16.468273809523804,17.090386002416732,21.83371,0.0
2025-12-24 04:00:00,27.0,27.0,3.089028218391263,28.643595238095244,30.56792436278239,32.78616,19.496704
2025-12-24 05:00:00,49.0,65.0,25.601125726026453,58.66463293650798,58.62338596418048,57.28725,34.37201
2025-12-24 06:00:00,95.0,128.0,92.11887506219864,118.21003373015873,113.84096946323326,106.992065,84.6485
2025-12-24 07:00:00,136.0,187.0,168.03753016753564,189.4829265873016,183.9215882237552,177.89758,101.52661
2025-12-24 08:00:00,248.0,314.0,387.1065208196699,385.7011369047618,375.5132821139592,375.67877,180.06143
2025-12-24 09:00:00,339.0,327.0,461.94277871951465,441.2373214285713,449.4476284886955,434.64642,399.77588
2025-12-24 10:00:00,389.0,315.0,479.4996378960077,476.23373809523787,495.13195351334645,451.8118,435.9558
2025-12-24 11:00:00,424.0,366.0,529.0253947160228,474.35119047619014,503.3018242020316,499.72333,505.7652
2025-12-24 12:00:00,488.0,426.0,643.5791633351183,662.4674821428571,642.6343939000639,656.65045,600.50446
2025-12-24 13:00:00,581.0,465.0,685.9606404735665,704.5057738095238,708.3804004529258,701.7503,690.7023
2025-12-24 14:00:00,593.0,595.0,785.994373913745,736.7591845238094,797.1804909778555,777.0455,709.2301
2025-12-24 15:00:00,646.0,617.0,781.5120987005721,778.4398214285715,795.6359361110028,767.66956,785.05493
2025-12-24 16:00:00,499.0,654.0,689.0627245146801,648.7854940476192,674.4331913999583,626.002,743.6426
2025-12-24 17:00:00,330.0,642.0,470.4958423403092,452.09937301587297,452.59938201130575,462.43094,514.6852
2025-12-24 18:00:00,273.0,476.0,370.5554542024664,417.7532281746033,409.51854524589135,377.7452,354.1579
2025-12-24 19:00:00,195.0,309.0,211.9965313396512,280.36867261904763,279.37320347945183,256.95508,332.3739
2025-12-24 20:00:00,165.0,284.0,132.10143277289825,201.6834761904761,206.49903724841016,193.53983,268.69986
2025-12-24 21:00:00,137.0,251.0,124.91896823222595,192.00479761904757,205.64715989513306,184.03905,216.92386
2025-12-24 22:00:00,125.0,223.0,84.39988356254719,153.38833134920628,161.0089486865774,147.624,174.04703
2025-12-24 23:00:00,102.0,136.0,6.048538907592956,116.84064285714288,109.98925728947141,103.04417,119.62222
2025-12-25 00:00:00,72.0,66.0,195.60962359398206,87.75350198412694,83.72477926481496,88.09082,75.57294
2025-12-25 01:00:00,24.0,36.0,109.71640184463541,38.60398809523811,39.615657032329054,47.65535,70.29724
2025-12-25 02:00:00,23.0,19.0,57.14262722281046,20.639797619047613,26.88831645512707,33.87699,22.5307
2025-12-25 03:00:00,17.0,12.0,14.04232610279405,21.33566865079365,25.122056252377583,30.277344,8.8654785
2025-12-25 04:00:00,14.0,27.0,7.2017897459201095,17.3292738095238,17.608118667603986,27.741304,16.850891
2025-12-25 05:00:00,24.0,49.0,0.0,24.91502380952381,32.38663909010954,37.58463,60.608276
2025-12-25 06:00:00,41.0,95.0,0.0,47.493498015873,55.7285798319639,59.802795,71.2901
2025-12-25 07:00:00,68.0,136.0,7.259661158274639,84.53901587301588,82.87635132337846,89.80321,110.323456
2025-12-25 08:00:00,74.0,248.0,37.07361799924627,104.52101190476195,104.78994289157791,111.52986,124.84888
2025-12-25 09:00:00,108.0,339.0,87.54708578291684,138.48313095238092,142.623564491476,132.96162,163.121
2025-12-25 10:00:00,139.0,389.0,118.29690712625205,183.83233134920633,190.8984906574202,168.53966,187.22311
2025-12-25 11:00:00,175.0,424.0,156.2352092637094,201.60891666666654,226.64761852513035,209.33687,219.26813
2025-12-25 12:00:00,253.0,488.0,215.74700830250828,253.75529166666664,262.43770965490086,261.71918,274.92746
2025-12-25 13:00:00,328.0,581.0,424.39674135452645,381.8684583333333,395.7683903681812,396.7327,276.1109
2025-12-25 14:00:00,299.0,593.0,363.23530780928974,332.3671587301586,351.06351592523447,338.10376,338.65027
2025-12-25 15:00:00,356.0,646.0,439.0972106430712,396.67609722222215,423.65257234910194,410.05164,321.98846
2025-12-25 16:00:00,341.0,499.0,452.8076894546913,435.59626190476183,455.79808584502723,453.54456,282.8
2025-12-25 17:00:00,290.0,330.0,286.4230083713007,307.8999404761904,317.89299448172835,350.52213,271.27243
2025-12-25 18:00:00,180.0,273.0,114.43903125114633,187.80918452380948,197.89040434840766,205.43365,203.96835
2025-12-25 19:00:00,162.0,195.0,111.26331636426715,192.33005753968249,204.82301121231362,194.26402,135.56406
2025-12-25 20:00:00,126.0,165.0,90.50905447189405,158.5913906926407,179.15161873896787,166.52403,136.55817
2025-12-25 21:00:00,99.0,137.0,6.951494811667658,119.34566666666669,125.9395824264018,127.96739,140.37692
2025-12-25 22:00:00,115.0,125.0,88.71750861833607,153.31590259740258,155.9694649654506,154.06181,133.67221
2025-12-25 23:00:00,71.0,102.0,0.0,85.9047380952381,93.53408221890457,95.95486,109.591
2025-12-26 00:00:00,35.0,72.0,126.89577996539907,49.446615800865814,46.07522861211988,48.533398,65.390015
2025-12-26 01:00:00,24.0,24.0,75.61459550640552,28.774476190476193,30.987089622582015,32.59936,18.35785
2025-12-26 02:00:00,9.0,23.0,45.71143087393261,16.38269047619047,18.920748897475338,20.897465,0.0
2025-12-26 03:00:00,11.0,17.0,14.414808179772876,11.893458333333328,16.78799391683709,19.011255,0.0
2025-12-26 04:00:00,18.0,14.0,0.0,20.569229797979798,27.43303843581081,32.236023,0.0
2025-12-26 05:00:00,42.0,24.0,42.4610993221022,60.09097817460321,59.160644030274284,58.64059,11.519592
2025-12-26 06:00:00,81.0,41.0,67.15199806718158,112.80978769841273,105.13319236327361,98.83617,56.916016
2025-12-26 07:00:00,118.0,68.0,117.20649777148651,146.13744047619048,149.07782358182325,145.08429,155.54135
2025-12-26 08:00:00,155.0,74.0,153.50912322459857,204.97838095238086,198.70205459936636,199.72011,192.40591
2025-12-26 09:00:00,170.0,108.0,139.70958626069336,214.5787341269841,213.19979496902326,204.25299,261.8127
2025-12-26 10:00:00,233.0,139.0,182.55163533843051,278.46681547619033,253.85501006798566,251.14915,248.50851
2025-12-26 11:00:00,190.0,175.0,165.73393309933635,261.6050436507936,251.86528602621763,249.63496,299.79956
2025-12-26 12:00:00,195.0,253.0,137.57832292232666,268.03962301587313,244.33141607757668,246.15833,349.18704
2025-12-26 13:00:00,293.0,328.0,293.99253055343837,409.4579583333333,408.08978207728524,394.39157,327.95435
2025-12-26 14:00:00,381.0,299.0,374.25090708085446,516.7128214285716,494.42144153581654,473.8091,360.65656
2025-12-26 15:00:00,430.0,356.0,450.0263556527709,567.1712738095238,532.4869635744486,512.91595,420.9235
2025-12-26 16:00:00,362.0,341.0,423.9032953571778,515.246976190476,508.48126718526004,485.22208,436.18573
2025-12-26 17:00:00,267.0,290.0,267.9395035480276,350.6244615800866,349.7333692694555,354.3496,386.9896
2025-12-26 18:00:00,255.0,180.0,252.6823934370209,376.7803214285715,360.56163035611297,334.63162,278.56747
2025-12-26 19:00:00,189.0,162.0,176.3245737462717,289.8641309523808,291.01835677865546,262.24136,253.3306
2025-12-26 20:00:00,178.0,126.0,148.73785462741205,244.74100396825398,248.64950603005803,237.73665,233.5187
2025-12-26 21:00:00,146.0,99.0,97.7634541670833,186.54857936507938,202.12161023382657,193.20863,218.51505
2025-12-26 22:00:00,176.0,115.0,141.9360967077307,206.3685892857142,213.6392106005088,207.10411,179.86346
2025-12-26 23:00:00,135.0,71.0,99.59643887352706,188.96766666666662,194.20397545721474,177.5646,174.89627
2025-12-27 00:00:00,91.0,35.0,253.68397402233637,126.03442261904763,116.69337218141868,117.13788,116.19858
2025-12-27 01:00:00,65.0,24.0,195.5874977772292,84.60737499999998,80.03222525745588,85.745575,90.18579
2025-12-27 02:00:00,34.0,9.0,59.60587728090934,39.02046428571428,42.927866083940074,51.414925,38.308838
2025-12-27 03:00:00,31.0,11.0,45.69409720318856,37.335047619047614,45.84745639617578,46.585217,15.656555
2025-12-27 04:00:00,21.0,18.0,0.0,24.94974801587301,32.53938992220009,32.561455,3.4956665
2025-12-27 05:00:00,29.0,42.0,21.852754403922745,43.457978174603184,41.69325668184432,45.337284,15.976501
2025-12-27 06:00:00,53.0,81.0,10.391671387864562,60.14069444444448,68.69314200122146,64.88436,43.356018
2025-12-27 07:00:00,105.0,118.0,97.2860236418079,133.00296428571428,127.90214635255946,131.2046,91.3407
2025-12-27 08:00:00,155.0,155.0,143.94508327551478,183.7287202380952,170.36484748302414,176.07368,179.34113
2025-12-27 09:00:00,244.0,170.0,287.6770038724891,317.41429960317464,332.4620041699333,327.4229,272.15024
2025-12-27 10:00:00,271.0,233.0,306.23782130898275,347.9618353174602,372.2016940142172,354.342,443.20453
2025-12-27 11:00:00,306.0,190.0,312.7348685775119,405.9410535714285,394.9727389870497,398.3863,430.12323
2025-12-27 12:00:00,346.0,195.0,384.67859812600966,494.66652922077924,491.09364913451293,482.52774,480.06393
2025-12-27 13:00:00,399.0,293.0,448.4133560861849,546.3890595238096,533.7986128278269,511.68985,507.92712
2025-12-27 14:00:00,436.0,381.0,506.89455067211816,591.0550919913419,585.8142097098339,583.60297,505.0856
2025-12-27 15:00:00,511.0,430.0,570.8940781486447,624.0082857142854,622.7293258477091,609.35394,516.99835
2025-12-27 16:00:00,461.0,362.0,547.122142422898,593.8750357142858,617.2195769912203,579.78577,486.97626
2025-12-27 17:00:00,351.0,267.0,390.39932483185737,459.0259632034633,469.4390139271364,452.7711,464.93054
2025-12-27 18:00:00,307.0,255.0,317.5498658674885,414.69082142857127,405.37291838001244,384.12692,326.42197
2025-12-27 19:00:00,250.0,189.0,257.0196744890656,334.9520654761904,330.31251776016535,318.39334,280.49475
2025-12-27 20:00:00,194.0,178.0,221.67608920403438,277.5851071428571,278.2819188873683,259.21713,224.09927
2025-12-27 21:00:00,159.0,146.0,124.50142748650171,194.62420238095237,203.46864932303137,211.00302,208.36609
2025-12-27 22:00:00,189.0,176.0,199.44628763923856,244.56241666666654,239.63553068245858,233.4342,171.71695
2025-12-27 23:00:00,179.0,135.0,207.11119200732867,241.42845436507938,246.9775143679305,235.96475,159.11581
2025-12-28 00:00:00,121.0,91.0,293.05284737237616,147.02131944444443,143.19913298276052,142.78125,171.89066
2025-12-28 01:00:00,95.0,65.0,198.4024922433619,112.35479761904764,103.28581871385006,101.15147,89.23328
2025-12-28 02:00:00,78.0,34.0,147.15783904104046,88.26862103174604,84.79546606208433,86.46367,58.977295
2025-12-28 03:00:00,21.0,31.0,29.30847591347947,37.75335714285714,35.80218969731724,41.526653,23.684082
2025-12-28 04:00:00,30.0,21.0,6.430648015089105,36.70643650793651,41.66175489996695,45.292576,8.767639
2025-12-28 05:00:00,31.0,29.0,0.0,32.29066071428571,36.80519865753333,42.638596,14.869446
2025-12-28 06:00:00,49.0,53.0,0.0,59.74916865079367,59.52925311694336,62.14305,44.041443
2025-12-28 07:00:00,79.0,105.0,5.6265635135646335,104.81969444444445,98.4059862242391,93.430916,93.157715
2025-12-28 08:00:00,141.0,155.0,98.7734586604937,172.5492777777777,171.39255153464765,175.1732,149.6561
2025-12-28 09:00:00,226.0,244.0,231.35617955282316,286.59520238095223,273.49719257242094,271.3791,268.06622
2025-12-28 10:00:00,315.0,271.0,338.74879826911183,430.2116785714284,414.8970479834653,402.85568,371.28888
2025-12-28 11:00:00,331.0,306.0,348.3660982455851,389.8590555555554,397.23590123632744,401.30875,452.88504
2025-12-28 12:00:00,351.0,346.0,324.61720282824996,382.92979365079356,383.7928131483391,396.18686,462.42548
2025-12-28 13:00:00,416.0,399.0,423.44407782300283,507.2755813492065,497.2664300228199,489.7098,432.8436
2025-12-28 14:00:00,425.0,436.0,478.34862884808723,568.1054464285713,557.137866902593,543.8625,482.8664
2025-12-28 15:00:00,433.0,511.0,488.56900309868655,565.7540714285714,534.1116816084532,521.4539,462.4536
2025-12-28 16:00:00,472.0,461.0,556.5343920404648,661.5749761904761,647.4014493051296,626.64606,433.44418
2025-12-28 17:00:00,369.0,351.0,426.4964392133874,491.52409920634904,484.60670122229294,484.8486,458.36328
2025-12-28 18:00:00,304.0,307.0,331.5919913901765,422.5483690476189,415.0656960733585,395.14468,309.65677
2025-12-28 19:00:00,233.0,250.0,184.3899191891685,285.90975793650796,271.4734321912962,260.26846,218.70282
2025-12-28 20:00:00,216.0,194.0,179.5774646774878,274.56467261904766,269.9314513596465,249.65224,164.07019
2025-12-28 21:00:00,182.0,159.0,186.92825851854866,259.40586904761903,249.58413110969653,234.55342,162.8255
2025-12-28 22:00:00,161.0,189.0,153.53000383481503,218.527126984127,207.349853752886,201.38672,135.09271
2025-12-28 23:00:00,106.0,179.0,20.941038906326526,118.91107142857146,107.54011433953583,108.640114,121.19226
2025-12-29 00:00:00,58.0,121.0,130.48384822663184,67.14306746031747,62.1619921838,65.529106,56.70569
2025-12-29 01:00:00,36.0,95.0,70.3776079820135,44.50852655677655,43.23115487082159,45.319695,21.539917
2025-12-29 02:00:00,12.0,78.0,33.017439756607246,21.800680555555555,23.548577754745985,26.142681,25.989502
2025-12-29 03:00:00,10.0,21.0,0.0,13.85307738095238,17.029801490836498,17.258411,13.805481
2025-12-29 04:00:00,25.0,30.0,0.0,32.026045634920656,34.2320762371178,41.39627,0.0
2025-12-29 05:00:00,72.0,31.0,64.81996806616996,108.80644047619049,97.2298476115429,93.57101,66.70447
2025-12-29 06:00:00,162.0,49.0,159.39520984450422,173.27199801587292,179.56225127500977,170.44206,155.73666
2025-12-29 07:00:00,282.0,79.0,346.65286566944735,375.37883333333326,362.1414498689291,362.32434,317.09848
2025-12-29 08:00:00,470.0,141.0,605.8597498688646,691.5088015873013,692.2967005807491,694.48773,439.90198
2025-12-29 09:00:00,365.0,226.0,507.56082423695943,509.5307083333331,493.1224477790588,484.8963,499.92285
2025-12-29 10:00:00,334.0,315.0,426.7008399063758,462.101474206349,453.2013051866135,442.2688,416.8418
2025-12-29 11:00:00,366.0,331.0,422.0343833896689,495.8602916666666,473.6096007280937,463.357,478.28992
2025-12-29 12:00:00,465.0,351.0,525.4238027013405,625.8364920634917,625.0376676223387,624.6306,538.0128
2025-12-29 13:00:00,557.0,416.0,609.1776357497317,690.0824484126983,677.3151649247476,681.6733,633.44794
2025-12-29 14:00:00,563.0,425.0,626.5406103665026,672.5695357142857,667.658088459596,660.1118,697.8773
2025-12-29 15:00:00,620.0,433.0,782.4959083130916,880.2970595238095,840.0719470150468,832.3577,716.171
2025-12-29 16:00:00,646.0,472.0,784.1800938739551,877.8848571428571,838.1932268552308,823.23346,827.6664
2025-12-29 17:00:00,586.0,369.0,683.3011584243701,722.3852500000004,757.1691764077532,780.0699,778.2787
2025-12-29 18:00:00,408.0,304.0,533.7962907118707,572.5400952380954,565.9351361747295,545.6627,550.6046
2025-12-29 19:00:00,271.0,233.0,314.81019612494464,372.3654047619047,385.37063680200964,366.96884,372.85455
2025-12-29 20:00:00,212.0,216.0,241.656313709708,314.7747678571428,298.0471721390779,289.47025,265.0974
2025-12-29 21:00:00,165.0,182.0,160.3616164388602,234.81424999999993,223.33684694587942,208.4583,213.34558
2025-12-29 22:00:00,134.0,161.0,100.46531125344507,175.4040337301587,175.67350604616203,170.69771,153.29636
2025-12-29 23:00:00,96.0,106.0,8.27064572938366,128.31399404761902,116.04824223295827,106.42215,114.33789
2025-12-30 00:00:00,54.0,58.0,141.77947951564494,63.07150793650795,60.5681742717633,63.237743,64.20734
2025-12-30 01:00:00,30.0,36.0,59.81218098897034,34.454642857142844,37.494433303601866,42.362408,27.898499
2025-12-30 02:00:00,13.0,12.0,49.4892596711245,17.87000992063491,16.255453903908922,17.728287,4.4196167
2025-12-30 03:00:00,7.0,10.0,27.613757604057014,12.320577380952379,13.548558560299595,19.13959,15.773804
2025-12-30 04:00:00,25.0,25.0,4.06325373541074,33.98979365079366,36.55405320051132,41.51515,50.412537
2025-12-30 05:00:00,56.0,72.0,73.84958769214461,77.27037896825397,72.07372312811023,71.9697,127.24292
2025-12-30 06:00:00,145.0,162.0,198.32943881098322,173.65833928571422,175.72016617720567,169.38768,204.47388
2025-12-30 07:00:00,245.0,282.0,422.6998969720408,398.1320714285715,382.46485253080374,369.32153,377.02905
2025-12-30 08:00:00,404.0,470.0,570.6082341131705,487.6896011904762,535.2890533213383,508.93677,538.29364
2025-12-30 09:00:00,339.0,365.0,497.1055348886799,435.10693253968276,427.9189717978212,440.74286,355.15717
2025-12-30 10:00:00,284.0,334.0,371.82854624028516,395.6249642857144,373.1252453022118,373.7203,330.01807
2025-12-30 11:00:00,342.0,366.0,428.5004098784393,471.87320779220767,465.39253363466577,453.44907,400.11343
2025-12-30 12:00:00,345.0,465.0,434.59647838508783,462.6242202380952,467.94257252648833,460.07834,455.39795
2025-12-30 13:00:00,416.0,557.0,521.1381499853899,557.5571488095238,539.8398447666747,525.8822,444.35635
2025-12-30 14:00:00,413.0,563.0,574.9468097335441,588.5355595238093,574.3126368714209,582.61285,533.1368
2025-12-30 15:00:00,537.0,620.0,675.8217757919151,724.6817261904762,720.6299291580422,707.05524,643.7685
2025-12-30 16:00:00,536.0,646.0,675.6966431980105,676.1409960317459,672.7197565716825,646.2208,675.7112
2025-12-30 17:00:00,563.0,586.0,730.3699952116008,754.1889444444442,783.4900594354335,805.07733,660.8475
2025-12-30 18:00:00,399.0,408.0,532.9735525103954,544.1214781746033,540.7138410757364,525.08325,563.5001
2025-12-30 19:00:00,306.0,271.0,374.22179519089747,412.77134523809536,415.8921673890827,400.1792,359.4175
2025-12-30 20:00:00,198.0,212.0,209.4810949279921,288.5296845238096,274.59265588519463,265.29614,288.4287
2025-12-30 21:00:00,175.0,165.0,147.20044807888712,223.94964880952384,214.07561366596588,207.42902,210.48914
2025-12-30 22:00:00,154.0,134.0,154.928288670264,203.1037658730158,211.4288856505702,199.83907,155.39346
2025-12-30 23:00:00,133.0,96.0,82.28743198973143,153.82084307359307,161.67985847074348,148.7113,129.01959
2025-12-31 00:00:00,66.0,54.0,191.35202261068912,80.60508333333331,76.85211140199023,75.81412,81.272156
2025-12-31 01:00:00,18.0,30.0,86.16967078986738,30.31114285714287,31.264405367452728,30.458307,39.709473
2025-12-31 02:00:00,21.0,13.0,86.23379440602082,27.43536309523809,30.57954989662478,28.671936,7.4904175
2025-12-31 03:00:00,8.0,7.0,0.0,13.041035714285709,14.875813414215724,18.455698,19.851501
2025-12-31 04:00:00,18.0,25.0,31.594548439542564,28.195023809523803,30.55477845591488,31.742178,32.982727
2025-12-31 05:00:00,52.0,56.0,50.51728652803024,72.53892063492066,70.7437845763227,68.452705,75.82733
2025-12-31 06:00:00,128.0,145.0,194.4983044665238,175.99175396825387,173.8235089550834,161.0032,169.42682
2025-12-31 07:00:00,226.0,245.0,341.26986416579064,304.95778841991336,297.7132737552882,286.4856,257.6625
2025-12-31 08:00:00,308.0,404.0,506.2886433087302,435.7329623015874,463.48965849267125,456.3355,370.75897
2025-12-31 09:00:00,331.0,339.0,433.30995066965124,424.1992916666667,405.7252878212296,405.61725,352.94778
2025-12-31 10:00:00,313.0,284.0,397.587583901765,417.23924999999997,391.5841487223503,389.97284,334.39923
2025-12-31 11:00:00,404.0,342.0,470.9455470873336,476.6953035714285,491.3021706622128,484.1871,412.7739
2025-12-31 12:00:00,449.0,345.0,562.6156150375492,581.5569583333331,588.547181084379,587.11694,478.75977
2025-12-31 13:00:00,523.0,416.0,606.5407939061467,656.4990515873017,635.8654943694625,629.65576,552.4549
2025-12-31 14:00:00,552.0,413.0,653.7567842674184,685.1517698412704,687.2176494290873,686.5784,638.88
2025-12-31 15:00:00,620.0,537.0,773.811065208786,883.8150376984128,870.7819180805121,859.81616,729.10474
2025-12-31 16:00:00,554.0,536.0,736.9231469080792,734.9633730158727,741.878547980435,729.214,835.7506
2025-12-31 17:00:00,425.0,563.0,565.4246774901684,567.1067321428573,566.4913626837985,562.0569,747.2336
2025-12-31 18:00:00,396.0,399.0,476.77278149926855,472.1226626984128,499.5789184855952,473.9106,441.06366
2025-12-31 19:00:00,374.0,306.0,420.30558409354796,429.3385476190478,450.982596888893,431.17062,363.06668
2025-12-31 20:00:00,302.0,198.0,343.8850391641058,410.2050595238095,394.5603387752172,370.3407,338.68176
2025-12-31 21:00:00,267.0,175.0,298.9651113103738,336.33491071428574,347.9593698080406,332.00882,289.34277
2025-12-31 22:00:00,219.0,154.0,223.57476636611756,262.7949107142856,261.47771302103007,247.43645,225.28021
2025-12-31 23:00:00,232.0,133.0,246.00369589784373,280.2750297619048,272.31798141836936,254.80484,148.62009
